gameid,datacompleteness,url,league,year,split,playoffs,date,game,patch,participantid,side,position,playername,playerid,teamname,teamid,firstPick,champion,ban1,ban2,ban3,ban4,ban5,pick1,pick2,pick3,pick4,pick5,gamelength,result,kills,deaths,assists,teamkills,teamdeaths,doublekills,triplekills,quadrakills,pentakills,firstblood,firstbloodkill,firstbloodassist,firstbloodvictim,team kpm,ckpm,firstdragon,dragons,opp_dragons,elementaldrakes,opp_elementaldrakes,infernals,mountains,clouds,oceans,chemtechs,hextechs,dragons (type unknown),elders,opp_elders,firstherald,heralds,opp_heralds,void_grubs,opp_void_grubs,firstbaron,barons,opp_barons,atakhans,opp_atakhans,firsttower,towers,opp_towers,firstmidtower,firsttothreetowers,turretplates,opp_turretplates,inhibitors,opp_inhibitors,damagetochampions,dpm,damageshare,damagetakenperminute,damagemitigatedperminute,damagetotowers,wardsplaced,wpm,wardskilled,wcpm,controlwardsbought,visionscore,vspm,totalgold,earnedgold,earned gpm,earnedgoldshare,goldspent,gspd,gpr,total cs,minionkills,monsterkills,monsterkillsownjungle,monsterkillsenemyjungle,cspm,goldat10,xpat10,csat10,opp_goldat10,opp_xpat10,opp_csat10,golddiffat10,xpdiffat10,csdiffat10,killsat10,assistsat10,deathsat10,opp_killsat10,opp_assistsat10,opp_deathsat10,goldat15,xpat15,csat15,opp_goldat15,opp_xpat15,opp_csat15,golddiffat15,xpdiffat15,csdiffat15,killsat15,assistsat15,deathsat15,opp_killsat15,opp_assistsat15,opp_deathsat15,goldat20,xpat20,csat20,opp_goldat20,opp_xpat20,opp_csat20,golddiffat20,xpdiffat20,csdiffat20,killsat20,assistsat20,deathsat20,opp_killsat20,opp_assistsat20,opp_deathsat20,goldat25,xpat25,csat25,opp_goldat25,opp_xpat25,opp_csat25,golddiffat25,xpdiffat25,csdiffat25,killsat25,assistsat25,deathsat25,opp_killsat25,opp_assistsat25,opp_deathsat25
LOLTMNT01_412882,complete,,MSI,2026,,0,2026-06-28 03:10:49,1,16.13,1,Blue,top,Doran,oe:player:a1f3b2bb3f36e5113237f92d76dc4c8,T1,oe:team:ce499dea30cfce118f4fe85da0227e8,1.0,Gnar,Naafiri,Rakan,Nocturne,Lee Sin,Jarvan IV,,,,,,1568,1,3,2,8,25,12,1.0,0.0,0.0,0.0,0.0,0.0,0.0,0.0,0.9566,1.4158,,,,,,,,,,,,,,,,,,,,,0.0,0.0,,,,,,,,,,0.0,0.0,13344,510.6122,0.157423,644.8852,695.1276,13634.0,10,0.3827,5,0.1913,3,33,1.2628,11548,8074,308.9541,0.188367,11358,,,232.0,232.0,0,,,8.8776,3584.0,5472.0,106.0,3347.0,5211.0,93.0,237.0,261.0,13.0,0.0,0.0,0.0,0.0,0.0,0.0,5018.0,8591.0,139.0,5793.0,9074.0,148.0,-775.0,-483.0,-9.0,0.0,1.0,1.0,2.0,0.0,1.0,8357.0,12384.0,197.0,8241.0,12317.0,208.0,116.0,67.0,-11.0,1.0,2.0,1.0,2.0,1.0,2.0,11002.0,15921.0,232.0,10510.0,15012.0,253.0,492.0,909.0,-21.0,3.0,4.0,1.0,3.0,1.0,3.0
LOLTMNT01_412882,complete,,MSI,2026,,0,2026-06-28 03:10:49,1,16.13,2,Blue,jng,Oner,oe:player:f8b68f268106124fc4bc1c946adc9b0,T1,oe:team:ce499dea30cfce118f4fe85da0227e8,1.0,Xin Zhao,Naafiri,Rakan,Nocturne,Lee Sin,Jarvan IV,,,,,,1568,1,5,1,11,25,12,2.0,0.0,0.0,0.0,0.0,0.0,0.0,0.0,0.9566,1.4158,,,,,,,,,,,,,,,,,,,,,1.0,0.0,,,,,,,,,,1.0,0.0,15833,605.8546,0.186787,1375.1403,1008.9796,6007.0,9,0.3444,6,0.2296,7,42,1.6071,12564,9090,347.8316,0.212071,10175,,,197.0,12.0,185,,,7.5383,3337.0,4084.0,74.0,3403.0,3937.0,75.0,-66.0,147.0,-1.0,0.0,0.0,0.0,0.0,1.0,0.0,5221.0,6861.0,112.0,5502.0,6512.0,112.0,-281.0,349.0,0.0,0.0,2.0,1.0,1.0,3.0,1.0,7906.0,10218.0,153.0,7111.0,8893.0,146.0,795.0,1325.0,7.0,1.0,6.0,1.0,1.0,4.0,2.0,10812.0,13797.0,193.0,8892.0,11189.0,173.0,1920.0,2608.0,20.0,3.0,8.0,1.0,1.0,6.0,3.0
LOLTMNT01_412882,complete,,MSI,2026,,0,2026-06-28 03:10:49,1,16.13,3,Blue,mid,Faker,oe:player:e1edfc5cea461399a63cb813cf795cc,T1,oe:team:ce499dea30cfce118f4fe85da0227e8,1.0,Orianna,Naafiri,Rakan,Nocturne,Lee Sin,Jarvan IV,,,,,,1568,1,7,1,11,25,12,2.0,0.0,0.0,0.0,0.0,0.0,0.0,0.0,0.9566,1.4158,,,,,,,,,,,,,,,,,,,,,0.0,0.0,,,,,,,,,,0.0,0.0,25021,957.4362,0.295181,581.0204,562.9209,13555.0,12,0.4592,8,0.3061,3,43,1.6454,13701,10227,391.3393,0.238599,10925,,,263.0,259.0,4,,,10.0638,3879.0,4965.0,108.0,3658.0,4876.0,88.0,221.0,89.0,20.0,0.0,0.0,0.0,1.0,0.0,0.0,6567.0,8144.0,159.0,4984.0,7145.0,124.0,1583.0,999.0,35.0,3.0,0.0,0.0,1.0,0.0,2.0,9774.0,11316.0,207.0,7558.0,9553.0,168.0,2216.0,1763.0,39.0,5.0,4.0,0.0,2.0,1.0,4.0,12275.0,16004.0,248.0,10680.0,12290.0,220.0,1595.0,3714.0,28.0,5.0,8.0,1.0,3.0,2.0,5.0
LOLTMNT01_412882,complete,,MSI,2026,,0,2026-06-28 03:10:49,1,16.13,4,Blue,bot,Peyz,oe:player:5bbc2b92348d930ebd500cb9ce71bb7,T1,oe:team:ce499dea30cfce118f4fe85da0227e8,1.0,Mel,Naafiri,Rakan,Nocturne,Lee Sin,Jarvan IV,,,,,,1568,1,6,3,9,25,12,1.0,0.0,0.0,0.0,1.0,0.0,1.0,0.0,0.9566,1.4158,,,,,,,,,,,,,,,,,,,,,0.0,0.0,,,,,,,,,,1.0,0.0,19120,731.6327,0.225565,562.7679,309.7959,5465.0,11,0.4209,3,0.1148,4,17,0.6505,13513,10039,384.1454,0.234213,13450,,,259.0,259.0,0,,,9.9107,3552.0,4826.0,94.0,3683.0,3927.0,92.0,-131.0,899.0,2.0,0.0,1.0,0.0,0.0,0.0,1.0,6728.0,8362.0,154.0,5680.0,5988.0,126.0,1048.0,2374.0,28.0,3.0,1.0,0.0,1.0,0.0,3.0,10182.0,11056.0,200.0,7635.0,7939.0,168.0,2547.0,3117.0,32.0,6.0,3.0,1.0,1.0,0.0,5.0,12762.0,14700.0,258.0,9550.0,10268.0,219.0,3212.0,4432.0,39.0,6.0,6.0,2.0,1.0,0.0,6.0
LOLTMNT01_412882,complete,,MSI,2026,,0,2026-06-28 03:10:49,1,16.13,5,Blue,sup,Keria,oe:player:db79ce6ad35451c938fbe2995dabd37,T1,oe:team:ce499dea30cfce118f4fe85da0227e8,1.0,Camille,Naafiri,Rakan,Nocturne,Lee Sin,Jarvan IV,,,,,,1568,1,4,5,10,25,12,0.0,0.0,0.0,0.0,1.0,1.0,0.0,0.0,0.9566,1.4158,,,,,,,,,,,,,,,,,,,,,0.0,0.0,,,,,,,,,,0.0,0.0,11447,438.023,0.135044,768.8265,639.7577,2217.0,54,2.0663,13,0.4974,28,110,4.2092,8907,5433,207.8954,0.12675,8170,,,32.0,32.0,0,,,1.2245,2719.0,2269.0,17.0,2380.0,2183.0,10.0,339.0,86.0,7.0,1.0,0.0,1.0,0.0,1.0,0.0,4085.0,3283.0,25.0,3658.0,3742.0,19.0,427.0,-459.0,6.0,1.0,2.0,3.0,0.0,3.0,0.0,6101.0,5853.0,26.0,5070.0,5392.0,22.0,1031.0,461.0,4.0,2.0,5.0,4.0,1.0,4.0,2.0,7993.0,8336.0,32.0,6346.0,7114.0,23.0,1647.0,1222.0,9.0,3.0,7.0,4.0,1.0,6.0,3.0
LOLTMNT01_412882,complete,,MSI,2026,,0,2026-06-28 03:10:49,1,16.13,6,Red,top,Morgan,oe:player:f73dde2d8c7879ae8d1fcdc03c4ffeb,Team Liquid,oe:team:8eb884e168f28402ce685bedebb5250,0.0,Yasuo,Jayce,Cassiopeia,Varus,Vi,Poppy,,,,,,1568,0,3,4,3,12,25,1.0,0.0,0.0,0.0,0.0,0.0,0.0,0.0,0.4592,1.4158,,,,,,,,,,,,,,,,,,,,,0.0,0.0,,,,,,,,,,0.0,0.0,12523,479.1964,0.191483,608.9541,773.1505,7084.0,7,0.2679,2,0.0765,2,22,0.8418,10868,7394,282.9337,0.232437,10900,,,257.0,257.0,0,,,9.8342,3347.0,5211.0,93.0,3584.0,5472.0,106.0,-237.0,-261.0,-13.0,0.0,0.0,0.0,0.0,0.0,0.0,5793.0,9074.0,148.0,5018.0,8591.0,139.0,775.0,483.0,9.0,2.0,0.0,1.0,0.0,1.0,1.0,8241.0,12317.0,208.0,8357.0,12384.0,197.0,-116.0,-67.0,11.0,2.0,1.0,2.0,1.0,2.0,1.0,10510.0,15012.0,253.0,11002.0,15921.0,232.0,-492.0,-909.0,21.0,3.0,1.0,3.0,3.0,4.0,1.0
LOLTMNT01_412882,complete,,MSI,2026,,0,2026-06-28 03:10:49,1,16.13,7,Red,jng,Josedeodo,oe:player:52b4f060a577ff87c99118d97fa75f4,Team Liquid,oe:team:8eb884e168f28402ce685bedebb5250,0.0,Wukong,Jayce,Cassiopeia,Varus,Vi,Poppy,,,,,,1568,0,2,4,8,12,25,0.0,0.0,0.0,0.0,0.0,0.0,0.0,0.0,0.4592,1.4158,,,,,,,,,,,,,,,,,,,,,0.0,1.0,,,,,,,,,,0.0,1.0,13590,520.0255,0.207798,999.6046,731.5944,0.0,8,0.3061,12,0.4592,4,44,1.6837,9557,6083,232.7679,0.191223,8833,,,173.0,12.0,161,,,6.6199,3403.0,3937.0,75.0,3337.0,4084.0,74.0,66.0,-147.0,1.0,0.0,1.0,0.0,0.0,0.0,0.0,5502.0,6512.0,112.0,5221.0,6861.0,112.0,281.0,-349.0,0.0,1.0,3.0,1.0,0.0,2.0,1.0,7111.0,8893.0,146.0,7906.0,10218.0,153.0,-795.0,-1325.0,-7.0,1.0,4.0,2.0,1.0,6.0,1.0,8892.0,11189.0,173.0,10812.0,13797.0,193.0,-1920.0,-2608.0,-20.0,1.0,6.0,3.0,3.0,8.0,1.0
LOLTMNT01_412882,complete,,MSI,2026,,0,2026-06-28 03:10:49,1,16.13,8,Red,mid,Quid,oe:player:8f8eaac8e99c203ee76e57c5c81c91f,Team Liquid,oe:team:8eb884e168f28402ce685bedebb5250,0.0,Akali,Jayce,Cassiopeia,Varus,Vi,Poppy,,,,,,1568,0,5,6,3,12,25,1.0,0.0,0.0,0.0,0.0,0.0,0.0,0.0,0.4592,1.4158,,,,,,,,,,,,,,,,,,,,,0.0,0.0,,,,,,,,,,0.0,0.0,19826,758.648,0.30315,917.0281,500.2806,1848.0,11,0.4209,4,0.1531,3,30,1.148,12131,8657,331.2628,0.272142,12225,,,221.0,220.0,1,,,8.4566,3658.0,4876.0,88.0,3879.0,4965.0,108.0,-221.0,-89.0,-20.0,1.0,0.0,0.0,0.0,0.0,0.0,4984.0,7145.0,124.0,6567.0,8144.0,159.0,-1583.0,-999.0,-35.0,1.0,0.0,2.0,3.0,0.0,0.0,7558.0,9553.0,168.0,9774.0,11316.0,207.0,-2216.0,-1763.0,-39.0,2.0,1.0,4.0,5.0,4.0,0.0,10680.0,12290.0,220.0,12275.0,16004.0,248.0,-1595.0,-3714.0,-28.0,3.0,2.0,5.0,5.0,8.0,1.0
LOLTMNT01_412882,complete,,MSI,2026,,0,2026-06-28 03:10:49,1,16.13,9,Red,bot,Yeon,oe:player:f6b8af05a5af22004a67a78f3046b92,Team Liquid,oe:team:8eb884e168f28402ce685bedebb5250,0.0,Caitlyn,Jayce,Cassiopeia,Varus,Vi,Poppy,,,,,,1568,0,1,7,3,12,25,0.0,0.0,0.0,0.0,0.0,0.0,0.0,1.0,0.4592,1.4158,,,,,,,,,,,,,,,,,,,,,0.0,0.0,,,,,,,,,,0.0,1.0,9724,372.0918,0.148685,596.0969,260.1658,2611.0,9,0.3444,5,0.1913,2,21,0.8036,10029,6555,250.8291,0.206061,10150,,,220.0,217.0,3,,,8.4184,3683.0,3927.0,92.0,3552.0,4826.0,94.0,131.0,-899.0,-2.0,0.0,0.0,1.0,0.0,1.0,0.0,5680.0,5988.0,126.0,6728.0,8362.0,154.0,-1048.0,-2374.0,-28.0,1.0,0.0,3.0,3.0,1.0,0.0,7635.0,7939.0,168.0,10182.0,11056.0,200.0,-2547.0,-3117.0,-32.0,1.0,0.0,5.0,6.0,3.0,1.0,9550.0,10268.0,219.0,12762.0,14700.0,258.0,-3212.0,-4432.0,-39.0,1.0,0.0,6.0,6.0,6.0,2.0
LOLTMNT01_412882,complete,,MSI,2026,,0,2026-06-28 03:10:49,1,16.13,10,Red,sup,CoreJJ,oe:player:05fafeaf23dc3285558a4e968970b9f,Team Liquid,oe:team:8eb884e168f28402ce685bedebb5250,0.0,Bard,Jayce,Cassiopeia,Varus,Vi,Poppy,,,,,,1568,0,1,4,7,12,25,0.0,0.0,0.0,0.0,0.0,0.0,0.0,0.0,0.4592,1.4158,,,,,,,,,,,,,,,,,,,,,0.0,0.0,,,,,,,,,,0.0,0.0,9737,372.5893,0.148884,686.977,600.0,0.0,43,1.6454,11,0.4209,21,100,3.8265,6596,3122,119.4643,0.098137,6305,,,23.0,23.0,0,,,0.8801,2380.0,2183.0,10.0,2719.0,2269.0,17.0,-339.0,-86.0,-7.0,0.0,1.0,0.0,1.0,0.0,1.0,3658.0,3742.0,19.0,4085.0,3283.0,25.0,-427.0,459.0,-6.0,0.0,3.0,0.0,1.0,2.0,3.0,5070.0,5392.0,22.0,6101.0,5853.0,26.0,-1031.0,-461.0,-4.0,1.0,4.0,2.0,2.0,5.0,4.0,6346.0,7114.0,23.0,7993.0,8336.0,32.0,-1647.0,-1222.0,-9.0,1.0,6.0,3.0,3.0,7.0,4.0
LOLTMNT01_412882,complete,,MSI,2026,,0,2026-06-28 03:10:49,1,16.13,100,Blue,team,,,T1,oe:team:ce499dea30cfce118f4fe85da0227e8,1.0,,Naafiri,Rakan,Nocturne,Lee Sin,Jarvan IV,Orianna,Mel,Camille,Xin Zhao,Gnar,1568,1,25,12,49,25,12,6.0,0.0,0.0,0.0,1.0,,,,0.9566,1.4158,0.0,2.0,1.0,2.0,1.0,0.0,1.0,1.0,0.0,0.0,0.0,,0.0,0.0,1.0,1.0,0.0,2.0,1.0,1.0,1.0,0.0,0.0,0.0,0.0,9.0,2.0,1.0,1.0,39.0,11.0,2.0,0.0,84765,3243.5587,,3932.6403,3216.5816,40878.0,96,3.6735,35,1.3393,45,245,9.375,60233,42861,1640.0893,,54078,0.110546,1.74,,794.0,189,,,37.6148,17071.0,21616.0,399.0,16471.0,20134.0,358.0,600.0,1482.0,41.0,1.0,1.0,1.0,1.0,2.0,1.0,27619.0,35241.0,589.0,25617.0,32461.0,529.0,2002.0,2780.0,60.0,7.0,6.0,5.0,5.0,6.0,7.0,42320.0,50827.0,783.0,35615.0,44094.0,712.0,6705.0,6733.0,71.0,15.0,20.0,7.0,7.0,10.0,15.0,54844.0,68758.0,963.0,45978.0,55873.0,888.0,8866.0,12885.0,75.0,20.0,33.0,9.0,9.0,15.0,20.0
LOLTMNT01_412882,complete,,MSI,2026,,0,2026-06-28 03:10:49,1,16.13,200,Red,team,,,Team Liquid,oe:team:8eb884e168f28402ce685bedebb5250,0.0,,Jayce,Cassiopeia,Varus,Vi,Poppy,Bard,Caitlyn,Akali,Wukong,Yasuo,1568,0,12,25,24,12,25,2.0,0.0,0.0,0.0,0.0,,,,0.4592,1.4158,1.0,1.0,2.0,1.0,2.0,0.0,0.0,0.0,0.0,0.0,1.0,,0.0,0.0,0.0,0.0,1.0,1.0,2.0,0.0,0.0,1.0,0.0,0.0,1.0,2.0,9.0,0.0,0.0,11.0,39.0,0.0,2.0,65400,2502.551,,3808.6607,2865.1913,11543.0,78,2.9847,34,1.301,32,217,8.3036,49181,31809,1217.1811,,48413,-0.110546,-1.74,,729.0,165,,,34.2092,16471.0,20134.0,358.0,17071.0,21616.0,399.0,-600.0,-1482.0,-41.0,1.0,2.0,1.0,1.0,1.0,1.0,25617.0,32461.0,529.0,27619.0,35241.0,589.0,-2002.0,-2780.0,-60.0,5.0,6.0,7.0,7.0,6.0,5.0,35615.0,44094.0,712.0,42320.0,50827.0,783.0,-6705.0,-6733.0,-71.0,7.0,10.0,15.0,15.0,20.0,7.0,45978.0,55873.0,888.0,54844.0,68758.0,963.0,-8866.0,-12885.0,-75.0,9.0,15.0,20.0,20.0,33.0,9.0
LOLTMNT01_411885,complete,,MSI,2026,,0,2026-06-28 03:57:16,2,16.13,1,Blue,top,Doran,oe:player:a1f3b2bb3f36e5113237f92d76dc4c8,T1,oe:team:ce499dea30cfce118f4fe85da0227e8,1.0,Ambessa,Naafiri,Rakan,Yone,Varus,Renekton,,,,,,2171,1,1,4,4,16,22,0.0,0.0,0.0,0.0,0.0,0.0,0.0,0.0,0.4422,1.0502,,,,,,,,,,,,,,,,,,,,,0.0,0.0,,,,,,,,,,0.0,0.0,13999,386.8908,0.157116,845.8591,1191.7089,9628.0,14,0.3869,6,0.1658,6,44,1.216,13572,8868,245.0852,0.181698,12450,,,317.0,301.0,16,,,8.7609,3557.0,5163.0,84.0,3826.0,5559.0,92.0,-269.0,-396.0,-8.0,1.0,0.0,1.0,1.0,0.0,1.0,5302.0,8477.0,133.0,5957.0,10204.0,144.0,-655.0,-1727.0,-11.0,1.0,0.0,2.0,2.0,0.0,1.0,6919.0,11368.0,181.0,7842.0,13239.0,183.0,-923.0,-1871.0,-2.0,1.0,0.0,3.0,2.0,1.0,1.0,9106.0,15323.0,240.0,9241.0,15770.0,224.0,-135.0,-447.0,16.0,1.0,0.0,4.0,2.0,2.0,1.0
LOLTMNT01_411885,complete,,MSI,2026,,0,2026-06-28 03:57:16,2,16.13,2,Blue,jng,Oner,oe:player:f8b68f268106124fc4bc1c946adc9b0,T1,oe:team:ce499dea30cfce118f4fe85da0227e8,1.0,Vi,Naafiri,Rakan,Yone,Varus,Renekton,,,,,,2171,1,3,6,7,16,22,0.0,0.0,0.0,0.0,1.0,0.0,1.0,0.0,0.4422,1.0502,,,,,,,,,,,,,,,,,,,,,2.0,0.0,,,,,,,,,,0.0,0.0,13743,379.8158,0.154242,947.4251,1016.1861,0.0,14,0.3869,18,0.4975,11,73,2.0175,13607,8903,246.0525,0.182415,11975,,,245.0,37.0,208,,,6.7711,4057.0,3915.0,70.0,3678.0,3709.0,70.0,379.0,206.0,0.0,2.0,1.0,2.0,1.0,2.0,0.0,5893.0,6498.0,118.0,5641.0,6112.0,107.0,252.0,386.0,11.0,2.0,2.0,3.0,2.0,4.0,0.0,7482.0,8673.0,153.0,7686.0,8591.0,138.0,-204.0,82.0,15.0,2.0,2.0,5.0,2.0,9.0,0.0,9513.0,11588.0,187.0,9475.0,10655.0,169.0,38.0,933.0,18.0,2.0,3.0,5.0,3.0,9.0,0.0
LOLTMNT01_411885,complete,,MSI,2026,,0,2026-06-28 03:57:16,2,16.13,3,Blue,mid,Faker,oe:player:e1edfc5cea461399a63cb813cf795cc,T1,oe:team:ce499dea30cfce118f4fe85da0227e8,1.0,Ryze,Naafiri,Rakan,Yone,Varus,Renekton,,,,,,2171,1,5,3,5,16,22,0.0,0.0,0.0,0.0,0.0,0.0,0.0,0.0,0.4422,1.0502,,,,,,,,,,,,,,,,,,,,,0.0,0.0,,,,,,,,,,1.0,0.0,26010,718.8392,0.291919,766.1262,566.0064,11661.0,20,0.5527,8,0.2211,6,62,1.7135,16812,12108,334.6292,0.248086,15000,,,351.0,348.0,3,,,9.7006,4011.0,5632.0,94.0,4532.0,4711.0,84.0,-521.0,921.0,10.0,1.0,2.0,0.0,2.0,2.0,2.0,5719.0,7841.0,137.0,7564.0,7812.0,143.0,-1845.0,29.0,-6.0,2.0,2.0,1.0,5.0,3.0,2.0,7845.0,10986.0,203.0,11216.0,10803.0,202.0,-3371.0,183.0,1.0,2.0,2.0,1.0,9.0,4.0,2.0,10591.0,15510.0,244.0,12578.0,12673.0,234.0,-1987.0,2837.0,10.0,3.0,2.0,1.0,9.0,5.0,3.0
LOLTMNT01_411885,complete,,MSI,2026,,0,2026-06-28 03:57:16,2,16.13,4,Blue,bot,Peyz,oe:player:5bbc2b92348d930ebd500cb9ce71bb7,T1,oe:team:ce499dea30cfce118f4fe85da0227e8,1.0,Kalista,Naafiri,Rakan,Yone,Varus,Renekton,,,,,,2171,1,7,4,4,16,22,2.0,1.0,0.0,0.0,1.0,1.0,0.0,0.0,0.4422,1.0502,,,,,,,,,,,,,,,,,,,,,0.0,0.0,,,,,,,,,,0.0,0.0,27176,751.064,0.305006,616.8033,498.0746,7591.0,13,0.3593,17,0.4698,3,54,1.4924,18835,14131,390.5389,0.289538,15425,,,381.0,357.0,24,,,10.5297,4754.0,3443.0,94.0,3185.0,3038.0,55.0,1569.0,405.0,39.0,3.0,1.0,1.0,1.0,3.0,2.0,6550.0,5510.0,134.0,5503.0,5297.0,98.0,1047.0,213.0,36.0,3.0,2.0,2.0,1.0,7.0,2.0,8123.0,7566.0,179.0,8650.0,7892.0,139.0,-527.0,-326.0,40.0,3.0,2.0,4.0,2.0,12.0,2.0,10387.0,10841.0,244.0,11028.0,10165.0,195.0,-641.0,676.0,49.0,3.0,2.0,4.0,2.0,13.0,2.0
LOLTMNT01_411885,complete,,MSI,2026,,0,2026-06-28 03:57:16,2,16.13,5,Blue,sup,Keria,oe:player:db79ce6ad35451c938fbe2995dabd37,T1,oe:team:ce499dea30cfce118f4fe85da0227e8,1.0,Renata Glasc,Naafiri,Rakan,Yone,Varus,Renekton,,,,,,2171,1,0,5,12,16,22,0.0,0.0,0.0,0.0,1.0,0.0,1.0,0.0,0.4422,1.0502,,,,,,,,,,,,,,,,,,,,,0.0,0.0,,,,,,,,,,0.0,0.0,8172,225.8498,0.0917172,580.4883,468.6135,586.0,96,2.6532,17,0.4698,45,168,4.643,9500,4796,132.5472,0.098262,8410,,,27.0,27.0,0,,,0.7462,2970.0,2951.0,9.0,2689.0,2472.0,11.0,281.0,479.0,-2.0,0.0,5.0,2.0,1.0,1.0,2.0,4080.0,3467.0,15.0,4003.0,4001.0,22.0,77.0,-534.0,-7.0,0.0,6.0,3.0,1.0,5.0,3.0,5133.0,3997.0,19.0,5954.0,6019.0,25.0,-821.0,-2022.0,-6.0,0.0,6.0,4.0,2.0,10.0,3.0,6390.0,5675.0,21.0,6920.0,7260.0,26.0,-530.0,-1585.0,-5.0,0.0,6.0,4.0,2.0,11.0,3.0
LOLTMNT01_411885,complete,,MSI,2026,,0,2026-06-28 03:57:16,2,16.13,6,Red,top,Morgan,oe:player:f73dde2d8c7879ae8d1fcdc03c4ffeb,Team Liquid,oe:team:8eb884e168f28402ce685bedebb5250,0.0,Rumble,Ziggs,Cassiopeia,Jayce,Sion,Nocturne,,,,,,2171,0,2,3,6,22,16,0.0,0.0,0.0,0.0,0.0,0.0,0.0,0.0,0.608,1.0502,,,,,,,,,,,,,,,,,,,,,0.0,0.0,,,,,,,,,,0.0,0.0,26313,727.2133,0.246566,539.2262,778.784,6479.0,22,0.608,3,0.0829,10,61,1.6859,12630,7926,219.0511,0.178754,12275,,,286.0,282.0,4,,,7.9042,3826.0,5559.0,92.0,3557.0,5163.0,84.0,269.0,396.0,8.0,1.0,0.0,1.0,1.0,0.0,1.0,5957.0,10204.0,144.0,5302.0,8477.0,133.0,655.0,1727.0,11.0,2.0,0.0,1.0,1.0,0.0,2.0,7842.0,13239.0,183.0,6919.0,11368.0,181.0,923.0,1871.0,2.0,2.0,1.0,1.0,1.0,0.0,3.0,9241.0,15770.0,224.0,9106.0,15323.0,240.0,135.0,447.0,-16.0,2.0,2.0,1.0,1.0,0.0,4.0
LOLTMNT01_411885,complete,,MSI,2026,,0,2026-06-28 03:57:16,2,16.13,7,Red,jng,Josedeodo,oe:player:52b4f060a577ff87c99118d97fa75f4,Team Liquid,oe:team:8eb884e168f28402ce685bedebb5250,0.0,Poppy,Ziggs,Cassiopeia,Jayce,Sion,Nocturne,,,,,,2171,0,3,1,12,22,16,0.0,0.0,0.0,0.0,0.0,0.0,0.0,0.0,0.608,1.0502,,,,,,,,,,,,,,,,,,,,,0.0,2.0,,,,,,,,,,0.0,0.0,16225,448.4109,0.152036,877.3653,1284.0166,3174.0,16,0.4422,20,0.5527,13,77,2.1281,12847,8143,225.0484,0.183648,12075,,,235.0,38.0,197,,,6.4947,3678.0,3709.0,70.0,4057.0,3915.0,70.0,-379.0,-206.0,0.0,1.0,2.0,0.0,2.0,1.0,2.0,5641.0,6112.0,107.0,5893.0,6498.0,118.0,-252.0,-386.0,-11.0,2.0,4.0,0.0,2.0,2.0,3.0,7686.0,8591.0,138.0,7482.0,8673.0,153.0,204.0,-82.0,-15.0,2.0,9.0,0.0,2.0,2.0,5.0,9475.0,10655.0,169.0,9513.0,11588.0,187.0,-38.0,-933.0,-18.0,3.0,9.0,0.0,2.0,3.0,5.0
LOLTMNT01_411885,complete,,MSI,2026,,0,2026-06-28 03:57:16,2,16.13,8,Red,mid,Quid,oe:player:8f8eaac8e99c203ee76e57c5c81c91f,Team Liquid,oe:team:8eb884e168f28402ce685bedebb5250,0.0,Taliyah,Ziggs,Cassiopeia,Jayce,Sion,Nocturne,,,,,,2171,0,9,4,8,22,16,2.0,1.0,0.0,0.0,0.0,0.0,0.0,0.0,0.608,1.0502,,,,,,,,,,,,,,,,,,,,,0.0,0.0,,,,,,,,,,0.0,1.0,28511,787.9595,0.267162,386.6145,236.1032,7824.0,18,0.4975,13,0.3593,6,70,1.9346,16462,11758,324.9562,0.265181,16550,,,334.0,298.0,36,,,9.2308,4532.0,4711.0,84.0,4011.0,5632.0,94.0,521.0,-921.0,-10.0,2.0,2.0,2.0,1.0,2.0,0.0,7564.0,7812.0,143.0,5719.0,7841.0,137.0,1845.0,-29.0,6.0,5.0,3.0,2.0,2.0,2.0,1.0,11216.0,10803.0,202.0,7845.0,10986.0,203.0,3371.0,-183.0,-1.0,9.0,4.0,2.0,2.0,2.0,1.0,12578.0,12673.0,234.0,10591.0,15510.0,244.0,1987.0,-2837.0,-10.0,9.0,5.0,3.0,3.0,2.0,1.0
LOLTMNT01_411885,complete,,MSI,2026,,0,2026-06-28 03:57:16,2,16.13,9,Red,bot,Yeon,oe:player:f6b8af05a5af22004a67a78f3046b92,Team Liquid,oe:team:8eb884e168f28402ce685bedebb5250,0.0,Senna,Ziggs,Cassiopeia,Jayce,Sion,Nocturne,,,,,,2171,0,6,4,13,22,16,1.0,0.0,0.0,0.0,0.0,0.0,0.0,1.0,0.608,1.0502,,,,,,,,,,,,,,,,,,,,,0.0,0.0,,,,,,,,,,0.0,0.0,27172,750.9535,0.254615,460.6541,288.807,4235.0,17,0.4698,11,0.304,5,48,1.3266,16654,11950,330.2626,0.269512,15785,,,277.0,277.0,0,,,7.6555,3185.0,3038.0,55.0,4754.0,3443.0,94.0,-1569.0,-405.0,-39.0,1.0,3.0,2.0,3.0,1.0,1.0,5503.0,5297.0,98.0,6550.0,5510.0,134.0,-1047.0,-213.0,-36.0,1.0,7.0,2.0,3.0,2.0,2.0,8650.0,7892.0,139.0,8123.0,7566.0,179.0,527.0,326.0,-40.0,2.0,12.0,2.0,3.0,2.0,4.0,11028.0,10165.0,195.0,10387.0,10841.0,244.0,641.0,-676.0,-49.0,2.0,13.0,2.0,3.0,2.0,4.0
LOLTMNT01_411885,complete,,MSI,2026,,0,2026-06-28 03:57:16,2,16.13,10,Red,sup,CoreJJ,oe:player:05fafeaf23dc3285558a4e968970b9f,Team Liquid,oe:team:8eb884e168f28402ce685bedebb5250,0.0,Nautilus,Ziggs,Cassiopeia,Jayce,Sion,Nocturne,,,,,,2171,0,2,4,14,22,16,0.0,0.0,0.0,0.0,0.0,0.0,0.0,0.0,0.608,1.0502,,,,,,,,,,,,,,,,,,,,,0.0,0.0,,,,,,,,,,0.0,0.0,8497,234.8319,0.0796211,577.3929,943.9152,3649.0,68,1.8793,13,0.3593,21,144,3.9797,9267,4563,126.1078,0.102905,8920,,,33.0,33.0,0,,,0.912,2689.0,2472.0,11.0,2970.0,2951.0,9.0,-281.0,-479.0,2.0,1.0,1.0,2.0,0.0,5.0,2.0,4003.0,4001.0,22.0,4080.0,3467.0,15.0,-77.0,534.0,7.0,1.0,5.0,3.0,0.0,6.0,3.0,5954.0,6019.0,25.0,5133.0,3997.0,19.0,821.0,2022.0,6.0,2.0,10.0,3.0,0.0,6.0,4.0,6920.0,7260.0,26.0,6390.0,5675.0,21.0,530.0,1585.0,5.0,2.0,11.0,3.0,0.0,6.0,4.0
LOLTMNT01_411885,complete,,MSI,2026,,0,2026-06-28 03:57:16,2,16.13,100,Blue,team,,,T1,oe:team:ce499dea30cfce118f4fe85da0227e8,1.0,,Naafiri,Rakan,Yone,Varus,Renekton,Ryze,Kalista,Renata Glasc,Vi,Ambessa,2171,1,16,22,32,16,22,2.0,1.0,0.0,0.0,1.0,,,,0.4422,1.0502,1.0,3.0,3.0,3.0,3.0,2.0,0.0,0.0,0.0,1.0,0.0,,0.0,0.0,0.0,0.0,1.0,0.0,3.0,1.0,2.0,0.0,0.0,0.0,0.0,6.0,4.0,0.0,0.0,28.0,25.0,1.0,0.0,89100,2462.4597,,3756.702,3740.5896,29466.0,157,4.339,66,1.824,71,401,11.0825,72326,48804,1348.7978,,63260,-0.0363947,-0.67,,1070.0,251,,,36.5085,19349.0,21104.0,351.0,17910.0,19489.0,312.0,1439.0,1615.0,39.0,7.0,9.0,6.0,6.0,8.0,7.0,27544.0,31793.0,537.0,28668.0,33426.0,514.0,-1124.0,-1633.0,23.0,8.0,12.0,11.0,11.0,19.0,8.0,35502.0,42590.0,735.0,41348.0,46544.0,687.0,-5846.0,-3954.0,48.0,8.0,12.0,17.0,17.0,36.0,8.0,45987.0,58937.0,936.0,49242.0,56523.0,848.0,-3255.0,2414.0,88.0,9.0,13.0,18.0,18.0,40.0,9.0
LOLTMNT01_411885,complete,,MSI,2026,,0,2026-06-28 03:57:16,2,16.13,200,Red,team,,,Team Liquid,oe:team:8eb884e168f28402ce685bedebb5250,0.0,,Ziggs,Cassiopeia,Jayce,Sion,Nocturne,Nautilus,Senna,Taliyah,Rumble,Poppy,2171,0,22,16,53,22,16,3.0,1.0,0.0,0.0,0.0,,,,0.608,1.0502,0.0,3.0,3.0,3.0,3.0,2.0,0.0,1.0,0.0,0.0,0.0,,0.0,0.0,1.0,1.0,0.0,3.0,0.0,0.0,0.0,2.0,0.0,0.0,1.0,4.0,6.0,1.0,1.0,25.0,28.0,0.0,1.0,106718,2949.369,,2841.2529,3531.626,25361.0,141,3.8968,60,1.6582,55,400,11.0548,67860,44338,1225.3708,,65605,0.0363947,0.67,,928.0,237,,,32.1971,17910.0,19489.0,312.0,19349.0,21104.0,351.0,-1439.0,-1615.0,-39.0,6.0,8.0,7.0,7.0,9.0,6.0,28668.0,33426.0,514.0,27544.0,31793.0,537.0,1124.0,1633.0,-23.0,11.0,19.0,8.0,8.0,12.0,11.0,41348.0,46544.0,687.0,35502.0,42590.0,735.0,5846.0,3954.0,-48.0,17.0,36.0,8.0,8.0,12.0,17.0,49242.0,56523.0,848.0,45987.0,58937.0,936.0,3255.0,-2414.0,-88.0,18.0,40.0,9.0,9.0,13.0,18.0
LOLTMNT01_412885,complete,,MSI,2026,,0,2026-06-28 04:57:35,3,16.13,1,Blue,top,Doran,oe:player:a1f3b2bb3f36e5113237f92d76dc4c8,T1,oe:team:ce499dea30cfce118f4fe85da0227e8,1.0,Renekton,Naafiri,Yone,Yorick,Vayne,Kai'Sa,,,,,,1770,1,2,2,3,14,12,0.0,0.0,0.0,0.0,0.0,0.0,0.0,0.0,0.4746,0.8814,,,,,,,,,,,,,,,,,,,,,0.0,0.0,,,,,,,,,,0.0,0.0,13110,444.4068,0.149259,920.7797,828.5085,4444.0,10,0.339,3,0.1017,4,25,0.8475,10735,6849,232.1695,0.179626,9150,,,242.0,242.0,0,,,8.2034,3188.0,4643.0,75.0,3152.0,4893.0,82.0,36.0,-250.0,-7.0,0.0,0.0,0.0,0.0,0.0,0.0,4562.0,7863.0,113.0,4608.0,7898.0,123.0,-46.0,-35.0,-10.0,0.0,0.0,0.0,0.0,0.0,0.0,6513.0,10780.0,167.0,7271.0,10933.0,161.0,-758.0,-153.0,6.0,0.0,0.0,1.0,1.0,2.0,0.0,8459.0,13946.0,208.0,10201.0,13801.0,201.0,-1742.0,145.0,7.0,1.0,1.0,2.0,4.0,2.0,0.0
LOLTMNT01_412885,complete,,MSI,2026,,0,2026-06-28 04:57:35,3,16.13,2,Blue,jng,Oner,oe:player:f8b68f268106124fc4bc1c946adc9b0,T1,oe:team:ce499dea30cfce118f4fe85da0227e8,1.0,Lee Sin,Naafiri,Yone,Yorick,Vayne,Kai'Sa,,,,,,1770,1,3,2,6,14,12,0.0,0.0,0.0,0.0,1.0,1.0,0.0,0.0,0.4746,0.8814,,,,,,,,,,,,,,,,,,,,,0.0,0.0,,,,,,,,,,0.0,0.0,14510,491.8644,0.165198,1152.0678,1250.6441,4214.0,23,0.7797,11,0.3729,10,57,1.9322,12344,8458,286.7119,0.221827,10450,,,243.0,15.0,228,,,8.2373,4256.0,4004.0,77.0,3161.0,3756.0,65.0,1095.0,248.0,12.0,2.0,1.0,0.0,0.0,0.0,1.0,6185.0,6763.0,129.0,4682.0,5786.0,100.0,1503.0,977.0,29.0,2.0,1.0,0.0,0.0,0.0,1.0,8063.0,9181.0,171.0,7057.0,9517.0,153.0,1006.0,-336.0,18.0,2.0,1.0,1.0,0.0,5.0,1.0,9896.0,11844.0,213.0,8994.0,11747.0,179.0,902.0,97.0,34.0,2.0,2.0,2.0,1.0,6.0,2.0
LOLTMNT01_412885,complete,,MSI,2026,,0,2026-06-28 04:57:35,3,16.13,3,Blue,mid,Faker,oe:player:e1edfc5cea461399a63cb813cf795cc,T1,oe:team:ce499dea30cfce118f4fe85da0227e8,1.0,Annie,Naafiri,Yone,Yorick,Vayne,Kai'Sa,,,,,,1770,1,1,2,9,14,12,0.0,0.0,0.0,0.0,1.0,0.0,1.0,0.0,0.4746,0.8814,,,,,,,,,,,,,,,,,,,,,0.0,0.0,,,,,,,,,,0.0,0.0,21211,719.0169,0.24149,416.2373,354.8136,8748.0,7,0.2373,8,0.2712,3,29,0.9831,10899,7013,237.7288,0.183927,9400,,,256.0,256.0,0,,,8.678,4101.0,5158.0,98.0,3098.0,4440.0,77.0,1003.0,718.0,21.0,1.0,1.0,0.0,0.0,0.0,1.0,5789.0,8293.0,153.0,4833.0,7136.0,133.0,956.0,1157.0,20.0,1.0,1.0,0.0,0.0,0.0,1.0,7884.0,11107.0,204.0,7716.0,9978.0,173.0,168.0,1129.0,31.0,1.0,2.0,1.0,3.0,2.0,1.0,9127.0,13219.0,233.0,9381.0,12353.0,199.0,-254.0,866.0,34.0,1.0,3.0,2.0,3.0,5.0,2.0
LOLTMNT01_412885,complete,,MSI,2026,,0,2026-06-28 04:57:35,3,16.13,4,Blue,bot,Peyz,oe:player:5bbc2b92348d930ebd500cb9ce71bb7,T1,oe:team:ce499dea30cfce118f4fe85da0227e8,1.0,Zeri,Naafiri,Yone,Yorick,Vayne,Kai'Sa,,,,,,1770,1,8,4,4,14,12,2.0,2.0,1.0,0.0,0.0,0.0,0.0,0.0,0.4746,0.8814,,,,,,,,,,,,,,,,,,,,,0.0,0.0,,,,,,,,,,0.0,0.0,30456,1032.4068,0.346745,667.4576,458.0339,8755.0,15,0.5085,20,0.678,4,57,1.9322,15878,11992,406.5085,0.314517,12900,,,300.0,296.0,4,,,10.1695,3285.0,3067.0,79.0,4065.0,3529.0,94.0,-780.0,-462.0,-15.0,0.0,1.0,1.0,1.0,0.0,1.0,5828.0,5488.0,135.0,6710.0,5993.0,152.0,-882.0,-505.0,-17.0,0.0,1.0,1.0,1.0,0.0,1.0,8328.0,7549.0,192.0,9121.0,8806.0,203.0,-793.0,-1257.0,-11.0,1.0,1.0,2.0,2.0,2.0,2.0,11668.0,10207.0,248.0,11380.0,11196.0,258.0,288.0,-989.0,-10.0,4.0,2.0,3.0,3.0,2.0,3.0
LOLTMNT01_412885,complete,,MSI,2026,,0,2026-06-28 04:57:35,3,16.13,5,Blue,sup,Keria,oe:player:db79ce6ad35451c938fbe2995dabd37,T1,oe:team:ce499dea30cfce118f4fe85da0227e8,1.0,Yuumi,Naafiri,Yone,Yorick,Vayne,Kai'Sa,,,,,,1770,1,0,2,12,14,12,0.0,0.0,0.0,0.0,0.0,0.0,0.0,0.0,0.4746,0.8814,,,,,,,,,,,,,,,,,,,,,0.0,0.0,,,,,,,,,,1.0,0.0,8547,289.7288,0.0973086,266.1695,104.8136,1052.0,47,1.5932,5,0.1695,20,85,2.8814,7703,3817,129.3898,0.100102,6525,,,21.0,21.0,0,,,0.7119,2523.0,2289.0,11.0,2435.0,2269.0,15.0,88.0,20.0,-4.0,0.0,1.0,0.0,0.0,1.0,0.0,3687.0,3401.0,19.0,3656.0,3288.0,22.0,31.0,113.0,-3.0,0.0,1.0,0.0,0.0,1.0,0.0,4815.0,5466.0,20.0,5045.0,5241.0,30.0,-230.0,225.0,-10.0,0.0,2.0,1.0,0.0,6.0,0.0,6154.0,7464.0,20.0,6393.0,6933.0,35.0,-239.0,531.0,-15.0,0.0,6.0,2.0,0.0,8.0,1.0
LOLTMNT01_412885,complete,,MSI,2026,,0,2026-06-28 04:57:35,3,16.13,6,Red,top,Morgan,oe:player:f73dde2d8c7879ae8d1fcdc03c4ffeb,Team Liquid,oe:team:8eb884e168f28402ce685bedebb5250,0.0,Zaahen,Karma,Cassiopeia,Jayce,Lulu,Xayah,,,,,,1770,0,4,1,2,12,14,0.0,0.0,0.0,0.0,0.0,0.0,0.0,0.0,0.4068,0.8814,,,,,,,,,,,,,,,,,,,,,0.0,0.0,,,,,,,,,,0.0,0.0,15093,511.6271,0.206895,777.3898,723.2881,4059.0,14,0.4746,8,0.2712,7,46,1.5593,11446,7560,256.2712,0.223597,10918,,,230.0,226.0,4,,,7.7966,3152.0,4893.0,82.0,3188.0,4643.0,75.0,-36.0,250.0,7.0,0.0,0.0,0.0,0.0,0.0,0.0,4608.0,7898.0,123.0,4562.0,7863.0,113.0,46.0,35.0,10.0,0.0,0.0,0.0,0.0,0.0,0.0,7271.0,10933.0,161.0,6513.0,10780.0,167.0,758.0,153.0,-6.0,1.0,2.0,0.0,0.0,0.0,1.0,10201.0,13801.0,201.0,8459.0,13946.0,208.0,1742.0,-145.0,-7.0,4.0,2.0,0.0,1.0,1.0,2.0
LOLTMNT01_412885,complete,,MSI,2026,,0,2026-06-28 04:57:35,3,16.13,7,Red,jng,Josedeodo,oe:player:52b4f060a577ff87c99118d97fa75f4,Team Liquid,oe:team:8eb884e168f28402ce685bedebb5250,0.0,Nocturne,Karma,Cassiopeia,Jayce,Lulu,Xayah,,,,,,1770,0,1,4,7,12,14,0.0,0.0,0.0,0.0,0.0,0.0,0.0,1.0,0.4068,0.8814,,,,,,,,,,,,,,,,,,,,,0.0,0.0,,,,,,,,,,0.0,0.0,11203,379.7627,0.153571,1012.9831,561.3898,0.0,9,0.3051,6,0.2034,7,36,1.2203,10094,6208,210.4407,0.183608,8725,,,195.0,19.0,176,,,6.6102,3161.0,3756.0,65.0,4256.0,4004.0,77.0,-1095.0,-248.0,-12.0,0.0,0.0,1.0,2.0,1.0,0.0,4682.0,5786.0,100.0,6185.0,6763.0,129.0,-1503.0,-977.0,-29.0,0.0,0.0,1.0,2.0,1.0,0.0,7057.0,9517.0,153.0,8063.0,9181.0,171.0,-1006.0,336.0,-18.0,0.0,5.0,1.0,2.0,1.0,1.0,8994.0,11747.0,179.0,9896.0,11844.0,213.0,-902.0,-97.0,-34.0,1.0,6.0,2.0,2.0,2.0,2.0
LOLTMNT01_412885,complete,,MSI,2026,,0,2026-06-28 04:57:35,3,16.13,8,Red,mid,Quid,oe:player:8f8eaac8e99c203ee76e57c5c81c91f,Team Liquid,oe:team:8eb884e168f28402ce685bedebb5250,0.0,Galio,Karma,Cassiopeia,Jayce,Lulu,Xayah,,,,,,1770,0,3,3,5,12,14,1.0,0.0,0.0,0.0,0.0,0.0,0.0,0.0,0.4068,0.8814,,,,,,,,,,,,,,,,,,,,,0.0,0.0,,,,,,,,,,0.0,0.0,15460,524.0678,0.211926,810.1356,891.661,0.0,13,0.4407,8,0.2712,4,41,1.3898,10340,6454,218.7797,0.190884,10550,,,216.0,216.0,0,,,7.322,3098.0,4440.0,77.0,4101.0,5158.0,98.0,-1003.0,-718.0,-21.0,0.0,0.0,1.0,1.0,1.0,0.0,4833.0,7136.0,133.0,5789.0,8293.0,153.0,-956.0,-1157.0,-20.0,0.0,0.0,1.0,1.0,1.0,0.0,7716.0,9978.0,173.0,7884.0,11107.0,204.0,-168.0,-1129.0,-31.0,3.0,2.0,1.0,1.0,2.0,1.0,9381.0,12353.0,199.0,9127.0,13219.0,233.0,254.0,-866.0,-34.0,3.0,5.0,2.0,1.0,3.0,2.0
LOLTMNT01_412885,complete,,MSI,2026,,0,2026-06-28 04:57:35,3,16.13,9,Red,bot,Yeon,oe:player:f6b8af05a5af22004a67a78f3046b92,Team Liquid,oe:team:8eb884e168f28402ce685bedebb5250,0.0,Varus,Karma,Cassiopeia,Jayce,Lulu,Xayah,,,,,,1770,0,4,4,2,12,14,0.0,0.0,0.0,0.0,0.0,0.0,0.0,0.0,0.4068,0.8814,,,,,,,,,,,,,,,,,,,,,0.0,0.0,,,,,,,,,,0.0,0.0,23187,786.0,0.317848,541.6271,326.5763,4767.0,11,0.3729,14,0.4746,5,39,1.322,14049,10163,344.5085,0.300589,12650,,,305.0,293.0,12,,,10.339,4065.0,3529.0,94.0,3285.0,3067.0,79.0,780.0,462.0,15.0,1.0,0.0,1.0,0.0,1.0,1.0,6710.0,5993.0,152.0,5828.0,5488.0,135.0,882.0,505.0,17.0,1.0,0.0,1.0,0.0,1.0,1.0,9121.0,8806.0,203.0,8328.0,7549.0,192.0,793.0,1257.0,11.0,2.0,2.0,2.0,1.0,1.0,2.0,11380.0,11196.0,258.0,11668.0,10207.0,248.0,-288.0,989.0,10.0,3.0,2.0,3.0,4.0,2.0,3.0
LOLTMNT01_412885,complete,,MSI,2026,,0,2026-06-28 04:57:35,3,16.13,10,Red,sup,CoreJJ,oe:player:05fafeaf23dc3285558a4e968970b9f,Team Liquid,oe:team:8eb884e168f28402ce685bedebb5250,0.0,Neeko,Karma,Cassiopeia,Jayce,Lulu,Xayah,,,,,,1770,0,0,2,9,12,14,0.0,0.0,0.0,0.0,0.0,0.0,0.0,0.0,0.4068,0.8814,,,,,,,,,,,,,,,,,,,,,0.0,0.0,,,,,,,,,,0.0,1.0,8007,271.4237,0.10976,557.9661,225.6949,1363.0,54,1.8305,19,0.6441,19,128,4.339,7312,3426,116.1356,0.101322,7005,,,37.0,37.0,0,,,1.2542,2435.0,2269.0,15.0,2523.0,2289.0,11.0,-88.0,-20.0,4.0,0.0,1.0,0.0,0.0,1.0,0.0,3656.0,3288.0,22.0,3687.0,3401.0,19.0,-31.0,-113.0,3.0,0.0,1.0,0.0,0.0,1.0,0.0,5045.0,5241.0,30.0,4815.0,5466.0,20.0,230.0,-225.0,10.0,0.0,6.0,0.0,0.0,2.0,1.0,6393.0,6933.0,35.0,6154.0,7464.0,20.0,239.0,-531.0,15.0,0.0,8.0,1.0,0.0,6.0,2.0
LOLTMNT01_412885,complete,,MSI,2026,,0,2026-06-28 04:57:35,3,16.13,100,Blue,team,,,T1,oe:team:ce499dea30cfce118f4fe85da0227e8,1.0,,Naafiri,Yone,Yorick,Vayne,Kai'Sa,Lee Sin,Renekton,Annie,Zeri,Yuumi,1770,1,14,12,34,14,12,2.0,2.0,1.0,0.0,1.0,,,,0.4746,0.8814,1.0,4.0,0.0,4.0,0.0,1.0,1.0,2.0,0.0,0.0,0.0,,0.0,0.0,1.0,1.0,0.0,3.0,0.0,0.0,0.0,0.0,0.0,0.0,0.0,6.0,2.0,1.0,1.0,23.0,15.0,1.0,0.0,87834,2977.4237,,3422.7119,2996.8136,27213.0,102,3.4576,47,1.5932,41,253,8.5763,57559,38127,1292.4407,,48425,-0.0289601,1.44,,830.0,232,,,36.0,17353.0,19161.0,340.0,15911.0,18887.0,333.0,1442.0,274.0,7.0,3.0,4.0,1.0,1.0,1.0,3.0,26051.0,31808.0,549.0,24489.0,30101.0,530.0,1562.0,1707.0,19.0,3.0,4.0,1.0,1.0,1.0,3.0,35603.0,44083.0,754.0,36210.0,44475.0,720.0,-607.0,-392.0,34.0,4.0,6.0,6.0,6.0,17.0,4.0,45304.0,56680.0,922.0,46349.0,56030.0,872.0,-1045.0,650.0,50.0,8.0,14.0,11.0,11.0,23.0,8.0
LOLTMNT01_412885,complete,,MSI,2026,,0,2026-06-28 04:57:35,3,16.13,200,Red,team,,,Team Liquid,oe:team:8eb884e168f28402ce685bedebb5250,0.0,,Karma,Cassiopeia,Jayce,Lulu,Xayah,Neeko,Nocturne,Galio,Varus,Zaahen,1770,0,12,14,25,12,14,1.0,0.0,0.0,0.0,0.0,,,,0.4068,0.8814,0.0,0.0,4.0,0.0,4.0,0.0,0.0,0.0,0.0,0.0,0.0,,0.0,0.0,0.0,0.0,1.0,0.0,3.0,0.0,0.0,0.0,0.0,0.0,1.0,2.0,6.0,0.0,0.0,15.0,23.0,0.0,1.0,72950,2472.8814,,3700.1017,2728.6102,10189.0,101,3.4237,55,1.8644,42,290,9.8305,53241,33809,1146.0678,,49848,0.0289601,-1.44,,791.0,192,,,33.322,15911.0,18887.0,333.0,17353.0,19161.0,340.0,-1442.0,-274.0,-7.0,1.0,1.0,3.0,3.0,4.0,1.0,24489.0,30101.0,530.0,26051.0,31808.0,549.0,-1562.0,-1707.0,-19.0,1.0,1.0,3.0,3.0,4.0,1.0,36210.0,44475.0,720.0,35603.0,44083.0,754.0,607.0,392.0,-34.0,6.0,17.0,4.0,4.0,6.0,6.0,46349.0,56030.0,872.0,45304.0,56680.0,922.0,1045.0,-650.0,-50.0,11.0,23.0,8.0,8.0,14.0,11.0
LOLTMNT01_411913,complete,,MSI,2026,,0,2026-06-28 06:02:27,1,16.13,1,Blue,top,Flauren,oe:player:8debac77f7c6101af768dc729323a67,Deep Cross Gaming,oe:team:7e56e9367c023df96cc8257ff4e16c0,0.0,Ambessa,Poppy,Nocturne,Jayce,Rakan,Lucian,,,,,,1910,0,2,6,4,12,23,0.0,0.0,0.0,0.0,0.0,0.0,0.0,0.0,0.377,1.0995,,,,,,,,,,,,,,,,,,,,,0.0,0.0,,,,,,,,,,0.0,1.0,15285,480.1571,0.216351,923.4031,1232.0733,6555.0,16,0.5026,5,0.1571,4,40,1.2565,11739,7567,237.7068,0.216944,11900,,,259.0,251.0,8,,,8.1361,3324.0,5329.0,92.0,3586.0,5307.0,103.0,-262.0,22.0,-11.0,0.0,0.0,0.0,0.0,0.0,0.0,4782.0,8176.0,130.0,5268.0,8875.0,155.0,-486.0,-699.0,-25.0,0.0,0.0,1.0,0.0,0.0,0.0,6983.0,11343.0,185.0,7535.0,12724.0,213.0,-552.0,-1381.0,-28.0,0.0,0.0,2.0,0.0,2.0,0.0,8900.0,14759.0,214.0,10257.0,15945.0,244.0,-1357.0,-1186.0,-30.0,1.0,4.0,4.0,3.0,5.0,1.0
LOLTMNT01_411913,complete,,MSI,2026,,0,2026-06-28 06:02:27,1,16.13,2,Blue,jng,Pop9,oe:player:32aa62568603d99d16591ee5dd52a8a,Deep Cross Gaming,oe:team:7e56e9367c023df96cc8257ff4e16c0,0.0,Lee Sin,Poppy,Nocturne,Jayce,Rakan,Lucian,,,,,,1910,0,4,5,4,12,23,0.0,0.0,0.0,0.0,1.0,1.0,0.0,0.0,0.377,1.0995,,,,,,,,,,,,,,,,,,,,,1.0,0.0,,,,,,,,,,0.0,0.0,11751,369.1414,0.166329,1117.6649,1255.6963,4833.0,16,0.5026,6,0.1885,10,57,1.7906,11969,7797,244.9319,0.223538,12150,,,219.0,13.0,206,,,6.8796,3878.0,4254.0,78.0,3416.0,4001.0,77.0,462.0,253.0,1.0,1.0,0.0,0.0,0.0,0.0,1.0,5629.0,7070.0,123.0,5493.0,7267.0,117.0,136.0,-197.0,6.0,1.0,0.0,0.0,1.0,0.0,1.0,8372.0,10029.0,157.0,6998.0,9253.0,150.0,1374.0,776.0,7.0,3.0,1.0,0.0,1.0,0.0,2.0,10361.0,13259.0,194.0,9069.0,12086.0,183.0,1292.0,1173.0,11.0,4.0,3.0,2.0,1.0,6.0,3.0
LOLTMNT01_411913,complete,,MSI,2026,,0,2026-06-28 06:02:27,1,16.13,3,Blue,mid,HongSuo,oe:player:32ddd24ac02f57871c631c66265d2f6,Deep Cross Gaming,oe:team:7e56e9367c023df96cc8257ff4e16c0,0.0,Galio,Poppy,Nocturne,Jayce,Rakan,Lucian,,,,,,1910,0,2,4,4,12,23,0.0,0.0,0.0,0.0,1.0,0.0,1.0,0.0,0.377,1.0995,,,,,,,,,,,,,,,,,,,,,0.0,0.0,,,,,,,,,,0.0,0.0,10520,330.4712,0.148905,767.2461,1058.1047,1290.0,9,0.2827,10,0.3141,6,47,1.4764,10380,6208,195.0157,0.177982,9200,,,257.0,257.0,0,,,8.0733,3476.0,4994.0,94.0,3574.0,5222.0,107.0,-98.0,-228.0,-13.0,0.0,1.0,0.0,0.0,0.0,0.0,5025.0,7583.0,144.0,5223.0,8002.0,159.0,-198.0,-419.0,-15.0,0.0,1.0,0.0,0.0,0.0,0.0,6987.0,10010.0,187.0,7852.0,10763.0,207.0,-865.0,-753.0,-20.0,1.0,2.0,0.0,2.0,0.0,1.0,8546.0,12586.0,219.0,10905.0,13998.0,249.0,-2359.0,-1412.0,-30.0,2.0,3.0,2.0,4.0,6.0,1.0
LOLTMNT01_411913,complete,,MSI,2026,,0,2026-06-28 06:02:27,1,16.13,4,Blue,bot,Feng,oe:player:e9a0da5ca2d009aeedf5afcfccffde5,Deep Cross Gaming,oe:team:7e56e9367c023df96cc8257ff4e16c0,0.0,Ezreal,Poppy,Nocturne,Jayce,Rakan,Lucian,,,,,,1910,0,3,2,6,12,23,1.0,0.0,0.0,0.0,0.0,0.0,0.0,0.0,0.377,1.0995,,,,,,,,,,,,,,,,,,,,,0.0,0.0,,,,,,,,,,0.0,0.0,22839,717.4555,0.323274,577.0995,292.7749,2696.0,19,0.5969,6,0.1885,9,41,1.288,13034,8862,278.3874,0.254071,12908,,,285.0,285.0,0,,,8.9529,3184.0,3700.0,83.0,3462.0,4017.0,92.0,-278.0,-317.0,-9.0,0.0,0.0,0.0,0.0,0.0,0.0,4965.0,5960.0,126.0,5710.0,6301.0,140.0,-745.0,-341.0,-14.0,0.0,0.0,0.0,0.0,0.0,0.0,7569.0,9228.0,184.0,8192.0,9135.0,201.0,-623.0,93.0,-17.0,0.0,3.0,0.0,0.0,0.0,0.0,10457.0,12201.0,220.0,11552.0,12113.0,241.0,-1095.0,88.0,-21.0,3.0,6.0,0.0,3.0,4.0,1.0
LOLTMNT01_411913,complete,,MSI,2026,,0,2026-06-28 06:02:27,1,16.13,5,Blue,sup,ShiauC,oe:player:5d7f415cbf04b549c235a8a3d83a763,Deep Cross Gaming,oe:team:7e56e9367c023df96cc8257ff4e16c0,0.0,Camille,Poppy,Nocturne,Jayce,Rakan,Lucian,,,,,,1910,0,1,6,9,12,23,0.0,0.0,0.0,0.0,1.0,0.0,1.0,0.0,0.377,1.0995,,,,,,,,,,,,,,,,,,,,,0.0,0.0,,,,,,,,,,0.0,0.0,10254,322.1152,0.14514,761.2147,561.6126,0.0,70,2.199,20,0.6283,34,155,4.8691,8618,4446,139.6649,0.127466,8620,,,37.0,37.0,0,,,1.1623,2501.0,2511.0,14.0,2428.0,2487.0,15.0,73.0,24.0,-1.0,0.0,1.0,0.0,0.0,0.0,0.0,3571.0,2625.0,21.0,3551.0,3093.0,22.0,20.0,-468.0,-1.0,0.0,1.0,0.0,0.0,0.0,0.0,5535.0,3874.0,27.0,4663.0,3856.0,25.0,872.0,18.0,2.0,1.0,3.0,1.0,0.0,0.0,2.0,7080.0,6941.0,31.0,6057.0,6652.0,29.0,1023.0,289.0,2.0,1.0,8.0,3.0,0.0,6.0,5.0
LOLTMNT01_411913,complete,,MSI,2026,,0,2026-06-28 06:02:27,1,16.13,6,Red,top,Canna,oe:player:7577c239c73fa5f3011cd7b5503e75e,Karmine Corp,oe:team:f3aa9bbd924ce3af42ac53f8326bc7c,1.0,Rumble,Varus,Vi,Nautilus,Jhin,Ziggs,,,,,,1910,1,5,1,12,23,12,1.0,0.0,0.0,0.0,0.0,0.0,0.0,0.0,0.7225,1.0995,,,,,,,,,,,,,,,,,,,,,0.0,0.0,,,,,,,,,,1.0,0.0,26665,837.644,0.24677,493.7906,813.801,7765.0,20,0.6283,3,0.0942,8,43,1.3508,14195,10023,314.8586,0.212812,12850,,,297.0,297.0,0,,,9.3298,3586.0,5307.0,103.0,3324.0,5329.0,92.0,262.0,-22.0,11.0,0.0,0.0,0.0,0.0,0.0,0.0,5268.0,8875.0,155.0,4782.0,8176.0,130.0,486.0,699.0,25.0,0.0,0.0,0.0,0.0,0.0,1.0,7535.0,12724.0,213.0,6983.0,11343.0,185.0,552.0,1381.0,28.0,0.0,2.0,0.0,0.0,0.0,2.0,10257.0,15945.0,244.0,8900.0,14759.0,214.0,1357.0,1186.0,30.0,3.0,5.0,1.0,1.0,4.0,4.0
LOLTMNT01_411913,complete,,MSI,2026,,0,2026-06-28 06:02:27,1,16.13,7,Red,jng,Yike,oe:player:4203fc46c4c6333e9bfa9d0a8618677,Karmine Corp,oe:team:f3aa9bbd924ce3af42ac53f8326bc7c,1.0,Naafiri,Varus,Vi,Nautilus,Jhin,Ziggs,,,,,,1910,1,5,3,12,23,12,1.0,0.0,0.0,0.0,0.0,0.0,0.0,1.0,0.7225,1.0995,,,,,,,,,,,,,,,,,,,,,0.0,1.0,,,,,,,,,,0.0,0.0,21400,672.2513,0.198045,811.4764,598.4607,3090.0,8,0.2513,12,0.377,6,59,1.8534,13732,9560,300.3141,0.202981,10650,,,246.0,17.0,229,,,7.7277,3416.0,4001.0,77.0,3878.0,4254.0,78.0,-462.0,-253.0,-1.0,0.0,0.0,1.0,1.0,0.0,0.0,5493.0,7267.0,117.0,5629.0,7070.0,123.0,-136.0,197.0,-6.0,1.0,0.0,1.0,1.0,0.0,0.0,6998.0,9253.0,150.0,8372.0,10029.0,157.0,-1374.0,-776.0,-7.0,1.0,0.0,2.0,3.0,1.0,0.0,9069.0,12086.0,183.0,10361.0,13259.0,194.0,-1292.0,-1173.0,-11.0,1.0,6.0,3.0,4.0,3.0,2.0
LOLTMNT01_411913,complete,,MSI,2026,,0,2026-06-28 06:02:27,1,16.13,8,Red,mid,kyeahoo,oe:player:308e48bf56284c09a1a9aadf55bc80c,Karmine Corp,oe:team:f3aa9bbd924ce3af42ac53f8326bc7c,1.0,Orianna,Varus,Vi,Nautilus,Jhin,Ziggs,,,,,,1910,1,5,1,12,23,12,2.0,0.0,0.0,0.0,0.0,0.0,0.0,0.0,0.7225,1.0995,,,,,,,,,,,,,,,,,,,,,0.0,0.0,,,,,,,,,,0.0,0.0,14825,465.7068,0.137197,380.733,301.8848,5280.0,19,0.5969,7,0.2199,8,43,1.3508,14173,10001,314.1675,0.212344,12300,,,311.0,303.0,8,,,9.7696,3574.0,5222.0,107.0,3476.0,4994.0,94.0,98.0,228.0,13.0,0.0,0.0,0.0,0.0,1.0,0.0,5223.0,8002.0,159.0,5025.0,7583.0,144.0,198.0,419.0,15.0,0.0,0.0,0.0,0.0,1.0,0.0,7852.0,10763.0,207.0,6987.0,10010.0,187.0,865.0,753.0,20.0,2.0,0.0,1.0,1.0,2.0,0.0,10905.0,13998.0,249.0,8546.0,12586.0,219.0,2359.0,1412.0,30.0,4.0,6.0,1.0,2.0,3.0,2.0
LOLTMNT01_411913,complete,,MSI,2026,,0,2026-06-28 06:02:27,1,16.13,9,Red,bot,Caliste,oe:player:e2af2b779499aa25ab9a9c10c9a5ffd,Karmine Corp,oe:team:f3aa9bbd924ce3af42ac53f8326bc7c,1.0,Caitlyn,Varus,Vi,Nautilus,Jhin,Ziggs,,,,,,1910,1,8,2,8,23,12,1.0,1.0,1.0,0.0,0.0,0.0,0.0,0.0,0.7225,1.0995,,,,,,,,,,,,,,,,,,,,,0.0,0.0,,,,,,,,,,0.0,0.0,37380,1174.2408,0.345932,518.5445,364.2723,18212.0,14,0.4398,11,0.3455,2,37,1.1623,17725,13553,425.7487,0.287762,14200,,,315.0,315.0,0,,,9.8953,3462.0,4017.0,92.0,3184.0,3700.0,83.0,278.0,317.0,9.0,0.0,0.0,0.0,0.0,0.0,0.0,5710.0,6301.0,140.0,4965.0,5960.0,126.0,745.0,341.0,14.0,0.0,0.0,0.0,0.0,0.0,0.0,8192.0,9135.0,201.0,7569.0,9228.0,184.0,623.0,-93.0,17.0,0.0,0.0,0.0,0.0,3.0,0.0,11552.0,12113.0,241.0,10457.0,12201.0,220.0,1095.0,-88.0,21.0,3.0,4.0,1.0,3.0,6.0,0.0
LOLTMNT01_411913,complete,,MSI,2026,,0,2026-06-28 06:02:27,1,16.13,10,Red,sup,Busio,oe:player:3e722c8ede909c83af9342c41805a16,Karmine Corp,oe:team:f3aa9bbd924ce3af42ac53f8326bc7c,1.0,Bard,Varus,Vi,Nautilus,Jhin,Ziggs,,,,,,1910,1,0,5,16,23,12,0.0,0.0,0.0,0.0,0.0,0.0,0.0,0.0,0.7225,1.0995,,,,,,,,,,,,,,,,,,,,,0.0,0.0,,,,,,,,,,0.0,0.0,7786,244.5864,0.0720552,624.0628,630.2827,480.0,59,1.8534,20,0.6283,13,136,4.2723,8133,3961,124.4293,0.0841012,7125,,,31.0,31.0,0,,,0.9738,2428.0,2487.0,15.0,2501.0,2511.0,14.0,-73.0,-24.0,1.0,0.0,0.0,0.0,0.0,1.0,0.0,3551.0,3093.0,22.0,3571.0,2625.0,21.0,-20.0,468.0,1.0,0.0,0.0,0.0,0.0,1.0,0.0,4663.0,3856.0,25.0,5535.0,3874.0,27.0,-872.0,-18.0,-2.0,0.0,0.0,2.0,1.0,3.0,1.0,6057.0,6652.0,29.0,7080.0,6941.0,31.0,-1023.0,-289.0,-2.0,0.0,6.0,5.0,1.0,8.0,3.0
LOLTMNT01_411913,complete,,MSI,2026,,0,2026-06-28 06:02:27,1,16.13,100,Blue,team,,,Deep Cross Gaming,oe:team:7e56e9367c023df96cc8257ff4e16c0,0.0,,Poppy,Nocturne,Jayce,Rakan,Lucian,Lee Sin,Camille,Galio,Ambessa,Ezreal,1910,0,12,23,27,12,23,1.0,0.0,0.0,0.0,1.0,,,,0.377,1.0995,0.0,1.0,3.0,1.0,3.0,0.0,0.0,1.0,0.0,0.0,0.0,,0.0,0.0,1.0,1.0,0.0,3.0,0.0,1.0,1.0,0.0,0.0,0.0,0.0,2.0,7.0,0.0,0.0,17.0,29.0,0.0,1.0,70649,2219.3403,,4146.6283,4400.2618,15374.0,130,4.0838,47,1.4764,63,340,10.6806,55740,34880,1095.7068,,54778,-0.041947,-1.06,,843.0,214,,,33.2042,16363.0,20788.0,361.0,16466.0,21034.0,394.0,-103.0,-246.0,-33.0,1.0,2.0,0.0,0.0,0.0,1.0,23972.0,31414.0,544.0,25245.0,33538.0,593.0,-1273.0,-2124.0,-49.0,1.0,2.0,1.0,1.0,0.0,1.0,35446.0,44484.0,740.0,35240.0,45731.0,796.0,206.0,-1247.0,-56.0,5.0,9.0,3.0,3.0,2.0,5.0,45344.0,59746.0,878.0,47840.0,60794.0,946.0,-2496.0,-1048.0,-68.0,11.0,24.0,11.0,11.0,27.0,11.0
LOLTMNT01_411913,complete,,MSI,2026,,0,2026-06-28 06:02:27,1,16.13,200,Red,team,,,Karmine Corp,oe:team:f3aa9bbd924ce3af42ac53f8326bc7c,1.0,,Varus,Vi,Nautilus,Jhin,Ziggs,Rumble,Naafiri,Orianna,Caitlyn,Bard,1910,1,23,12,60,23,12,5.0,1.0,1.0,0.0,0.0,,,,0.7225,1.0995,1.0,3.0,1.0,3.0,1.0,0.0,1.0,1.0,0.0,0.0,1.0,,0.0,0.0,0.0,0.0,1.0,0.0,3.0,0.0,0.0,1.0,0.0,0.0,1.0,7.0,2.0,1.0,1.0,29.0,17.0,1.0,0.0,108056,3394.4293,,2828.6073,2708.7016,34827.0,120,3.7696,53,1.6649,37,318,9.9895,67958,47098,1479.5183,,57125,0.041947,1.06,,963.0,237,,,37.6963,16466.0,21034.0,394.0,16363.0,20788.0,361.0,103.0,246.0,33.0,0.0,0.0,1.0,1.0,2.0,0.0,25245.0,33538.0,593.0,23972.0,31414.0,544.0,1273.0,2124.0,49.0,1.0,0.0,1.0,1.0,2.0,1.0,35240.0,45731.0,796.0,35446.0,44484.0,740.0,-206.0,1247.0,56.0,3.0,2.0,5.0,5.0,9.0,3.0,47840.0,60794.0,946.0,45344.0,59746.0,878.0,2496.0,1048.0,68.0,11.0,27.0,11.0,11.0,24.0,11.0
LOLTMNT01_412905,complete,,MSI,2026,,0,2026-06-28 07:00:15,2,16.13,1,Blue,top,Canna,oe:player:7577c239c73fa5f3011cd7b5503e75e,Karmine Corp,oe:team:f3aa9bbd924ce3af42ac53f8326bc7c,0.0,Gnar,Varus,Ahri,Taliyah,Jayce,Anivia,,,,,,1554,1,5,1,8,31,3,0.0,0.0,0.0,0.0,0.0,0.0,0.0,0.0,1.1969,1.3127,,,,,,,,,,,,,,,,,,,,,0.0,0.0,,,,,,,,,,0.0,0.0,20468,790.2703,0.21908,696.5251,656.2548,8791.0,12,0.4633,4,0.1544,4,35,1.3514,11568,8122,313.5907,0.184995,9818,,,255.0,239.0,16,,,9.8456,3881.0,5165.0,95.0,3177.0,4994.0,83.0,704.0,171.0,12.0,1.0,0.0,0.0,0.0,0.0,1.0,5920.0,8871.0,150.0,4571.0,8181.0,125.0,1349.0,690.0,25.0,2.0,0.0,0.0,0.0,0.0,1.0,8626.0,12932.0,215.0,6110.0,10791.0,166.0,2516.0,2141.0,49.0,3.0,0.0,0.0,0.0,1.0,2.0,11087.0,17305.0,249.0,7681.0,12935.0,198.0,3406.0,4370.0,51.0,4.0,7.0,1.0,0.0,3.0,5.0
LOLTMNT01_412905,complete,,MSI,2026,,0,2026-06-28 07:00:15,2,16.13,2,Blue,jng,Yike,oe:player:4203fc46c4c6333e9bfa9d0a8618677,Karmine Corp,oe:team:f3aa9bbd924ce3af42ac53f8326bc7c,0.0,Vi,Varus,Ahri,Taliyah,Jayce,Anivia,,,,,,1554,1,6,1,14,31,3,0.0,0.0,0.0,0.0,0.0,0.0,0.0,0.0,1.1969,1.3127,,,,,,,,,,,,,,,,,,,,,1.0,0.0,,,,,,,,,,0.0,0.0,15799,610.0,0.169105,712.5869,1078.1081,5439.0,11,0.4247,7,0.2703,11,44,1.6988,13050,9604,370.8108,0.218749,12250,,,198.0,13.0,185,,,7.6448,4160.0,4866.0,89.0,2945.0,3074.0,57.0,1215.0,1792.0,32.0,1.0,1.0,0.0,0.0,0.0,1.0,6363.0,7399.0,131.0,4216.0,4539.0,82.0,2147.0,2860.0,49.0,1.0,4.0,0.0,0.0,0.0,1.0,9409.0,10968.0,176.0,5600.0,6639.0,109.0,3809.0,4329.0,67.0,4.0,7.0,0.0,0.0,1.0,3.0,12581.0,13728.0,197.0,6784.0,8614.0,123.0,5797.0,5114.0,74.0,6.0,11.0,1.0,0.0,3.0,6.0
LOLTMNT01_412905,complete,,MSI,2026,,0,2026-06-28 07:00:15,2,16.13,3,Blue,mid,kyeahoo,oe:player:308e48bf56284c09a1a9aadf55bc80c,Karmine Corp,oe:team:f3aa9bbd924ce3af42ac53f8326bc7c,0.0,Cassiopeia,Varus,Ahri,Taliyah,Jayce,Anivia,,,,,,1554,1,5,0,13,31,3,1.0,0.0,0.0,0.0,0.0,0.0,0.0,0.0,1.1969,1.3127,,,,,,,,,,,,,,,,,,,,,0.0,0.0,,,,,,,,,,1.0,0.0,19966,770.888,0.213707,613.4749,459.9614,7164.0,11,0.4247,9,0.3475,6,44,1.6988,11387,7941,306.6023,0.180872,10550,,,209.0,209.0,0,,,8.0695,3619.0,5059.0,99.0,3301.0,4607.0,86.0,318.0,452.0,13.0,0.0,1.0,0.0,0.0,0.0,1.0,6280.0,7773.0,145.0,4749.0,6404.0,127.0,1531.0,1369.0,18.0,2.0,2.0,0.0,0.0,0.0,2.0,8165.0,10013.0,182.0,7180.0,9030.0,176.0,985.0,983.0,6.0,2.0,5.0,0.0,1.0,0.0,3.0,11041.0,14507.0,205.0,10238.0,11286.0,204.0,803.0,3221.0,1.0,5.0,10.0,0.0,3.0,0.0,5.0
LOLTMNT01_412905,complete,,MSI,2026,,0,2026-06-28 07:00:15,2,16.13,4,Blue,bot,Caliste,oe:player:e2af2b779499aa25ab9a9c10c9a5ffd,Karmine Corp,oe:team:f3aa9bbd924ce3af42ac53f8326bc7c,0.0,Zeri,Varus,Ahri,Taliyah,Jayce,Anivia,,,,,,1554,1,13,1,9,31,3,3.0,2.0,0.0,0.0,1.0,1.0,0.0,0.0,1.1969,1.3127,,,,,,,,,,,,,,,,,,,,,0.0,0.0,,,,,,,,,,0.0,0.0,28848,1113.8224,0.308776,505.444,287.1429,11210.0,14,0.5405,15,0.5792,4,40,1.5444,16758,13312,513.9768,0.303204,14300,,,265.0,247.0,18,,,10.2317,4382.0,3931.0,91.0,3111.0,3788.0,79.0,1271.0,143.0,12.0,2.0,0.0,0.0,0.0,0.0,0.0,6897.0,6321.0,141.0,4535.0,5364.0,107.0,2362.0,957.0,34.0,2.0,1.0,0.0,0.0,0.0,1.0,10070.0,9249.0,191.0,6230.0,6842.0,137.0,3840.0,2407.0,54.0,3.0,6.0,1.0,0.0,1.0,2.0,14839.0,13367.0,240.0,8027.0,9431.0,171.0,6812.0,3936.0,69.0,10.0,7.0,1.0,0.0,3.0,5.0
LOLTMNT01_412905,complete,,MSI,2026,,0,2026-06-28 07:00:15,2,16.13,5,Blue,sup,Busio,oe:player:3e722c8ede909c83af9342c41805a16,Karmine Corp,oe:team:f3aa9bbd924ce3af42ac53f8326bc7c,0.0,Rell,Varus,Ahri,Taliyah,Jayce,Anivia,,,,,,1554,1,2,0,21,31,3,0.0,0.0,0.0,0.0,1.0,0.0,1.0,0.0,1.1969,1.3127,,,,,,,,,,,,,,,,,,,,,0.0,0.0,,,,,,,,,,1.0,0.0,8346,322.2394,0.0893318,313.4363,519.7297,1117.0,53,2.0463,12,0.4633,18,105,4.0541,8371,4925,190.1544,0.112179,7440,,,29.0,25.0,4,,,1.1197,2748.0,2695.0,18.0,2321.0,1974.0,20.0,427.0,721.0,-2.0,0.0,2.0,0.0,0.0,0.0,1.0,4085.0,3295.0,22.0,3544.0,3222.0,36.0,541.0,73.0,-14.0,0.0,4.0,0.0,0.0,0.0,2.0,5671.0,4177.0,24.0,4617.0,4798.0,39.0,1054.0,-621.0,-15.0,1.0,8.0,0.0,0.0,1.0,3.0,7679.0,7471.0,29.0,5623.0,7115.0,43.0,2056.0,356.0,-14.0,1.0,17.0,0.0,0.0,1.0,5.0
LOLTMNT01_412905,complete,,MSI,2026,,0,2026-06-28 07:00:15,2,16.13,6,Red,top,Flauren,oe:player:8debac77f7c6101af768dc729323a67,Deep Cross Gaming,oe:team:7e56e9367c023df96cc8257ff4e16c0,1.0,Jax,Poppy,Lucian,Ashe,Kalista,Kennen,,,,,,1554,0,0,6,3,3,31,0.0,0.0,0.0,0.0,0.0,0.0,0.0,0.0,0.1158,1.3127,,,,,,,,,,,,,,,,,,,,,0.0,0.0,,,,,,,,,,0.0,0.0,14902,575.3668,0.301697,1084.9035,957.2587,5148.0,11,0.4247,2,0.0772,2,28,1.0811,8102,4656,179.7683,0.202964,7133,,,198.0,198.0,0,,,7.6448,3177.0,4994.0,83.0,3881.0,5165.0,95.0,-704.0,-171.0,-12.0,0.0,0.0,1.0,1.0,0.0,0.0,4571.0,8181.0,125.0,5920.0,8871.0,150.0,-1349.0,-690.0,-25.0,0.0,0.0,1.0,2.0,0.0,0.0,6110.0,10791.0,166.0,8626.0,12932.0,215.0,-2516.0,-2141.0,-49.0,0.0,1.0,2.0,3.0,0.0,0.0,7681.0,12935.0,198.0,11087.0,17305.0,249.0,-3406.0,-4370.0,-51.0,0.0,3.0,5.0,4.0,7.0,1.0
LOLTMNT01_412905,complete,,MSI,2026,,0,2026-06-28 07:00:15,2,16.13,7,Red,jng,Pop9,oe:player:32aa62568603d99d16591ee5dd52a8a,Deep Cross Gaming,oe:team:7e56e9367c023df96cc8257ff4e16c0,1.0,Jarvan IV,Poppy,Lucian,Ashe,Kalista,Kennen,,,,,,1554,0,0,7,3,3,31,0.0,0.0,0.0,0.0,0.0,0.0,0.0,0.0,0.1158,1.3127,,,,,,,,,,,,,,,,,,,,,0.0,1.0,,,,,,,,,,0.0,0.0,5967,230.3861,0.120804,954.4402,804.8263,0.0,12,0.4633,17,0.6564,12,54,2.0849,7173,3727,143.8996,0.162469,6800,,,127.0,21.0,106,,,4.9035,2945.0,3074.0,57.0,4160.0,4866.0,89.0,-1215.0,-1792.0,-32.0,0.0,0.0,1.0,1.0,1.0,0.0,4216.0,4539.0,82.0,6363.0,7399.0,131.0,-2147.0,-2860.0,-49.0,0.0,0.0,1.0,1.0,4.0,0.0,5600.0,6639.0,109.0,9409.0,10968.0,176.0,-3809.0,-4329.0,-67.0,0.0,1.0,3.0,4.0,7.0,0.0,6784.0,8614.0,123.0,12581.0,13728.0,197.0,-5797.0,-5114.0,-74.0,0.0,3.0,6.0,6.0,11.0,1.0
LOLTMNT01_412905,complete,,MSI,2026,,0,2026-06-28 07:00:15,2,16.13,8,Red,mid,HongSuo,oe:player:32ddd24ac02f57871c631c66265d2f6,Deep Cross Gaming,oe:team:7e56e9367c023df96cc8257ff4e16c0,1.0,LeBlanc,Poppy,Lucian,Ashe,Kalista,Kennen,,,,,,1554,0,3,6,0,3,31,0.0,0.0,0.0,0.0,0.0,0.0,0.0,0.0,0.1158,1.3127,,,,,,,,,,,,,,,,,,,,,0.0,0.0,,,,,,,,,,0.0,1.0,14207,548.5328,0.287626,793.6293,368.5328,1099.0,9,0.3475,5,0.1931,5,30,1.1583,10647,7201,278.0309,0.3139,9525,,,211.0,211.0,0,,,8.1467,3301.0,4607.0,86.0,3619.0,5059.0,99.0,-318.0,-452.0,-13.0,0.0,0.0,1.0,0.0,1.0,0.0,4749.0,6404.0,127.0,6280.0,7773.0,145.0,-1531.0,-1369.0,-18.0,0.0,0.0,2.0,2.0,2.0,0.0,7180.0,9030.0,176.0,8165.0,10013.0,182.0,-985.0,-983.0,-6.0,1.0,0.0,3.0,2.0,5.0,0.0,10238.0,11286.0,204.0,11041.0,14507.0,205.0,-803.0,-3221.0,-1.0,3.0,0.0,5.0,5.0,10.0,0.0
LOLTMNT01_412905,complete,,MSI,2026,,0,2026-06-28 07:00:15,2,16.13,9,Red,bot,Feng,oe:player:e9a0da5ca2d009aeedf5afcfccffde5,Deep Cross Gaming,oe:team:7e56e9367c023df96cc8257ff4e16c0,1.0,Senna,Poppy,Lucian,Ashe,Kalista,Kennen,,,,,,1554,0,0,6,3,3,31,0.0,0.0,0.0,0.0,0.0,0.0,0.0,0.0,0.1158,1.3127,,,,,,,,,,,,,,,,,,,,,0.0,0.0,,,,,,,,,,0.0,0.0,11137,430.0,0.225473,682.471,353.7066,0.0,17,0.6564,2,0.0772,9,25,0.9653,8306,4860,187.6448,0.211856,7875,,,171.0,171.0,0,,,6.6023,3111.0,3788.0,79.0,4382.0,3931.0,91.0,-1271.0,-143.0,-12.0,0.0,0.0,0.0,2.0,0.0,0.0,4535.0,5364.0,107.0,6897.0,6321.0,141.0,-2362.0,-957.0,-34.0,0.0,0.0,1.0,2.0,1.0,0.0,6230.0,6842.0,137.0,10070.0,9249.0,191.0,-3840.0,-2407.0,-54.0,0.0,1.0,2.0,3.0,6.0,1.0,8027.0,9431.0,171.0,14839.0,13367.0,240.0,-6812.0,-3936.0,-69.0,0.0,3.0,5.0,10.0,7.0,1.0
LOLTMNT01_412905,complete,,MSI,2026,,0,2026-06-28 07:00:15,2,16.13,10,Red,sup,ShiauC,oe:player:5d7f415cbf04b549c235a8a3d83a763,Deep Cross Gaming,oe:team:7e56e9367c023df96cc8257ff4e16c0,1.0,Nautilus,Poppy,Lucian,Ashe,Kalista,Kennen,,,,,,1554,0,0,6,1,3,31,0.0,0.0,0.0,0.0,0.0,0.0,0.0,1.0,0.1158,1.3127,,,,,,,,,,,,,,,,,,,,,0.0,0.0,,,,,,,,,,0.0,1.0,3181,122.8185,0.0644005,633.5521,777.7992,0.0,44,1.6988,9,0.3475,27,87,3.3591,5942,2496,96.3707,0.10881,5425,,,43.0,43.0,0,,,1.6602,2321.0,1974.0,20.0,2748.0,2695.0,18.0,-427.0,-721.0,2.0,0.0,0.0,1.0,0.0,2.0,0.0,3544.0,3222.0,36.0,4085.0,3295.0,22.0,-541.0,-73.0,14.0,0.0,0.0,2.0,0.0,4.0,0.0,4617.0,4798.0,39.0,5671.0,4177.0,24.0,-1054.0,621.0,15.0,0.0,1.0,3.0,1.0,8.0,0.0,5623.0,7115.0,43.0,7679.0,7471.0,29.0,-2056.0,-356.0,14.0,0.0,1.0,5.0,1.0,17.0,0.0
LOLTMNT01_412905,complete,,MSI,2026,,0,2026-06-28 07:00:15,2,16.13,100,Blue,team,,,Karmine Corp,oe:team:f3aa9bbd924ce3af42ac53f8326bc7c,0.0,,Varus,Ahri,Taliyah,Jayce,Anivia,Vi,Cassiopeia,Rell,Zeri,Gnar,1554,1,31,3,65,31,3,4.0,2.0,0.0,0.0,1.0,,,,1.1969,1.3127,1.0,4.0,0.0,4.0,0.0,1.0,2.0,0.0,1.0,0.0,0.0,,0.0,0.0,1.0,1.0,0.0,3.0,0.0,1.0,1.0,0.0,0.0,0.0,1.0,10.0,1.0,1.0,1.0,44.0,5.0,2.0,0.0,93427,3607.2201,,2841.4672,3001.1969,33721.0,101,3.8996,47,1.8147,43,268,10.3475,61134,43905,1695.1737,,54358,0.386321,6.77,,733.0,223,,,36.9112,18790.0,21716.0,392.0,14855.0,18437.0,325.0,3935.0,3279.0,67.0,4.0,4.0,0.0,0.0,0.0,4.0,29545.0,33659.0,589.0,21615.0,27710.0,477.0,7930.0,5949.0,112.0,7.0,11.0,0.0,0.0,0.0,7.0,41941.0,47339.0,788.0,29737.0,38100.0,627.0,12204.0,9239.0,161.0,13.0,26.0,1.0,1.0,4.0,13.0,57227.0,66378.0,920.0,38353.0,49381.0,739.0,18874.0,16997.0,181.0,26.0,52.0,3.0,3.0,10.0,26.0
LOLTMNT01_412905,complete,,MSI,2026,,0,2026-06-28 07:00:15,2,16.13,200,Red,team,,,Deep Cross Gaming,oe:team:7e56e9367c023df96cc8257ff4e16c0,1.0,,Poppy,Lucian,Ashe,Kalista,Kennen,Jarvan IV,Nautilus,Senna,LeBlanc,Jax,1554,0,3,31,10,3,31,0.0,0.0,0.0,0.0,0.0,,,,0.1158,1.3127,0.0,0.0,4.0,0.0,4.0,0.0,0.0,0.0,0.0,0.0,0.0,,0.0,0.0,0.0,0.0,1.0,0.0,3.0,0.0,0.0,1.0,0.0,0.0,0.0,1.0,10.0,0.0,0.0,5.0,44.0,0.0,2.0,49394,1907.1042,,4148.9961,3262.1236,6247.0,93,3.5907,35,1.3514,55,224,8.6486,40170,22941,885.7529,,36758,-0.386321,-6.77,,644.0,106,,,28.9575,14855.0,18437.0,325.0,18790.0,21716.0,392.0,-3935.0,-3279.0,-67.0,0.0,0.0,4.0,4.0,4.0,0.0,21615.0,27710.0,477.0,29545.0,33659.0,589.0,-7930.0,-5949.0,-112.0,0.0,0.0,7.0,7.0,11.0,0.0,29737.0,38100.0,627.0,41941.0,47339.0,788.0,-12204.0,-9239.0,-161.0,1.0,4.0,13.0,13.0,26.0,1.0,38353.0,49381.0,739.0,57227.0,66378.0,920.0,-18874.0,-16997.0,-181.0,3.0,10.0,26.0,26.0,52.0,3.0
LOLTMNT01_411931,complete,,MSI,2026,,0,2026-06-28 07:46:51,3,16.13,1,Blue,top,Canna,oe:player:7577c239c73fa5f3011cd7b5503e75e,Karmine Corp,oe:team:f3aa9bbd924ce3af42ac53f8326bc7c,0.0,Renekton,Ashe,Nocturne,Varus,Neeko,Karma,,,,,,2010,1,4,4,8,25,14,0.0,0.0,0.0,0.0,0.0,0.0,0.0,0.0,0.7463,1.1642,,,,,,,,,,,,,,,,,,,,,0.0,0.0,,,,,,,,,,0.0,0.0,21971,655.8507,0.177723,1197.4627,935.403,8266.0,15,0.4478,7,0.209,8,50,1.4925,14413,10037,299.6119,0.189786,13630,,,296.0,290.0,6,,,8.8358,3740.0,4580.0,83.0,3086.0,4747.0,76.0,654.0,-167.0,7.0,1.0,0.0,1.0,0.0,0.0,1.0,5772.0,8003.0,133.0,4862.0,8327.0,120.0,910.0,-324.0,13.0,1.0,0.0,2.0,1.0,0.0,1.0,8483.0,12254.0,197.0,7098.0,11670.0,172.0,1385.0,584.0,25.0,2.0,2.0,2.0,1.0,2.0,2.0,10717.0,15598.0,254.0,8527.0,14014.0,208.0,2190.0,1584.0,46.0,3.0,3.0,2.0,1.0,2.0,2.0
LOLTMNT01_411931,complete,,MSI,2026,,0,2026-06-28 07:46:51,3,16.13,2,Blue,jng,Yike,oe:player:4203fc46c4c6333e9bfa9d0a8618677,Karmine Corp,oe:team:f3aa9bbd924ce3af42ac53f8326bc7c,0.0,Wukong,Ashe,Nocturne,Varus,Neeko,Karma,,,,,,2010,1,10,2,10,25,14,1.0,0.0,0.0,0.0,0.0,0.0,0.0,0.0,0.7463,1.1642,,,,,,,,,,,,,,,,,,,,,1.0,1.0,,,,,,,,,,1.0,0.0,34017,1015.4328,0.275163,793.9104,1482.8955,10622.0,12,0.3582,15,0.4478,10,69,2.0597,18089,13713,409.3433,0.259294,15883,,,287.0,31.0,256,,,8.5672,3447.0,4278.0,80.0,3771.0,4145.0,82.0,-324.0,133.0,-2.0,0.0,0.0,1.0,0.0,0.0,0.0,6108.0,7835.0,133.0,5451.0,6226.0,117.0,657.0,1609.0,16.0,2.0,0.0,1.0,0.0,1.0,2.0,9882.0,11584.0,178.0,7324.0,8290.0,147.0,2558.0,3294.0,31.0,5.0,2.0,1.0,0.0,2.0,3.0,12632.0,14677.0,226.0,9057.0,11269.0,187.0,3575.0,3408.0,39.0,7.0,3.0,1.0,0.0,2.0,3.0
LOLTMNT01_411931,complete,,MSI,2026,,0,2026-06-28 07:46:51,3,16.13,3,Blue,mid,kyeahoo,oe:player:308e48bf56284c09a1a9aadf55bc80c,Karmine Corp,oe:team:f3aa9bbd924ce3af42ac53f8326bc7c,0.0,Taliyah,Ashe,Nocturne,Varus,Neeko,Karma,,,,,,2010,1,6,3,9,25,14,1.0,1.0,0.0,0.0,0.0,0.0,0.0,0.0,0.7463,1.1642,,,,,,,,,,,,,,,,,,,,,0.0,0.0,,,,,,,,,,1.0,0.0,29789,889.2239,0.240963,623.403,292.209,3834.0,19,0.5672,7,0.209,7,47,1.403,14700,10324,308.1791,0.195212,13975,,,278.0,272.0,6,,,8.2985,3361.0,5024.0,90.0,4266.0,4847.0,88.0,-905.0,177.0,2.0,0.0,0.0,0.0,2.0,1.0,0.0,5412.0,7985.0,137.0,6154.0,7727.0,141.0,-742.0,258.0,-4.0,1.0,1.0,0.0,2.0,2.0,0.0,7064.0,10434.0,171.0,8340.0,10344.0,196.0,-1276.0,90.0,-25.0,1.0,3.0,2.0,3.0,2.0,2.0,9001.0,13208.0,217.0,10170.0,14308.0,245.0,-1169.0,-1100.0,-28.0,1.0,5.0,2.0,3.0,2.0,3.0
LOLTMNT01_411931,complete,,MSI,2026,,0,2026-06-28 07:46:51,3,16.13,4,Blue,bot,Caliste,oe:player:e2af2b779499aa25ab9a9c10c9a5ffd,Karmine Corp,oe:team:f3aa9bbd924ce3af42ac53f8326bc7c,0.0,Yunara,Ashe,Nocturne,Varus,Neeko,Karma,,,,,,2010,1,4,3,10,25,14,0.0,0.0,0.0,0.0,0.0,0.0,0.0,1.0,0.7463,1.1642,,,,,,,,,,,,,,,,,,,,,0.0,0.0,,,,,,,,,,0.0,0.0,31867,951.2537,0.257771,443.5821,313.4627,18816.0,15,0.4478,10,0.2985,2,32,0.9552,18182,13806,412.1194,0.261052,15750,,,357.0,335.0,22,,,10.6567,3149.0,3177.0,76.0,3794.0,3695.0,90.0,-645.0,-518.0,-14.0,0.0,1.0,2.0,0.0,4.0,1.0,5434.0,5799.0,134.0,6005.0,6501.0,145.0,-571.0,-702.0,-11.0,0.0,1.0,2.0,0.0,4.0,1.0,8523.0,8994.0,203.0,8146.0,9201.0,196.0,377.0,-207.0,7.0,1.0,1.0,2.0,1.0,4.0,1.0,10847.0,11768.0,266.0,10123.0,11358.0,254.0,724.0,410.0,12.0,1.0,3.0,2.0,1.0,4.0,2.0
LOLTMNT01_411931,complete,,MSI,2026,,0,2026-06-28 07:46:51,3,16.13,5,Blue,sup,Busio,oe:player:3e722c8ede909c83af9342c41805a16,Karmine Corp,oe:team:f3aa9bbd924ce3af42ac53f8326bc7c,0.0,Lulu,Ashe,Nocturne,Varus,Neeko,Karma,,,,,,2010,1,1,2,15,25,14,0.0,0.0,0.0,0.0,0.0,0.0,0.0,0.0,0.7463,1.1642,,,,,,,,,,,,,,,,,,,,,0.0,0.0,,,,,,,,,,0.0,0.0,5981,178.5373,0.0483802,349.5821,181.6418,486.0,83,2.4776,13,0.3881,29,140,4.1791,9382,5006,149.4328,0.0946564,8305,,,37.0,37.0,0,,,1.1045,2696.0,2592.0,18.0,3513.0,3127.0,17.0,-817.0,-535.0,1.0,1.0,0.0,0.0,2.0,2.0,0.0,3910.0,3674.0,24.0,4726.0,3375.0,27.0,-816.0,299.0,-3.0,1.0,1.0,0.0,2.0,2.0,1.0,5177.0,4977.0,29.0,6632.0,5087.0,35.0,-1455.0,-110.0,-6.0,1.0,2.0,1.0,3.0,4.0,2.0,6439.0,7023.0,32.0,7929.0,5716.0,45.0,-1490.0,1307.0,-13.0,1.0,5.0,1.0,3.0,4.0,3.0
LOLTMNT01_411931,complete,,MSI,2026,,0,2026-06-28 07:46:51,3,16.13,6,Red,top,Flauren,oe:player:8debac77f7c6101af768dc729323a67,Deep Cross Gaming,oe:team:7e56e9367c023df96cc8257ff4e16c0,1.0,Sion,Lucian,Poppy,Anivia,Nasus,Yone,,,,,,2010,0,1,4,6,14,25,0.0,0.0,0.0,0.0,0.0,0.0,0.0,0.0,0.4179,1.1642,,,,,,,,,,,,,,,,,,,,,0.0,0.0,,,,,,,,,,0.0,0.0,21756,649.4328,0.245622,1509.8507,2983.2537,1522.0,14,0.4179,3,0.0896,3,37,1.1045,11644,7268,216.9552,0.161511,10075,,,251.0,251.0,0,,,7.4925,3086.0,4747.0,76.0,3740.0,4580.0,83.0,-654.0,167.0,-7.0,0.0,0.0,1.0,1.0,0.0,1.0,4862.0,8327.0,120.0,5772.0,8003.0,133.0,-910.0,324.0,-13.0,1.0,0.0,1.0,1.0,0.0,2.0,7098.0,11670.0,172.0,8483.0,12254.0,197.0,-1385.0,-584.0,-25.0,1.0,2.0,2.0,2.0,2.0,2.0,8527.0,14014.0,208.0,10717.0,15598.0,254.0,-2190.0,-1584.0,-46.0,1.0,2.0,2.0,3.0,3.0,2.0
LOLTMNT01_411931,complete,,MSI,2026,,0,2026-06-28 07:46:51,3,16.13,7,Red,jng,Pop9,oe:player:32aa62568603d99d16591ee5dd52a8a,Deep Cross Gaming,oe:team:7e56e9367c023df96cc8257ff4e16c0,1.0,Qiyana,Lucian,Poppy,Anivia,Nasus,Yone,,,,,,2010,0,2,5,3,14,25,0.0,0.0,0.0,0.0,0.0,0.0,0.0,0.0,0.4179,1.1642,,,,,,,,,,,,,,,,,,,,,1.0,1.0,,,,,,,,,,0.0,1.0,14869,443.8507,0.167869,906.6567,548.5373,0.0,14,0.4179,13,0.3881,12,60,1.791,14690,10314,307.8806,0.2292,15050,,,244.0,48.0,196,,,7.2836,3771.0,4145.0,82.0,3447.0,4278.0,80.0,324.0,-133.0,2.0,0.0,0.0,0.0,0.0,0.0,1.0,5451.0,6226.0,117.0,6108.0,7835.0,133.0,-657.0,-1609.0,-16.0,0.0,1.0,2.0,2.0,0.0,1.0,7324.0,8290.0,147.0,9882.0,11584.0,178.0,-2558.0,-3294.0,-31.0,0.0,2.0,3.0,5.0,2.0,1.0,9057.0,11269.0,187.0,12632.0,14677.0,226.0,-3575.0,-3408.0,-39.0,0.0,2.0,3.0,7.0,3.0,1.0
LOLTMNT01_411931,complete,,MSI,2026,,0,2026-06-28 07:46:51,3,16.13,8,Red,mid,HongSuo,oe:player:32ddd24ac02f57871c631c66265d2f6,Deep Cross Gaming,oe:team:7e56e9367c023df96cc8257ff4e16c0,1.0,Ryze,Lucian,Poppy,Anivia,Nasus,Yone,,,,,,2010,0,4,6,5,14,25,1.0,0.0,0.0,0.0,0.0,0.0,0.0,0.0,0.4179,1.1642,,,,,,,,,,,,,,,,,,,,,0.0,0.0,,,,,,,,,,0.0,1.0,22992,686.3284,0.259577,947.403,745.3433,7605.0,11,0.3284,12,0.3582,8,54,1.6119,14344,9968,297.5522,0.221511,14050,,,325.0,321.0,4,,,9.7015,4266.0,4847.0,88.0,3361.0,5024.0,90.0,905.0,-177.0,-2.0,2.0,1.0,0.0,0.0,0.0,0.0,6154.0,7727.0,141.0,5412.0,7985.0,137.0,742.0,-258.0,4.0,2.0,2.0,0.0,1.0,1.0,0.0,8340.0,10344.0,196.0,7064.0,10434.0,171.0,1276.0,-90.0,25.0,3.0,2.0,2.0,1.0,3.0,2.0,10170.0,14308.0,245.0,9001.0,13208.0,217.0,1169.0,1100.0,28.0,3.0,2.0,3.0,1.0,5.0,2.0
LOLTMNT01_411931,complete,,MSI,2026,,0,2026-06-28 07:46:51,3,16.13,9,Red,bot,Feng,oe:player:e9a0da5ca2d009aeedf5afcfccffde5,Deep Cross Gaming,oe:team:7e56e9367c023df96cc8257ff4e16c0,1.0,Jhin,Lucian,Poppy,Anivia,Nasus,Yone,,,,,,2010,0,3,5,6,14,25,1.0,0.0,0.0,0.0,1.0,0.0,1.0,0.0,0.4179,1.1642,,,,,,,,,,,,,,,,,,,,,0.0,0.0,,,,,,,,,,0.0,0.0,19017,567.6716,0.214699,508.0299,383.7313,3638.0,18,0.5373,11,0.3284,8,49,1.4627,15327,10951,326.8955,0.243356,14300,,,319.0,319.0,0,,,9.5224,3794.0,3695.0,90.0,3149.0,3177.0,76.0,645.0,518.0,14.0,0.0,4.0,1.0,0.0,1.0,2.0,6005.0,6501.0,145.0,5434.0,5799.0,134.0,571.0,702.0,11.0,0.0,4.0,1.0,0.0,1.0,2.0,8146.0,9201.0,196.0,8523.0,8994.0,203.0,-377.0,207.0,-7.0,1.0,4.0,1.0,1.0,1.0,2.0,10123.0,11358.0,254.0,10847.0,11768.0,266.0,-724.0,-410.0,-12.0,1.0,4.0,2.0,1.0,3.0,2.0
LOLTMNT01_411931,complete,,MSI,2026,,0,2026-06-28 07:46:51,3,16.13,10,Red,sup,ShiauC,oe:player:5d7f415cbf04b549c235a8a3d83a763,Deep Cross Gaming,oe:team:7e56e9367c023df96cc8257ff4e16c0,1.0,Pyke,Lucian,Poppy,Anivia,Nasus,Yone,,,,,,2010,0,4,5,6,14,25,0.0,0.0,0.0,0.0,1.0,1.0,0.0,0.0,0.4179,1.1642,,,,,,,,,,,,,,,,,,,,,0.0,0.0,,,,,,,,,,0.0,0.0,9941,296.7463,0.112233,640.806,395.2239,0.0,70,2.0896,38,1.1343,40,198,5.9104,10875,6499,194.0,0.144422,9760,,,58.0,58.0,0,,,1.7313,3513.0,3127.0,17.0,2696.0,2592.0,18.0,817.0,535.0,-1.0,2.0,2.0,0.0,1.0,0.0,0.0,4726.0,3375.0,27.0,3910.0,3674.0,24.0,816.0,-299.0,3.0,2.0,2.0,1.0,1.0,1.0,0.0,6632.0,5087.0,35.0,5177.0,4977.0,29.0,1455.0,110.0,6.0,3.0,4.0,2.0,1.0,2.0,1.0,7929.0,5716.0,45.0,6439.0,7023.0,32.0,1490.0,-1307.0,13.0,3.0,4.0,3.0,1.0,5.0,1.0
LOLTMNT01_411931,complete,,MSI,2026,,0,2026-06-28 07:46:51,3,16.13,100,Blue,team,,,Karmine Corp,oe:team:f3aa9bbd924ce3af42ac53f8326bc7c,0.0,,Ashe,Nocturne,Varus,Neeko,Karma,Lulu,Taliyah,Yunara,Renekton,Wukong,2010,1,25,14,52,25,14,2.0,1.0,0.0,0.0,0.0,,,,0.7463,1.1642,0.0,3.0,2.0,3.0,2.0,0.0,0.0,0.0,0.0,0.0,3.0,,0.0,0.0,1.0,1.0,0.0,0.0,3.0,1.0,1.0,1.0,0.0,0.0,1.0,10.0,2.0,1.0,1.0,43.0,13.0,2.0,0.0,123625,3690.2985,,3407.9403,3205.6119,42024.0,144,4.2985,52,1.5522,56,338,10.0896,74766,52886,1578.6866,,67543,0.0658826,0.94,,965.0,290,,,37.4627,16393.0,19651.0,347.0,18430.0,20561.0,353.0,-2037.0,-910.0,-6.0,2.0,1.0,4.0,4.0,7.0,2.0,26636.0,33296.0,561.0,27198.0,32156.0,550.0,-562.0,1140.0,11.0,5.0,3.0,5.0,5.0,9.0,5.0,39129.0,48243.0,778.0,37540.0,44592.0,746.0,1589.0,3651.0,32.0,10.0,10.0,8.0,8.0,14.0,10.0,49636.0,62274.0,995.0,45806.0,56665.0,939.0,3830.0,5609.0,56.0,13.0,19.0,8.0,8.0,14.0,13.0
LOLTMNT01_411931,complete,,MSI,2026,,0,2026-06-28 07:46:51,3,16.13,200,Red,team,,,Deep Cross Gaming,oe:team:7e56e9367c023df96cc8257ff4e16c0,1.0,,Lucian,Poppy,Anivia,Nasus,Yone,Ryze,Qiyana,Sion,Jhin,Pyke,2010,0,14,25,26,14,25,2.0,0.0,0.0,0.0,1.0,,,,0.4179,1.1642,1.0,2.0,3.0,2.0,3.0,1.0,1.0,0.0,0.0,0.0,0.0,,0.0,0.0,0.0,0.0,1.0,3.0,0.0,0.0,1.0,1.0,0.0,0.0,0.0,2.0,10.0,0.0,0.0,13.0,43.0,0.0,2.0,88575,2644.0299,,4512.7463,5056.0896,12765.0,127,3.791,77,2.2985,71,398,11.8806,66880,45000,1343.2836,,63235,-0.0658826,-0.94,,997.0,200,,,35.7313,18430.0,20561.0,353.0,16393.0,19651.0,347.0,2037.0,910.0,6.0,4.0,7.0,2.0,2.0,1.0,4.0,27198.0,32156.0,550.0,26636.0,33296.0,561.0,562.0,-1140.0,-11.0,5.0,9.0,5.0,5.0,3.0,5.0,37540.0,44592.0,746.0,39129.0,48243.0,778.0,-1589.0,-3651.0,-32.0,8.0,14.0,10.0,10.0,10.0,8.0,45806.0,56665.0,939.0,49636.0,62274.0,995.0,-3830.0,-5609.0,-56.0,8.0,14.0,13.0,13.0,19.0,8.0
LOLTMNT01_413227,complete,,MSI,2026,,0,2026-06-29 03:09:11,1,16.13,1,Blue,top,Doran,oe:player:a1f3b2bb3f36e5113237f92d76dc4c8,T1,oe:team:ce499dea30cfce118f4fe85da0227e8,0.0,Jayce,Rumble,Vi,Jarvan IV,Wukong,Xin Zhao,,,,,,1843,1,5,3,4,27,14,1.0,0.0,0.0,0.0,0.0,0.0,0.0,0.0,0.879,1.3348,,,,,,,,,,,,,,,,,,,,,0.0,0.0,,,,,,,,,,1.0,0.0,25102,817.2111,0.249235,629.4303,440.9984,15751.0,12,0.3907,5,0.1628,3,37,1.2046,14072,10037,326.7607,0.201526,13025,,,295.0,262.0,33,,,9.6039,4034.0,5458.0,106.0,3172.0,5162.0,81.0,862.0,296.0,25.0,0.0,0.0,0.0,0.0,0.0,0.0,6535.0,9170.0,168.0,4860.0,8727.0,130.0,1675.0,443.0,38.0,1.0,0.0,1.0,0.0,2.0,0.0,8507.0,11482.0,210.0,6814.0,12636.0,189.0,1693.0,-1154.0,21.0,1.0,0.0,2.0,0.0,3.0,0.0,10447.0,14554.0,250.0,8953.0,16406.0,220.0,1494.0,-1852.0,30.0,2.0,2.0,3.0,2.0,4.0,0.0
LOLTMNT01_413227,complete,,MSI,2026,,0,2026-06-29 03:09:11,1,16.13,2,Blue,jng,Oner,oe:player:f8b68f268106124fc4bc1c946adc9b0,T1,oe:team:ce499dea30cfce118f4fe85da0227e8,0.0,Nocturne,Rumble,Vi,Jarvan IV,Wukong,Xin Zhao,,,,,,1843,1,7,2,12,27,14,0.0,0.0,0.0,0.0,1.0,1.0,0.0,0.0,0.879,1.3348,,,,,,,,,,,,,,,,,,,,,1.0,0.0,,,,,,,,,,1.0,0.0,22325,726.8041,0.221663,1181.0852,826.0988,2111.0,10,0.3256,9,0.293,7,63,2.051,16202,12167,396.1042,0.244294,14775,,,283.0,25.0,258,,,9.2132,4413.0,4396.0,88.0,3248.0,3033.0,53.0,1165.0,1363.0,35.0,2.0,2.0,0.0,1.0,0.0,1.0,6990.0,7427.0,137.0,5427.0,5653.0,80.0,1563.0,1774.0,57.0,4.0,2.0,0.0,3.0,1.0,3.0,9913.0,10975.0,185.0,7165.0,8103.0,106.0,2748.0,2872.0,79.0,5.0,3.0,0.0,4.0,1.0,4.0,12641.0,14466.0,231.0,8820.0,10014.0,124.0,3821.0,4452.0,107.0,6.0,7.0,1.0,5.0,2.0,6.0
LOLTMNT01_413227,complete,,MSI,2026,,0,2026-06-29 03:09:11,1,16.13,3,Blue,mid,Faker,oe:player:e1edfc5cea461399a63cb813cf795cc,T1,oe:team:ce499dea30cfce118f4fe85da0227e8,0.0,Akali,Rumble,Vi,Jarvan IV,Wukong,Xin Zhao,,,,,,1843,1,2,2,2,27,14,0.0,0.0,0.0,0.0,0.0,0.0,0.0,0.0,0.879,1.3348,,,,,,,,,,,,,,,,,,,,,0.0,0.0,,,,,,,,,,1.0,0.0,11963,389.4628,0.11878,704.7314,432.2735,8237.0,10,0.3256,10,0.3256,3,40,1.3022,13173,9138,297.4932,0.183475,12575,,,308.0,304.0,4,,,10.0271,3468.0,5125.0,99.0,3400.0,4771.0,96.0,68.0,354.0,3.0,0.0,0.0,0.0,0.0,0.0,0.0,5177.0,7365.0,144.0,5667.0,7217.0,136.0,-490.0,148.0,8.0,0.0,1.0,1.0,1.0,1.0,1.0,8150.0,10653.0,208.0,7669.0,10530.0,198.0,481.0,123.0,10.0,0.0,1.0,1.0,1.0,2.0,1.0,10304.0,13265.0,256.0,10518.0,14934.0,247.0,-214.0,-1669.0,9.0,1.0,2.0,2.0,2.0,4.0,2.0
LOLTMNT01_413227,complete,,MSI,2026,,0,2026-06-29 03:09:11,1,16.13,4,Blue,bot,Peyz,oe:player:5bbc2b92348d930ebd500cb9ce71bb7,T1,oe:team:ce499dea30cfce118f4fe85da0227e8,0.0,Mel,Rumble,Vi,Jarvan IV,Wukong,Xin Zhao,,,,,,1843,1,10,2,10,27,14,1.0,0.0,0.0,0.0,1.0,0.0,1.0,0.0,0.879,1.3348,,,,,,,,,,,,,,,,,,,,,0.0,0.0,,,,,,,,,,0.0,0.0,31446,1023.7439,0.312224,616.6359,333.1416,14303.0,12,0.3907,4,0.1302,4,27,0.879,17125,13090,426.153,0.262827,16950,,,308.0,300.0,8,,,10.0271,4342.0,4058.0,80.0,2875.0,2870.0,59.0,1467.0,1188.0,21.0,4.0,1.0,1.0,0.0,1.0,2.0,7805.0,7051.0,132.0,4851.0,5170.0,96.0,2954.0,1881.0,36.0,6.0,3.0,2.0,1.0,5.0,3.0,10658.0,10204.0,196.0,7274.0,7058.0,140.0,3384.0,3146.0,56.0,6.0,5.0,2.0,1.0,5.0,4.0,13852.0,13516.0,253.0,9597.0,9682.0,186.0,4255.0,3834.0,67.0,9.0,6.0,2.0,1.0,8.0,6.0
LOLTMNT01_413227,complete,,MSI,2026,,0,2026-06-29 03:09:11,1,16.13,5,Blue,sup,Keria,oe:player:db79ce6ad35451c938fbe2995dabd37,T1,oe:team:ce499dea30cfce118f4fe85da0227e8,0.0,Pyke,Rumble,Vi,Jarvan IV,Wukong,Xin Zhao,,,,,,1843,1,3,5,14,27,14,0.0,0.0,0.0,0.0,1.0,0.0,1.0,0.0,0.879,1.3348,,,,,,,,,,,,,,,,,,,,,0.0,0.0,,,,,,,,,,0.0,0.0,9880,321.6495,0.0980976,571.0581,313.6082,379.0,71,2.3114,21,0.6837,32,151,4.9159,9408,5373,174.9213,0.107878,9205,,,30.0,30.0,0,,,0.9767,2850.0,1944.0,6.0,2522.0,1873.0,11.0,328.0,71.0,-5.0,0.0,6.0,0.0,0.0,0.0,3.0,4379.0,3102.0,15.0,4267.0,3875.0,17.0,112.0,-773.0,-2.0,0.0,9.0,2.0,1.0,4.0,4.0,6124.0,5218.0,20.0,5297.0,5473.0,22.0,827.0,-255.0,-2.0,2.0,9.0,2.0,1.0,4.0,5.0,7730.0,6807.0,24.0,6435.0,7499.0,26.0,1295.0,-692.0,-2.0,3.0,12.0,3.0,1.0,6.0,7.0
LOLTMNT01_413227,complete,,MSI,2026,,0,2026-06-29 03:09:11,1,16.13,6,Red,top,Canna,oe:player:7577c239c73fa5f3011cd7b5503e75e,Karmine Corp,oe:team:f3aa9bbd924ce3af42ac53f8326bc7c,1.0,Sion,Varus,Bard,Lee Sin,Camille,Nautilus,,,,,,1843,0,2,0,5,14,27,0.0,0.0,0.0,0.0,0.0,0.0,0.0,0.0,0.4558,1.3348,,,,,,,,,,,,,,,,,,,,,0.0,0.0,,,,,,,,,,0.0,1.0,13301,433.0222,0.187235,983.1145,1900.0434,787.0,15,0.4883,6,0.1953,3,44,1.4324,10370,6335,206.2398,0.175202,10125,,,242.0,242.0,0,,,7.8785,3172.0,5162.0,81.0,4034.0,5458.0,106.0,-862.0,-296.0,-25.0,0.0,0.0,0.0,0.0,0.0,0.0,4860.0,8727.0,130.0,6535.0,9170.0,168.0,-1675.0,-443.0,-38.0,0.0,2.0,0.0,1.0,0.0,1.0,6814.0,12636.0,189.0,8507.0,11482.0,210.0,-1693.0,1154.0,-21.0,0.0,3.0,0.0,1.0,0.0,2.0,8953.0,16406.0,220.0,10447.0,14554.0,250.0,-1494.0,1852.0,-30.0,2.0,4.0,0.0,2.0,2.0,3.0
LOLTMNT01_413227,complete,,MSI,2026,,0,2026-06-29 03:09:11,1,16.13,7,Red,jng,Yike,oe:player:4203fc46c4c6333e9bfa9d0a8618677,Karmine Corp,oe:team:f3aa9bbd924ce3af42ac53f8326bc7c,1.0,Naafiri,Varus,Bard,Lee Sin,Camille,Nautilus,,,,,,1843,0,7,8,3,14,27,1.0,0.0,0.0,0.0,0.0,0.0,0.0,0.0,0.4558,1.3348,,,,,,,,,,,,,,,,,,,,,0.0,1.0,,,,,,,,,,0.0,1.0,12517,407.4986,0.176199,825.5128,482.0184,0.0,8,0.2604,6,0.1953,5,36,1.172,10953,6918,225.2198,0.191327,10475,,,139.0,18.0,121,,,4.5252,3248.0,3033.0,53.0,4413.0,4396.0,88.0,-1165.0,-1363.0,-35.0,1.0,0.0,1.0,2.0,2.0,0.0,5427.0,5653.0,80.0,6990.0,7427.0,137.0,-1563.0,-1774.0,-57.0,3.0,1.0,3.0,4.0,2.0,0.0,7165.0,8103.0,106.0,9913.0,10975.0,185.0,-2748.0,-2872.0,-79.0,4.0,1.0,4.0,5.0,3.0,0.0,8820.0,10014.0,124.0,12641.0,14466.0,231.0,-3821.0,-4452.0,-107.0,5.0,2.0,6.0,6.0,7.0,1.0
LOLTMNT01_413227,complete,,MSI,2026,,0,2026-06-29 03:09:11,1,16.13,8,Red,mid,kyeahoo,oe:player:308e48bf56284c09a1a9aadf55bc80c,Karmine Corp,oe:team:f3aa9bbd924ce3af42ac53f8326bc7c,1.0,Orianna,Varus,Bard,Lee Sin,Camille,Nautilus,,,,,,1843,0,3,3,4,14,27,0.0,0.0,0.0,0.0,0.0,0.0,0.0,0.0,0.4558,1.3348,,,,,,,,,,,,,,,,,,,,,0.0,0.0,,,,,,,,,,0.0,1.0,18476,601.4976,0.260082,518.6761,301.6929,5512.0,13,0.4232,6,0.1953,3,36,1.172,13561,9526,310.1248,0.263458,13125,,,312.0,312.0,0,,,10.1574,3400.0,4771.0,96.0,3468.0,5125.0,99.0,-68.0,-354.0,-3.0,0.0,0.0,0.0,0.0,0.0,0.0,5667.0,7217.0,136.0,5177.0,7365.0,144.0,490.0,-148.0,-8.0,1.0,1.0,1.0,0.0,1.0,1.0,7669.0,10530.0,198.0,8150.0,10653.0,208.0,-481.0,-123.0,-10.0,1.0,2.0,1.0,0.0,1.0,1.0,10518.0,14934.0,247.0,10304.0,13265.0,256.0,214.0,1669.0,-9.0,2.0,4.0,2.0,1.0,2.0,2.0
LOLTMNT01_413227,complete,,MSI,2026,,0,2026-06-29 03:09:11,1,16.13,9,Red,bot,Caliste,oe:player:e2af2b779499aa25ab9a9c10c9a5ffd,Karmine Corp,oe:team:f3aa9bbd924ce3af42ac53f8326bc7c,1.0,Ashe,Varus,Bard,Lee Sin,Camille,Nautilus,,,,,,1843,0,1,8,10,14,27,0.0,0.0,0.0,0.0,0.0,0.0,0.0,1.0,0.4558,1.3348,,,,,,,,,,,,,,,,,,,,,0.0,0.0,,,,,,,,,,0.0,0.0,15154,493.3478,0.213319,826.0662,394.6717,3184.0,12,0.3907,16,0.5209,2,53,1.7254,13379,9344,304.1997,0.258424,13150,,,258.0,258.0,0,,,8.3993,2875.0,2870.0,59.0,4342.0,4058.0,80.0,-1467.0,-1188.0,-21.0,0.0,1.0,2.0,4.0,1.0,1.0,4851.0,5170.0,96.0,7805.0,7051.0,132.0,-2954.0,-1881.0,-36.0,1.0,5.0,3.0,6.0,3.0,2.0,7274.0,7058.0,140.0,10658.0,10204.0,196.0,-3384.0,-3146.0,-56.0,1.0,5.0,4.0,6.0,5.0,2.0,9597.0,9682.0,186.0,13852.0,13516.0,253.0,-4255.0,-3834.0,-67.0,1.0,8.0,6.0,9.0,6.0,2.0
LOLTMNT01_413227,complete,,MSI,2026,,0,2026-06-29 03:09:11,1,16.13,10,Red,sup,Busio,oe:player:3e722c8ede909c83af9342c41805a16,Karmine Corp,oe:team:f3aa9bbd924ce3af42ac53f8326bc7c,1.0,Seraphine,Varus,Bard,Lee Sin,Camille,Nautilus,,,,,,1843,0,1,8,9,14,27,0.0,0.0,0.0,0.0,0.0,0.0,0.0,0.0,0.4558,1.3348,,,,,,,,,,,,,,,,,,,,,0.0,0.0,,,,,,,,,,0.0,0.0,11591,377.3521,0.163164,644.3733,373.8687,0.0,68,2.2138,13,0.4232,26,124,4.0369,8070,4035,131.3619,0.11159,7630,,,32.0,32.0,0,,,1.0418,2522.0,1873.0,11.0,2850.0,1944.0,6.0,-328.0,-71.0,5.0,0.0,0.0,3.0,0.0,6.0,0.0,4267.0,3875.0,17.0,4379.0,3102.0,15.0,-112.0,773.0,2.0,1.0,4.0,4.0,0.0,9.0,2.0,5297.0,5473.0,22.0,6124.0,5218.0,20.0,-827.0,255.0,2.0,1.0,4.0,5.0,2.0,9.0,2.0,6435.0,7499.0,26.0,7730.0,6807.0,24.0,-1295.0,692.0,2.0,1.0,6.0,7.0,3.0,12.0,3.0
LOLTMNT01_413227,complete,,MSI,2026,,0,2026-06-29 03:09:11,1,16.13,100,Blue,team,,,T1,oe:team:ce499dea30cfce118f4fe85da0227e8,0.0,,Rumble,Vi,Jarvan IV,Wukong,Xin Zhao,Jayce,Nocturne,Mel,Pyke,Akali,1843,1,27,14,42,27,14,2.0,0.0,0.0,0.0,1.0,,,,0.879,1.3348,1.0,4.0,0.0,4.0,0.0,0.0,0.0,2.0,1.0,0.0,1.0,,0.0,0.0,1.0,1.0,0.0,3.0,0.0,1.0,1.0,0.0,0.0,0.0,1.0,11.0,1.0,1.0,1.0,45.0,9.0,3.0,0.0,100716,3278.8714,,3702.9409,2346.1205,40781.0,115,3.7439,49,1.5952,49,318,10.3527,69980,49803,1621.3673,,66530,0.198703,4.95,,921.0,303,,,39.8481,19107.0,20981.0,379.0,15217.0,17709.0,300.0,3890.0,3272.0,79.0,6.0,9.0,1.0,1.0,1.0,6.0,30886.0,34115.0,596.0,25072.0,30642.0,459.0,5814.0,3473.0,137.0,11.0,15.0,6.0,6.0,13.0,11.0,43352.0,48532.0,819.0,34219.0,43800.0,655.0,9133.0,4732.0,164.0,14.0,18.0,7.0,7.0,15.0,14.0,54974.0,62608.0,1014.0,44323.0,58535.0,803.0,10651.0,4073.0,211.0,21.0,29.0,11.0,11.0,24.0,21.0
LOLTMNT01_413227,complete,,MSI,2026,,0,2026-06-29 03:09:11,1,16.13,200,Red,team,,,Karmine Corp,oe:team:f3aa9bbd924ce3af42ac53f8326bc7c,1.0,,Varus,Bard,Lee Sin,Camille,Nautilus,Orianna,Ashe,Seraphine,Sion,Naafiri,1843,0,14,27,31,14,27,1.0,0.0,0.0,0.0,0.0,,,,0.4558,1.3348,0.0,0.0,4.0,0.0,4.0,0.0,0.0,0.0,0.0,0.0,0.0,,0.0,0.0,0.0,0.0,1.0,0.0,3.0,0.0,0.0,1.0,0.0,0.0,0.0,1.0,11.0,0.0,0.0,9.0,45.0,0.0,3.0,71039,2312.7184,,3797.7428,3452.2952,9483.0,116,3.7765,47,1.5301,39,293,9.5388,56333,36156,1177.0808,,54505,-0.198703,-4.95,,862.0,121,,,32.0022,15217.0,17709.0,300.0,19107.0,20981.0,379.0,-3890.0,-3272.0,-79.0,1.0,1.0,6.0,6.0,9.0,1.0,25072.0,30642.0,459.0,30886.0,34115.0,596.0,-5814.0,-3473.0,-137.0,6.0,13.0,11.0,11.0,15.0,6.0,34219.0,43800.0,655.0,43352.0,48532.0,819.0,-9133.0,-4732.0,-164.0,7.0,15.0,14.0,14.0,18.0,7.0,44323.0,58535.0,803.0,54974.0,62608.0,1014.0,-10651.0,-4073.0,-211.0,11.0,24.0,21.0,21.0,29.0,11.0
LOLTMNT01_414165,complete,,MSI,2026,,0,2026-06-29 04:00:06,2,16.13,1,Blue,top,Doran,oe:player:a1f3b2bb3f36e5113237f92d76dc4c8,T1,oe:team:ce499dea30cfce118f4fe85da0227e8,0.0,Gragas,Rumble,Vi,Ziggs,Jarvan IV,Gnar,,,,,,2117,1,4,3,12,27,23,1.0,0.0,0.0,0.0,0.0,0.0,0.0,0.0,0.7652,1.4171,,,,,,,,,,,,,,,,,,,,,0.0,0.0,,,,,,,,,,0.0,0.0,14968,424.223,0.149041,895.2102,1486.1691,8377.0,6,0.1701,11,0.3118,1,32,0.9069,14265,9671,274.0954,0.182396,11975,,,261.0,261.0,0,,,7.3973,3067.0,4311.0,66.0,3404.0,4507.0,85.0,-337.0,-196.0,-19.0,0.0,2.0,1.0,0.0,1.0,2.0,4747.0,7983.0,106.0,5008.0,7374.0,117.0,-261.0,609.0,-11.0,0.0,2.0,1.0,1.0,2.0,2.0,6768.0,10827.0,149.0,7312.0,10606.0,152.0,-544.0,221.0,-3.0,1.0,3.0,2.0,3.0,4.0,3.0,8823.0,14108.0,178.0,8814.0,12970.0,194.0,9.0,1138.0,-16.0,2.0,8.0,2.0,3.0,4.0,5.0
LOLTMNT01_414165,complete,,MSI,2026,,0,2026-06-29 04:00:06,2,16.13,2,Blue,jng,Oner,oe:player:f8b68f268106124fc4bc1c946adc9b0,T1,oe:team:ce499dea30cfce118f4fe85da0227e8,0.0,Wukong,Rumble,Vi,Ziggs,Jarvan IV,Gnar,,,,,,2117,1,9,4,13,27,23,0.0,0.0,0.0,0.0,1.0,0.0,1.0,0.0,0.7652,1.4171,,,,,,,,,,,,,,,,,,,,,2.0,0.0,,,,,,,,,,0.0,0.0,19668,557.4303,0.19584,1159.641,1037.572,0.0,15,0.4251,16,0.4535,12,69,1.9556,16572,11978,339.4804,0.225907,16233,,,244.0,29.0,215,,,6.9154,4133.0,3458.0,58.0,4662.0,3988.0,75.0,-529.0,-530.0,-17.0,3.0,1.0,1.0,2.0,2.0,1.0,6289.0,6081.0,99.0,7214.0,6519.0,122.0,-925.0,-438.0,-23.0,4.0,1.0,2.0,2.0,5.0,2.0,9059.0,9313.0,150.0,9463.0,9453.0,166.0,-404.0,-140.0,-16.0,5.0,2.0,2.0,2.0,7.0,2.0,12183.0,12890.0,192.0,11262.0,10765.0,191.0,921.0,2125.0,1.0,7.0,7.0,2.0,2.0,7.0,3.0
LOLTMNT01_414165,complete,,MSI,2026,,0,2026-06-29 04:00:06,2,16.13,3,Blue,mid,Faker,oe:player:e1edfc5cea461399a63cb813cf795cc,T1,oe:team:ce499dea30cfce118f4fe85da0227e8,0.0,Syndra,Rumble,Vi,Ziggs,Jarvan IV,Gnar,,,,,,2117,1,3,5,14,27,23,0.0,0.0,0.0,0.0,0.0,0.0,0.0,0.0,0.7652,1.4171,,,,,,,,,,,,,,,,,,,,,0.0,0.0,,,,,,,,,,1.0,0.0,28529,808.5687,0.284071,746.7548,344.9504,4896.0,21,0.5952,4,0.1134,8,42,1.1904,14023,9429,267.2367,0.177831,13550,,,296.0,296.0,0,,,8.3892,3498.0,5279.0,102.0,3282.0,4559.0,88.0,216.0,720.0,14.0,0.0,0.0,0.0,0.0,0.0,0.0,5017.0,7489.0,140.0,5404.0,7552.0,144.0,-387.0,-63.0,-4.0,0.0,1.0,1.0,1.0,0.0,0.0,7494.0,10022.0,184.0,7886.0,10415.0,183.0,-392.0,-393.0,1.0,1.0,2.0,2.0,3.0,3.0,1.0,9097.0,13038.0,216.0,9775.0,15079.0,229.0,-678.0,-2041.0,-13.0,1.0,6.0,3.0,4.0,3.0,1.0
LOLTMNT01_414165,complete,,MSI,2026,,0,2026-06-29 04:00:06,2,16.13,4,Blue,bot,Peyz,oe:player:5bbc2b92348d930ebd500cb9ce71bb7,T1,oe:team:ce499dea30cfce118f4fe85da0227e8,0.0,Caitlyn,Rumble,Vi,Ziggs,Jarvan IV,Gnar,,,,,,2117,1,10,5,10,27,23,3.0,0.0,0.0,0.0,1.0,1.0,0.0,0.0,0.7652,1.4171,,,,,,,,,,,,,,,,,,,,,0.0,0.0,,,,,,,,,,0.0,0.0,29774,843.8545,0.296468,581.8895,351.129,24218.0,15,0.4251,15,0.4251,6,45,1.2754,21556,16962,480.7369,0.319908,17505,,,360.0,347.0,13,,,10.2031,3835.0,2979.0,65.0,3828.0,3785.0,82.0,7.0,-806.0,-17.0,2.0,3.0,2.0,0.0,4.0,1.0,6329.0,5289.0,121.0,7127.0,6670.0,138.0,-798.0,-1381.0,-17.0,2.0,3.0,3.0,0.0,6.0,1.0,8974.0,8194.0,176.0,9896.0,9731.0,208.0,-922.0,-1537.0,-32.0,2.0,5.0,4.0,1.0,6.0,1.0,12805.0,12140.0,231.0,11626.0,11413.0,245.0,1179.0,727.0,-14.0,6.0,6.0,4.0,1.0,6.0,3.0
LOLTMNT01_414165,complete,,MSI,2026,,0,2026-06-29 04:00:06,2,16.13,5,Blue,sup,Keria,oe:player:db79ce6ad35451c938fbe2995dabd37,T1,oe:team:ce499dea30cfce118f4fe85da0227e8,0.0,Bard,Rumble,Vi,Ziggs,Jarvan IV,Gnar,,,,,,2117,1,1,6,17,27,23,0.0,0.0,0.0,0.0,1.0,0.0,1.0,0.0,0.7652,1.4171,,,,,,,,,,,,,,,,,,,,,0.0,0.0,,,,,,,,,,0.0,0.0,7490,212.2815,0.0745801,686.0463,613.0657,78.0,92,2.6075,12,0.3401,42,155,4.393,9576,4982,141.1998,0.0939582,8820,,,23.0,23.0,0,,,0.6519,2950.0,2590.0,7.0,3460.0,2311.0,16.0,-510.0,279.0,-9.0,1.0,4.0,1.0,3.0,1.0,2.0,4198.0,3840.0,13.0,5276.0,3388.0,21.0,-1078.0,452.0,-8.0,1.0,5.0,2.0,5.0,1.0,2.0,5314.0,4826.0,18.0,6470.0,4450.0,24.0,-1156.0,376.0,-6.0,1.0,6.0,4.0,5.0,3.0,3.0,6827.0,8038.0,20.0,7453.0,4599.0,27.0,-626.0,3439.0,-7.0,1.0,12.0,4.0,5.0,3.0,5.0
LOLTMNT01_414165,complete,,MSI,2026,,0,2026-06-29 04:00:06,2,16.13,6,Red,top,Canna,oe:player:7577c239c73fa5f3011cd7b5503e75e,Karmine Corp,oe:team:f3aa9bbd924ce3af42ac53f8326bc7c,1.0,Renekton,Varus,Lee Sin,Poppy,Galio,Vayne,,,,,,2117,0,3,7,6,23,27,0.0,0.0,0.0,0.0,0.0,0.0,0.0,0.0,0.6519,1.4171,,,,,,,,,,,,,,,,,,,,,0.0,0.0,,,,,,,,,,0.0,0.0,21022,595.8054,0.172579,997.9499,1063.8451,1280.0,22,0.6235,5,0.1417,10,52,1.4738,12479,7885,223.4766,0.165546,12530,,,279.0,271.0,8,,,7.9074,3404.0,4507.0,85.0,3067.0,4311.0,66.0,337.0,196.0,19.0,0.0,1.0,2.0,0.0,2.0,1.0,5008.0,7374.0,117.0,4747.0,7983.0,106.0,261.0,-609.0,11.0,1.0,2.0,2.0,0.0,2.0,1.0,7312.0,10606.0,152.0,6768.0,10827.0,149.0,544.0,-221.0,3.0,3.0,4.0,3.0,1.0,3.0,2.0,8814.0,12970.0,194.0,8823.0,14108.0,178.0,-9.0,-1138.0,16.0,3.0,4.0,5.0,2.0,8.0,2.0
LOLTMNT01_414165,complete,,MSI,2026,,0,2026-06-29 04:00:06,2,16.13,7,Red,jng,Yike,oe:player:4203fc46c4c6333e9bfa9d0a8618677,Karmine Corp,oe:team:f3aa9bbd924ce3af42ac53f8326bc7c,1.0,Qiyana,Varus,Lee Sin,Poppy,Galio,Vayne,,,,,,2117,0,4,6,9,23,27,1.0,0.0,0.0,0.0,0.0,0.0,0.0,0.0,0.6519,1.4171,,,,,,,,,,,,,,,,,,,,,0.0,2.0,,,,,,,,,,0.0,0.0,25522,723.3444,0.209521,771.4407,522.6547,3247.0,12,0.3401,23,0.6519,12,80,2.2674,15882,11288,319.9244,0.236995,15700,,,264.0,30.0,234,,,7.4823,4662.0,3988.0,75.0,4133.0,3458.0,58.0,529.0,530.0,17.0,2.0,2.0,1.0,3.0,1.0,1.0,7214.0,6519.0,122.0,6289.0,6081.0,99.0,925.0,438.0,23.0,2.0,5.0,2.0,4.0,1.0,2.0,9463.0,9453.0,166.0,9059.0,9313.0,150.0,404.0,140.0,16.0,2.0,7.0,2.0,5.0,2.0,2.0,11262.0,10765.0,191.0,12183.0,12890.0,192.0,-921.0,-2125.0,-1.0,2.0,7.0,3.0,7.0,7.0,2.0
LOLTMNT01_414165,complete,,MSI,2026,,0,2026-06-29 04:00:06,2,16.13,8,Red,mid,kyeahoo,oe:player:308e48bf56284c09a1a9aadf55bc80c,Karmine Corp,oe:team:f3aa9bbd924ce3af42ac53f8326bc7c,1.0,Cassiopeia,Varus,Lee Sin,Poppy,Galio,Vayne,,,,,,2117,0,7,2,7,23,27,1.0,0.0,0.0,0.0,0.0,0.0,0.0,0.0,0.6519,1.4171,,,,,,,,,,,,,,,,,,,,,0.0,0.0,,,,,,,,,,0.0,1.0,28266,801.1148,0.232048,670.2881,523.5333,3976.0,12,0.3401,5,0.1417,9,45,1.2754,14162,9568,271.1762,0.200882,13225,,,292.0,292.0,0,,,8.2759,3282.0,4559.0,88.0,3498.0,5279.0,102.0,-216.0,-720.0,-14.0,0.0,0.0,0.0,0.0,0.0,0.0,5404.0,7552.0,144.0,5017.0,7489.0,140.0,387.0,63.0,4.0,1.0,0.0,0.0,0.0,1.0,1.0,7886.0,10415.0,183.0,7494.0,10022.0,184.0,392.0,393.0,-1.0,3.0,3.0,1.0,1.0,2.0,2.0,9775.0,15079.0,229.0,9097.0,13038.0,216.0,678.0,2041.0,13.0,4.0,3.0,1.0,1.0,6.0,3.0
LOLTMNT01_414165,complete,,MSI,2026,,0,2026-06-29 04:00:06,2,16.13,9,Red,bot,Caliste,oe:player:e2af2b779499aa25ab9a9c10c9a5ffd,Karmine Corp,oe:team:f3aa9bbd924ce3af42ac53f8326bc7c,1.0,Ezreal,Varus,Lee Sin,Poppy,Galio,Vayne,,,,,,2117,0,4,4,8,23,27,0.0,0.0,0.0,0.0,0.0,0.0,0.0,0.0,0.6519,1.4171,,,,,,,,,,,,,,,,,,,,,0.0,0.0,,,,,,,,,,0.0,0.0,32007,907.1422,0.26276,555.1346,409.4001,11774.0,16,0.4535,13,0.3684,3,47,1.3321,17998,13404,379.8961,0.281422,17358,,,354.0,347.0,7,,,10.0331,3828.0,3785.0,82.0,3835.0,2979.0,65.0,-7.0,806.0,17.0,0.0,4.0,1.0,2.0,3.0,2.0,7127.0,6670.0,138.0,6329.0,5289.0,121.0,798.0,1381.0,17.0,0.0,6.0,1.0,2.0,3.0,3.0,9896.0,9731.0,208.0,8974.0,8194.0,176.0,922.0,1537.0,32.0,1.0,6.0,1.0,2.0,5.0,4.0,11626.0,11413.0,245.0,12805.0,12140.0,231.0,-1179.0,-727.0,14.0,1.0,6.0,3.0,6.0,6.0,4.0
LOLTMNT01_414165,complete,,MSI,2026,,0,2026-06-29 04:00:06,2,16.13,10,Red,sup,Busio,oe:player:3e722c8ede909c83af9342c41805a16,Karmine Corp,oe:team:f3aa9bbd924ce3af42ac53f8326bc7c,1.0,Camille,Varus,Lee Sin,Poppy,Galio,Vayne,,,,,,2117,0,5,8,7,23,27,0.0,0.0,0.0,0.0,0.0,0.0,0.0,1.0,0.6519,1.4171,,,,,,,,,,,,,,,,,,,,,0.0,0.0,,,,,,,,,,0.0,0.0,14994,424.9598,0.123092,699.282,546.632,503.0,74,2.0973,18,0.5102,29,159,4.5064,10079,5485,155.4558,0.115156,9830,,,36.0,36.0,0,,,1.0203,3460.0,2311.0,16.0,2950.0,2590.0,7.0,510.0,-279.0,9.0,3.0,1.0,2.0,1.0,4.0,1.0,5276.0,3388.0,21.0,4198.0,3840.0,13.0,1078.0,-452.0,8.0,5.0,1.0,2.0,1.0,5.0,2.0,6470.0,4450.0,24.0,5314.0,4826.0,18.0,1156.0,-376.0,6.0,5.0,3.0,3.0,1.0,6.0,4.0,7453.0,4599.0,27.0,6827.0,8038.0,20.0,626.0,-3439.0,7.0,5.0,3.0,5.0,1.0,12.0,4.0
LOLTMNT01_414165,complete,,MSI,2026,,0,2026-06-29 04:00:06,2,16.13,100,Blue,team,,,T1,oe:team:ce499dea30cfce118f4fe85da0227e8,0.0,,Rumble,Vi,Ziggs,Jarvan IV,Gnar,Bard,Wukong,Caitlyn,Syndra,Gragas,2117,1,27,23,66,27,23,4.0,0.0,0.0,0.0,1.0,,,,0.7652,1.4171,0.0,1.0,4.0,1.0,4.0,0.0,1.0,0.0,0.0,0.0,0.0,,0.0,0.0,0.0,0.0,1.0,3.0,0.0,1.0,2.0,0.0,0.0,0.0,0.0,9.0,3.0,0.0,0.0,38.0,20.0,1.0,0.0,100429,2846.3581,,4069.5418,3832.8862,37569.0,149,4.223,58,1.6438,69,343,9.7213,75992,53021,1502.7208,,68083,-0.00819157,-1.15,,956.0,228,,,33.5569,17483.0,18617.0,298.0,18636.0,19150.0,346.0,-1153.0,-533.0,-48.0,6.0,10.0,5.0,5.0,8.0,6.0,26580.0,30682.0,479.0,30029.0,31503.0,542.0,-3449.0,-821.0,-63.0,7.0,12.0,9.0,9.0,14.0,7.0,37609.0,43182.0,677.0,41027.0,44655.0,733.0,-3418.0,-1473.0,-56.0,10.0,18.0,14.0,14.0,23.0,10.0,49735.0,60214.0,837.0,48930.0,54826.0,886.0,805.0,5388.0,-49.0,17.0,39.0,15.0,15.0,23.0,17.0
LOLTMNT01_414165,complete,,MSI,2026,,0,2026-06-29 04:00:06,2,16.13,200,Red,team,,,Karmine Corp,oe:team:f3aa9bbd924ce3af42ac53f8326bc7c,1.0,,Varus,Lee Sin,Poppy,Galio,Vayne,Cassiopeia,Camille,Ezreal,Qiyana,Renekton,2117,0,23,27,37,23,27,2.0,0.0,0.0,0.0,0.0,,,,0.6519,1.4171,1.0,4.0,1.0,4.0,1.0,0.0,2.0,1.0,0.0,0.0,1.0,,0.0,0.0,1.0,1.0,0.0,0.0,3.0,0.0,0.0,2.0,0.0,0.0,1.0,3.0,9.0,1.0,1.0,20.0,38.0,0.0,1.0,121811,3452.3666,,3694.0954,3066.0652,20780.0,136,3.8545,64,1.8139,63,383,10.855,70600,47629,1349.9008,,68643,0.00819157,1.15,,976.0,249,,,34.7189,18636.0,19150.0,346.0,17483.0,18617.0,298.0,1153.0,533.0,48.0,5.0,8.0,6.0,6.0,10.0,5.0,30029.0,31503.0,542.0,26580.0,30682.0,479.0,3449.0,821.0,63.0,9.0,14.0,7.0,7.0,12.0,9.0,41027.0,44655.0,733.0,37609.0,43182.0,677.0,3418.0,1473.0,56.0,14.0,23.0,10.0,10.0,18.0,14.0,48930.0,54826.0,886.0,49735.0,60214.0,837.0,-805.0,-5388.0,49.0,15.0,23.0,17.0,17.0,39.0,15.0
LOLTMNT01_414172,complete,,MSI,2026,,0,2026-06-29 04:54:51,3,16.13,1,Blue,top,Canna,oe:player:7577c239c73fa5f3011cd7b5503e75e,Karmine Corp,oe:team:f3aa9bbd924ce3af42ac53f8326bc7c,1.0,Gnar,Lee Sin,Vayne,Anivia,Ziggs,Jhin,,,,,,1644,0,8,3,2,12,17,2.0,0.0,0.0,0.0,0.0,0.0,0.0,0.0,0.438,1.0584,,,,,,,,,,,,,,,,,,,,,0.0,0.0,,,,,,,,,,0.0,0.0,22224,811.0949,0.314823,812.7007,810.1825,10024.0,11,0.4015,6,0.219,5,42,1.5328,12662,9033,329.6715,0.267482,12558,,,218.0,218.0,0,,,7.9562,4290.0,5752.0,96.0,3034.0,4343.0,73.0,1256.0,1409.0,23.0,2.0,0.0,0.0,0.0,0.0,2.0,6147.0,8498.0,120.0,4336.0,6137.0,95.0,1811.0,2361.0,25.0,4.0,1.0,0.0,0.0,0.0,4.0,8859.0,12036.0,177.0,6618.0,9383.0,146.0,2241.0,2653.0,31.0,6.0,1.0,0.0,0.0,1.0,5.0,12008.0,14892.0,206.0,8940.0,12644.0,197.0,3068.0,2248.0,9.0,8.0,2.0,2.0,0.0,1.0,5.0
LOLTMNT01_414172,complete,,MSI,2026,,0,2026-06-29 04:54:51,3,16.13,2,Blue,jng,Yike,oe:player:4203fc46c4c6333e9bfa9d0a8618677,Karmine Corp,oe:team:f3aa9bbd924ce3af42ac53f8326bc7c,1.0,Xin Zhao,Lee Sin,Vayne,Anivia,Ziggs,Jhin,,,,,,1644,0,2,4,7,12,17,0.0,0.0,0.0,0.0,0.0,0.0,0.0,0.0,0.438,1.0584,,,,,,,,,,,,,,,,,,,,,1.0,0.0,,,,,,,,,,0.0,0.0,10142,370.146,0.143671,896.0584,565.6569,4291.0,11,0.4015,5,0.1825,7,35,1.2774,10380,6751,246.3869,0.199905,10200,,,181.0,18.0,163,,,6.6058,3536.0,3262.0,58.0,4098.0,3952.0,70.0,-562.0,-690.0,-12.0,1.0,1.0,2.0,2.0,2.0,1.0,5219.0,5864.0,90.0,6011.0,6440.0,112.0,-792.0,-576.0,-22.0,1.0,3.0,2.0,2.0,3.0,2.0,7125.0,9101.0,135.0,8316.0,9183.0,162.0,-1191.0,-82.0,-27.0,1.0,5.0,3.0,2.0,6.0,2.0,9778.0,11854.0,166.0,10204.0,12184.0,202.0,-426.0,-330.0,-36.0,2.0,7.0,3.0,2.0,7.0,3.0
LOLTMNT01_414172,complete,,MSI,2026,,0,2026-06-29 04:54:51,3,16.13,3,Blue,mid,kyeahoo,oe:player:308e48bf56284c09a1a9aadf55bc80c,Karmine Corp,oe:team:f3aa9bbd924ce3af42ac53f8326bc7c,1.0,Annie,Lee Sin,Vayne,Anivia,Ziggs,Jhin,,,,,,1644,0,1,1,6,12,17,0.0,0.0,0.0,0.0,0.0,0.0,0.0,0.0,0.438,1.0584,,,,,,,,,,,,,,,,,,,,,0.0,0.0,,,,,,,,,,0.0,0.0,19069,695.9489,0.27013,493.4672,440.2555,3206.0,11,0.4015,7,0.2555,6,35,1.2774,9844,6215,226.8248,0.184033,9910,,,241.0,241.0,0,,,8.7956,3524.0,5213.0,97.0,3619.0,4751.0,95.0,-95.0,462.0,2.0,0.0,0.0,0.0,1.0,0.0,0.0,5683.0,8204.0,148.0,5827.0,7883.0,157.0,-144.0,321.0,-9.0,1.0,1.0,0.0,1.0,0.0,1.0,7242.0,10654.0,188.0,7952.0,10011.0,202.0,-710.0,643.0,-14.0,1.0,3.0,0.0,2.0,1.0,2.0,9349.0,14607.0,232.0,9828.0,12484.0,245.0,-479.0,2123.0,-13.0,1.0,6.0,0.0,2.0,1.0,3.0
LOLTMNT01_414172,complete,,MSI,2026,,0,2026-06-29 04:54:51,3,16.13,4,Blue,bot,Caliste,oe:player:e2af2b779499aa25ab9a9c10c9a5ffd,Karmine Corp,oe:team:f3aa9bbd924ce3af42ac53f8326bc7c,1.0,Varus,Lee Sin,Vayne,Anivia,Ziggs,Jhin,,,,,,1644,0,0,4,5,12,17,0.0,0.0,0.0,0.0,0.0,0.0,0.0,1.0,0.438,1.0584,,,,,,,,,,,,,,,,,,,,,0.0,0.0,,,,,,,,,,0.0,1.0,12481,455.5109,0.176805,488.8321,367.9562,7603.0,8,0.292,7,0.2555,0,27,0.9854,11785,8156,297.6642,0.241511,11750,,,271.0,271.0,0,,,9.8905,2916.0,2973.0,62.0,4450.0,3767.0,94.0,-1534.0,-794.0,-32.0,0.0,1.0,2.0,2.0,4.0,0.0,5215.0,5651.0,121.0,8101.0,6464.0,156.0,-2886.0,-813.0,-35.0,0.0,1.0,3.0,3.0,4.0,0.0,7381.0,8364.0,180.0,11215.0,9134.0,219.0,-3834.0,-770.0,-39.0,0.0,2.0,3.0,5.0,5.0,0.0,10854.0,12436.0,248.0,14096.0,11966.0,276.0,-3242.0,470.0,-28.0,0.0,5.0,3.0,7.0,5.0,1.0
LOLTMNT01_414172,complete,,MSI,2026,,0,2026-06-29 04:54:51,3,16.13,5,Blue,sup,Busio,oe:player:3e722c8ede909c83af9342c41805a16,Karmine Corp,oe:team:f3aa9bbd924ce3af42ac53f8326bc7c,1.0,Neeko,Lee Sin,Vayne,Anivia,Ziggs,Jhin,,,,,,1644,0,1,5,2,12,17,0.0,0.0,0.0,0.0,0.0,0.0,0.0,0.0,0.438,1.0584,,,,,,,,,,,,,,,,,,,,,0.0,0.0,,,,,,,,,,0.0,0.0,6676,243.6496,0.0945716,515.9124,200.6204,563.0,49,1.7883,10,0.365,20,91,3.3212,7245,3616,131.9708,0.107069,7130,,,33.0,33.0,0,,,1.2044,2454.0,2269.0,13.0,3101.0,3240.0,15.0,-647.0,-971.0,-2.0,0.0,1.0,2.0,1.0,5.0,0.0,4286.0,4106.0,22.0,4370.0,4407.0,17.0,-84.0,-301.0,5.0,1.0,2.0,2.0,1.0,6.0,0.0,5363.0,4408.0,24.0,5915.0,5969.0,21.0,-552.0,-1561.0,3.0,1.0,2.0,4.0,1.0,9.0,0.0,6790.0,6637.0,32.0,7349.0,8941.0,26.0,-559.0,-2304.0,6.0,1.0,2.0,4.0,1.0,11.0,0.0
LOLTMNT01_414172,complete,,MSI,2026,,0,2026-06-29 04:54:51,3,16.13,6,Red,top,Doran,oe:player:a1f3b2bb3f36e5113237f92d76dc4c8,T1,oe:team:ce499dea30cfce118f4fe85da0227e8,0.0,Yorick,Rumble,Vi,Nautilus,Lulu,Rakan,,,,,,1644,1,0,5,5,17,12,0.0,0.0,0.0,0.0,0.0,0.0,0.0,0.0,0.6204,1.0584,,,,,,,,,,,,,,,,,,,,,0.0,0.0,,,,,,,,,,0.0,0.0,7903,288.4307,0.121645,813.1022,588.3577,12375.0,9,0.3285,2,0.073,4,24,0.8759,9924,6295,229.7445,0.157602,9433,,,205.0,201.0,4,,,7.4818,3034.0,4343.0,73.0,4290.0,5752.0,96.0,-1256.0,-1409.0,-23.0,0.0,0.0,2.0,2.0,0.0,0.0,4336.0,6137.0,95.0,6147.0,8498.0,120.0,-1811.0,-2361.0,-25.0,0.0,0.0,4.0,4.0,1.0,0.0,6618.0,9383.0,146.0,8859.0,12036.0,177.0,-2241.0,-2653.0,-31.0,0.0,1.0,5.0,6.0,1.0,0.0,8940.0,12644.0,197.0,12008.0,14892.0,206.0,-3068.0,-2248.0,-9.0,0.0,1.0,5.0,8.0,2.0,2.0
LOLTMNT01_414172,complete,,MSI,2026,,0,2026-06-29 04:54:51,3,16.13,7,Red,jng,Oner,oe:player:f8b68f268106124fc4bc1c946adc9b0,T1,oe:team:ce499dea30cfce118f4fe85da0227e8,0.0,Jarvan IV,Rumble,Vi,Nautilus,Lulu,Rakan,,,,,,1644,1,4,3,10,17,12,2.0,0.0,0.0,0.0,1.0,1.0,0.0,0.0,0.6204,1.0584,,,,,,,,,,,,,,,,,,,,,0.0,1.0,,,,,,,,,,0.0,0.0,8627,314.854,0.132788,796.3869,947.4088,2116.0,8,0.292,13,0.4745,6,50,1.8248,11701,8072,294.5985,0.202093,10400,,,207.0,14.0,193,,,7.5547,4098.0,3952.0,70.0,3536.0,3262.0,58.0,562.0,690.0,12.0,2.0,2.0,1.0,1.0,1.0,2.0,6011.0,6440.0,112.0,5219.0,5864.0,90.0,792.0,576.0,22.0,2.0,3.0,2.0,1.0,3.0,2.0,8316.0,9183.0,162.0,7125.0,9101.0,135.0,1191.0,82.0,27.0,2.0,6.0,2.0,1.0,5.0,3.0,10204.0,12184.0,202.0,9778.0,11854.0,166.0,426.0,330.0,36.0,2.0,7.0,3.0,2.0,7.0,3.0
LOLTMNT01_414172,complete,,MSI,2026,,0,2026-06-29 04:54:51,3,16.13,8,Red,mid,Faker,oe:player:e1edfc5cea461399a63cb813cf795cc,T1,oe:team:ce499dea30cfce118f4fe85da0227e8,0.0,Ryze,Rumble,Vi,Nautilus,Lulu,Rakan,,,,,,1644,1,2,3,6,17,12,0.0,0.0,0.0,0.0,0.0,0.0,0.0,0.0,0.6204,1.0584,,,,,,,,,,,,,,,,,,,,,0.0,0.0,,,,,,,,,,0.0,0.0,11156,407.1533,0.171715,801.1314,574.8905,9191.0,11,0.4015,5,0.1825,3,34,1.2409,11230,7601,277.4088,0.1903,10725,,,267.0,263.0,4,,,9.7445,3619.0,4751.0,95.0,3524.0,5213.0,97.0,95.0,-462.0,-2.0,1.0,0.0,0.0,0.0,0.0,0.0,5827.0,7883.0,157.0,5683.0,8204.0,148.0,144.0,-321.0,9.0,1.0,0.0,1.0,1.0,1.0,0.0,7952.0,10011.0,202.0,7242.0,10654.0,188.0,710.0,-643.0,14.0,2.0,1.0,2.0,1.0,3.0,0.0,9828.0,12484.0,245.0,9349.0,14607.0,232.0,479.0,-2123.0,13.0,2.0,1.0,3.0,1.0,6.0,0.0
LOLTMNT01_414172,complete,,MSI,2026,,0,2026-06-29 04:54:51,3,16.13,9,Red,bot,Peyz,oe:player:5bbc2b92348d930ebd500cb9ce71bb7,T1,oe:team:ce499dea30cfce118f4fe85da0227e8,0.0,Lucian,Rumble,Vi,Nautilus,Lulu,Rakan,,,,,,1644,1,10,1,7,17,12,2.0,1.0,0.0,0.0,1.0,0.0,1.0,0.0,0.6204,1.0584,,,,,,,,,,,,,,,,,,,,,0.0,0.0,,,,,,,,,,1.0,0.0,31504,1149.781,0.484916,604.7445,576.3139,13815.0,14,0.5109,11,0.4015,5,34,1.2409,16954,13325,486.3139,0.333615,14525,,,310.0,301.0,9,,,11.3139,4450.0,3767.0,94.0,2916.0,2973.0,62.0,1534.0,794.0,32.0,2.0,4.0,0.0,0.0,1.0,2.0,8101.0,6464.0,156.0,5215.0,5651.0,121.0,2886.0,813.0,35.0,3.0,4.0,0.0,0.0,1.0,3.0,11215.0,9134.0,219.0,7381.0,8364.0,180.0,3834.0,770.0,39.0,5.0,5.0,0.0,0.0,2.0,3.0,14096.0,11966.0,276.0,10854.0,12436.0,248.0,3242.0,-470.0,28.0,7.0,5.0,1.0,0.0,5.0,3.0
LOLTMNT01_414172,complete,,MSI,2026,,0,2026-06-29 04:54:51,3,16.13,10,Red,sup,Keria,oe:player:db79ce6ad35451c938fbe2995dabd37,T1,oe:team:ce499dea30cfce118f4fe85da0227e8,0.0,Milio,Rumble,Vi,Nautilus,Lulu,Rakan,,,,,,1644,1,1,0,16,17,12,0.0,0.0,0.0,0.0,1.0,0.0,1.0,0.0,0.6204,1.0584,,,,,,,,,,,,,,,,,,,,,0.0,0.0,,,,,,,,,,0.0,0.0,5778,210.8759,0.0889361,351.3504,197.4088,1381.0,59,2.1533,8,0.292,28,100,3.6496,8278,4649,169.6715,0.11639,7535,,,26.0,26.0,0,,,0.9489,3101.0,3240.0,15.0,2454.0,2269.0,13.0,647.0,971.0,2.0,1.0,5.0,0.0,0.0,1.0,2.0,4370.0,4407.0,17.0,4286.0,4106.0,22.0,84.0,301.0,-5.0,1.0,6.0,0.0,1.0,2.0,2.0,5915.0,5969.0,21.0,5363.0,4408.0,24.0,552.0,1561.0,-3.0,1.0,9.0,0.0,1.0,2.0,4.0,7349.0,8941.0,26.0,6790.0,6637.0,32.0,559.0,2304.0,-6.0,1.0,11.0,0.0,1.0,2.0,4.0
LOLTMNT01_414172,complete,,MSI,2026,,0,2026-06-29 04:54:51,3,16.13,100,Blue,team,,,Karmine Corp,oe:team:f3aa9bbd924ce3af42ac53f8326bc7c,1.0,,Lee Sin,Vayne,Anivia,Ziggs,Jhin,Varus,Xin Zhao,Annie,Neeko,Gnar,1644,0,12,17,22,12,17,2.0,0.0,0.0,0.0,0.0,,,,0.438,1.0584,0.0,1.0,3.0,1.0,3.0,0.0,0.0,0.0,0.0,0.0,1.0,,0.0,0.0,0.0,0.0,1.0,2.0,1.0,1.0,1.0,0.0,0.0,0.0,0.0,5.0,9.0,0.0,0.0,27.0,38.0,0.0,1.0,70592,2576.3504,,3206.9708,2384.6715,25687.0,90,3.2847,35,1.2774,38,230,8.3942,51916,33769,1232.4453,,51548,-0.0205441,-1.86,,781.0,163,,,34.4526,16720.0,19469.0,326.0,18302.0,20053.0,347.0,-1582.0,-584.0,-21.0,3.0,3.0,6.0,6.0,11.0,3.0,26550.0,32323.0,501.0,28645.0,31331.0,537.0,-2095.0,992.0,-36.0,7.0,8.0,7.0,7.0,13.0,7.0,35970.0,44563.0,704.0,40016.0,43680.0,750.0,-4046.0,883.0,-46.0,9.0,13.0,10.0,10.0,22.0,9.0,48779.0,60426.0,884.0,50417.0,58219.0,946.0,-1638.0,2207.0,-62.0,12.0,22.0,12.0,12.0,25.0,12.0
LOLTMNT01_414172,complete,,MSI,2026,,0,2026-06-29 04:54:51,3,16.13,200,Red,team,,,T1,oe:team:ce499dea30cfce118f4fe85da0227e8,0.0,,Rumble,Vi,Nautilus,Lulu,Rakan,Ryze,Jarvan IV,Yorick,Lucian,Milio,1644,1,17,12,44,17,12,4.0,1.0,0.0,0.0,1.0,,,,0.6204,1.0584,1.0,3.0,1.0,3.0,1.0,1.0,0.0,1.0,0.0,0.0,1.0,,0.0,0.0,1.0,1.0,0.0,1.0,2.0,0.0,0.0,1.0,0.0,0.0,1.0,9.0,5.0,1.0,1.0,38.0,27.0,1.0,0.0,64968,2371.0949,,3366.7153,2884.3796,38878.0,101,3.6861,39,1.4234,46,242,8.8321,58087,39940,1457.6642,,52618,0.0205441,1.86,,805.0,210,,,37.0438,18302.0,20053.0,347.0,16720.0,19469.0,326.0,1582.0,584.0,21.0,6.0,11.0,3.0,3.0,3.0,6.0,28645.0,31331.0,537.0,26550.0,32323.0,501.0,2095.0,-992.0,36.0,7.0,13.0,7.0,7.0,8.0,7.0,40016.0,43680.0,750.0,35970.0,44563.0,704.0,4046.0,-883.0,46.0,10.0,22.0,9.0,9.0,13.0,10.0,50417.0,58219.0,946.0,48779.0,60426.0,884.0,1638.0,-2207.0,62.0,12.0,25.0,12.0,12.0,22.0,12.0
LOLTMNT01_414186,complete,,MSI,2026,,0,2026-06-29 05:48:20,1,16.13,1,Blue,top,Morgan,oe:player:f73dde2d8c7879ae8d1fcdc03c4ffeb,Team Liquid,oe:team:8eb884e168f28402ce685bedebb5250,0.0,Ornn,Nautilus,Vi,Lee Sin,Camille,Pyke,,,,,,2015,1,0,2,12,20,10,0.0,0.0,0.0,0.0,0.0,0.0,0.0,0.0,0.5955,0.8933,,,,,,,,,,,,,,,,,,,,,0.0,0.0,,,,,,,,,,1.0,0.0,13322,396.6849,0.135168,625.2506,1294.6303,6744.0,15,0.4467,11,0.3275,10,60,1.7866,12048,7662,228.1489,0.154313,11000,,,249.0,249.0,0,,,7.4144,3354.0,5082.0,89.0,3969.0,5040.0,93.0,-615.0,42.0,-4.0,0.0,1.0,0.0,1.0,0.0,0.0,5170.0,8837.0,138.0,5966.0,8367.0,137.0,-796.0,470.0,1.0,0.0,2.0,1.0,1.0,1.0,1.0,7054.0,11655.0,179.0,7321.0,10345.0,168.0,-267.0,1310.0,11.0,0.0,3.0,1.0,1.0,1.0,2.0,8546.0,13937.0,208.0,9400.0,13015.0,217.0,-854.0,922.0,-9.0,0.0,4.0,2.0,1.0,1.0,3.0
LOLTMNT01_414186,complete,,MSI,2026,,0,2026-06-29 05:48:20,1,16.13,2,Blue,jng,Josedeodo,oe:player:52b4f060a577ff87c99118d97fa75f4,Team Liquid,oe:team:8eb884e168f28402ce685bedebb5250,0.0,Xin Zhao,Nautilus,Vi,Lee Sin,Camille,Pyke,,,,,,2015,1,6,3,8,20,10,0.0,0.0,0.0,0.0,0.0,0.0,0.0,1.0,0.5955,0.8933,,,,,,,,,,,,,,,,,,,,,2.0,0.0,,,,,,,,,,0.0,0.0,26126,777.9454,0.26508,1342.005,1024.7345,4476.0,13,0.3871,22,0.6551,11,80,2.3821,15671,11285,336.0298,0.227282,13625,,,261.0,43.0,218,,,7.7717,3670.0,3851.0,72.0,3812.0,3813.0,71.0,-142.0,38.0,1.0,1.0,0.0,2.0,1.0,3.0,1.0,6275.0,6873.0,119.0,6184.0,6688.0,109.0,91.0,185.0,10.0,3.0,1.0,3.0,3.0,4.0,3.0,8855.0,9864.0,166.0,7670.0,8687.0,139.0,1185.0,1177.0,27.0,4.0,2.0,3.0,3.0,4.0,4.0,11081.0,12961.0,213.0,9681.0,11450.0,179.0,1400.0,1511.0,34.0,4.0,4.0,3.0,4.0,4.0,4.0
LOLTMNT01_414186,complete,,MSI,2026,,0,2026-06-29 05:48:20,1,16.13,3,Blue,mid,Quid,oe:player:8f8eaac8e99c203ee76e57c5c81c91f,Team Liquid,oe:team:8eb884e168f28402ce685bedebb5250,0.0,Akali,Nautilus,Vi,Lee Sin,Camille,Pyke,,,,,,2015,1,8,0,1,20,10,2.0,1.0,0.0,0.0,0.0,0.0,0.0,0.0,0.5955,0.8933,,,,,,,,,,,,,,,,,,,,,0.0,0.0,,,,,,,,,,1.0,0.0,20690,616.0794,0.209925,786.5509,633.1414,9140.0,14,0.4169,5,0.1489,5,40,1.1911,17301,12915,384.5658,0.260112,14425,,,348.0,340.0,8,,,10.3623,3411.0,4852.0,92.0,3934.0,4703.0,91.0,-523.0,149.0,1.0,0.0,1.0,0.0,1.0,1.0,0.0,5584.0,7877.0,151.0,5638.0,7307.0,147.0,-54.0,570.0,4.0,1.0,1.0,0.0,1.0,1.0,0.0,8070.0,10863.0,207.0,7518.0,9837.0,199.0,552.0,1026.0,8.0,2.0,1.0,0.0,1.0,1.0,0.0,10236.0,12584.0,243.0,9152.0,13525.0,246.0,1084.0,-941.0,-3.0,3.0,1.0,0.0,1.0,1.0,2.0
LOLTMNT01_414186,complete,,MSI,2026,,0,2026-06-29 05:48:20,1,16.13,4,Blue,bot,Yeon,oe:player:f6b8af05a5af22004a67a78f3046b92,Team Liquid,oe:team:8eb884e168f28402ce685bedebb5250,0.0,Varus,Nautilus,Vi,Lee Sin,Camille,Pyke,,,,,,2015,1,4,3,9,20,10,1.0,0.0,0.0,0.0,0.0,0.0,0.0,0.0,0.5955,0.8933,,,,,,,,,,,,,,,,,,,,,0.0,0.0,,,,,,,,,,0.0,0.0,32394,964.5856,0.328676,332.0695,168.4764,12976.0,14,0.4169,8,0.2382,7,34,1.0124,16371,11985,356.8734,0.241381,15225,,,321.0,305.0,16,,,9.5583,3803.0,4579.0,103.0,3607.0,3512.0,77.0,196.0,1067.0,26.0,0.0,0.0,1.0,1.0,2.0,0.0,6187.0,7009.0,148.0,6021.0,5679.0,118.0,166.0,1330.0,30.0,1.0,1.0,2.0,2.0,2.0,1.0,8800.0,10326.0,209.0,7972.0,8273.0,182.0,828.0,2053.0,27.0,1.0,3.0,2.0,2.0,2.0,1.0,11114.0,13094.0,259.0,9925.0,10686.0,231.0,1189.0,2408.0,28.0,2.0,4.0,2.0,2.0,3.0,1.0
LOLTMNT01_414186,complete,,MSI,2026,,0,2026-06-29 05:48:20,1,16.13,5,Blue,sup,CoreJJ,oe:player:05fafeaf23dc3285558a4e968970b9f,Team Liquid,oe:team:8eb884e168f28402ce685bedebb5250,0.0,Bard,Nautilus,Vi,Lee Sin,Camille,Pyke,,,,,,2015,1,2,2,15,20,10,0.0,0.0,0.0,0.0,0.0,0.0,0.0,0.0,0.5955,0.8933,,,,,,,,,,,,,,,,,,,,,0.0,0.0,,,,,,,,,,0.0,0.0,6027,179.464,0.0611512,401.7171,270.67,0.0,64,1.9057,31,0.9231,29,173,5.1514,10191,5805,172.8536,0.116912,8860,,,47.0,45.0,2,,,1.3995,2411.0,2004.0,15.0,2550.0,2381.0,19.0,-139.0,-377.0,-4.0,0.0,1.0,1.0,0.0,3.0,0.0,3762.0,3123.0,22.0,3625.0,3496.0,23.0,137.0,-373.0,-1.0,0.0,3.0,1.0,0.0,4.0,0.0,5025.0,3925.0,30.0,4641.0,4278.0,29.0,384.0,-353.0,1.0,0.0,4.0,1.0,0.0,4.0,0.0,6718.0,6464.0,38.0,5806.0,6182.0,33.0,912.0,282.0,5.0,1.0,6.0,1.0,0.0,5.0,0.0
LOLTMNT01_414186,complete,,MSI,2026,,0,2026-06-29 05:48:20,1,16.13,6,Red,top,Flauren,oe:player:8debac77f7c6101af768dc729323a67,Deep Cross Gaming,oe:team:7e56e9367c023df96cc8257ff4e16c0,1.0,Rumble,Naafiri,Poppy,Nocturne,Ezreal,Caitlyn,,,,,,2015,0,2,5,1,10,20,0.0,0.0,0.0,0.0,0.0,0.0,0.0,0.0,0.2978,0.8933,,,,,,,,,,,,,,,,,,,,,0.0,0.0,,,,,,,,,,0.0,1.0,22250,662.531,0.292694,829.1017,873.6774,2421.0,19,0.5658,4,0.1191,6,58,1.727,13286,8900,265.0124,0.237905,12250,,,285.0,275.0,10,,,8.4864,3969.0,5040.0,93.0,3354.0,5082.0,89.0,615.0,-42.0,4.0,1.0,0.0,0.0,0.0,1.0,0.0,5966.0,8367.0,137.0,5170.0,8837.0,138.0,796.0,-470.0,-1.0,1.0,1.0,1.0,0.0,2.0,1.0,7321.0,10345.0,168.0,7054.0,11655.0,179.0,267.0,-1310.0,-11.0,1.0,1.0,2.0,0.0,3.0,1.0,9400.0,13015.0,217.0,8546.0,13937.0,208.0,854.0,-922.0,9.0,1.0,1.0,3.0,0.0,4.0,2.0
LOLTMNT01_414186,complete,,MSI,2026,,0,2026-06-29 05:48:20,1,16.13,7,Red,jng,Pop9,oe:player:32aa62568603d99d16591ee5dd52a8a,Deep Cross Gaming,oe:team:7e56e9367c023df96cc8257ff4e16c0,1.0,Jarvan IV,Naafiri,Poppy,Nocturne,Ezreal,Caitlyn,,,,,,2015,0,4,6,6,10,20,0.0,0.0,0.0,0.0,1.0,0.0,1.0,0.0,0.2978,0.8933,,,,,,,,,,,,,,,,,,,,,0.0,2.0,,,,,,,,,,0.0,0.0,13815,411.3648,0.181733,1047.8114,1167.9007,276.0,16,0.4764,10,0.2978,16,53,1.5782,11921,7535,224.3672,0.201417,11400,,,215.0,30.0,185,,,6.402,3812.0,3813.0,71.0,3670.0,3851.0,72.0,142.0,-38.0,-1.0,1.0,3.0,1.0,1.0,0.0,2.0,6184.0,6688.0,109.0,6275.0,6873.0,119.0,-91.0,-185.0,-10.0,3.0,4.0,3.0,3.0,1.0,3.0,7670.0,8687.0,139.0,8855.0,9864.0,166.0,-1185.0,-1177.0,-27.0,3.0,4.0,4.0,4.0,2.0,3.0,9681.0,11450.0,179.0,11081.0,12961.0,213.0,-1400.0,-1511.0,-34.0,4.0,4.0,4.0,4.0,4.0,3.0
LOLTMNT01_414186,complete,,MSI,2026,,0,2026-06-29 05:48:20,1,16.13,8,Red,mid,HongSuo,oe:player:32ddd24ac02f57871c631c66265d2f6,Deep Cross Gaming,oe:team:7e56e9367c023df96cc8257ff4e16c0,1.0,Cassiopeia,Naafiri,Poppy,Nocturne,Ezreal,Caitlyn,,,,,,2015,0,2,4,2,10,20,0.0,0.0,0.0,0.0,1.0,1.0,0.0,0.0,0.2978,0.8933,,,,,,,,,,,,,,,,,,,,,0.0,0.0,,,,,,,,,,0.0,1.0,19885,592.1092,0.261583,726.5509,542.3226,2903.0,11,0.3275,5,0.1489,8,37,1.1017,12974,8588,255.7221,0.229565,12600,,,319.0,319.0,0,,,9.4988,3934.0,4703.0,91.0,3411.0,4852.0,92.0,523.0,-149.0,-1.0,1.0,1.0,0.0,0.0,1.0,0.0,5638.0,7307.0,147.0,5584.0,7877.0,151.0,54.0,-570.0,-4.0,1.0,1.0,0.0,1.0,1.0,0.0,7518.0,9837.0,199.0,8070.0,10863.0,207.0,-552.0,-1026.0,-8.0,1.0,1.0,0.0,2.0,1.0,0.0,9152.0,13525.0,246.0,10236.0,12584.0,243.0,-1084.0,941.0,3.0,1.0,1.0,2.0,3.0,1.0,0.0
LOLTMNT01_414186,complete,,MSI,2026,,0,2026-06-29 05:48:20,1,16.13,9,Red,bot,Feng,oe:player:e9a0da5ca2d009aeedf5afcfccffde5,Deep Cross Gaming,oe:team:7e56e9367c023df96cc8257ff4e16c0,1.0,Jhin,Naafiri,Poppy,Nocturne,Ezreal,Caitlyn,,,,,,2015,0,2,3,4,10,20,0.0,0.0,0.0,0.0,1.0,0.0,1.0,0.0,0.2978,0.8933,,,,,,,,,,,,,,,,,,,,,0.0,0.0,,,,,,,,,,0.0,0.0,16710,497.5682,0.219816,512.7246,253.5186,5911.0,18,0.536,11,0.3275,8,47,1.3995,13296,8910,265.3102,0.238173,13025,,,310.0,310.0,0,,,9.2308,3607.0,3512.0,77.0,3803.0,4579.0,103.0,-196.0,-1067.0,-26.0,1.0,2.0,0.0,0.0,0.0,1.0,6021.0,5679.0,118.0,6187.0,7009.0,148.0,-166.0,-1330.0,-30.0,2.0,2.0,1.0,1.0,1.0,2.0,7972.0,8273.0,182.0,8800.0,10326.0,209.0,-828.0,-2053.0,-27.0,2.0,2.0,1.0,1.0,3.0,2.0,9925.0,10686.0,231.0,11114.0,13094.0,259.0,-1189.0,-2408.0,-28.0,2.0,3.0,1.0,2.0,4.0,2.0
LOLTMNT01_414186,complete,,MSI,2026,,0,2026-06-29 05:48:20,1,16.13,10,Red,sup,ShiauC,oe:player:5d7f415cbf04b549c235a8a3d83a763,Deep Cross Gaming,oe:team:7e56e9367c023df96cc8257ff4e16c0,1.0,Rakan,Naafiri,Poppy,Nocturne,Ezreal,Caitlyn,,,,,,2015,0,0,2,7,10,20,0.0,0.0,0.0,0.0,1.0,0.0,1.0,0.0,0.2978,0.8933,,,,,,,,,,,,,,,,,,,,,0.0,0.0,,,,,,,,,,0.0,0.0,3358,99.9901,0.0441737,448.794,423.3648,0.0,84,2.5012,22,0.6551,40,168,5.0025,7863,3477,103.5335,0.0929402,7720,,,42.0,42.0,0,,,1.2506,2550.0,2381.0,19.0,2411.0,2004.0,15.0,139.0,377.0,4.0,0.0,3.0,0.0,0.0,1.0,1.0,3625.0,3496.0,23.0,3762.0,3123.0,22.0,-137.0,373.0,1.0,0.0,4.0,0.0,0.0,3.0,1.0,4641.0,4278.0,29.0,5025.0,3925.0,30.0,-384.0,353.0,-1.0,0.0,4.0,0.0,0.0,4.0,1.0,5806.0,6182.0,33.0,6718.0,6464.0,38.0,-912.0,-282.0,-5.0,0.0,5.0,0.0,1.0,6.0,1.0
LOLTMNT01_414186,complete,,MSI,2026,,0,2026-06-29 05:48:20,1,16.13,100,Blue,team,,,Team Liquid,oe:team:8eb884e168f28402ce685bedebb5250,0.0,,Nautilus,Vi,Lee Sin,Camille,Pyke,Bard,Xin Zhao,Akali,Ornn,Varus,2015,1,20,10,45,20,10,3.0,1.0,0.0,0.0,0.0,,,,0.5955,0.8933,0.0,4.0,1.0,4.0,1.0,3.0,0.0,0.0,0.0,1.0,0.0,,0.0,0.0,1.0,1.0,0.0,2.0,1.0,1.0,2.0,0.0,0.0,0.0,1.0,10.0,0.0,1.0,1.0,44.0,11.0,2.0,0.0,98559,2934.7593,,3487.5931,3391.6526,33336.0,120,3.5732,77,2.2928,62,387,11.5236,71582,49651,1478.4417,,63135,0.102223,1.01,,982.0,244,,,36.5062,16649.0,20368.0,371.0,17872.0,19449.0,351.0,-1223.0,919.0,20.0,1.0,3.0,4.0,4.0,9.0,1.0,26978.0,33719.0,578.0,27434.0,31537.0,534.0,-456.0,2182.0,44.0,5.0,8.0,7.0,7.0,12.0,5.0,37804.0,46633.0,791.0,35122.0,41420.0,717.0,2682.0,5213.0,74.0,7.0,13.0,7.0,7.0,12.0,7.0,47695.0,59040.0,961.0,43964.0,54858.0,906.0,3731.0,4182.0,55.0,10.0,19.0,8.0,8.0,14.0,10.0
LOLTMNT01_414186,complete,,MSI,2026,,0,2026-06-29 05:48:20,1,16.13,200,Red,team,,,Deep Cross Gaming,oe:team:7e56e9367c023df96cc8257ff4e16c0,1.0,,Naafiri,Poppy,Nocturne,Ezreal,Caitlyn,Jarvan IV,Rumble,Cassiopeia,Rakan,Jhin,2015,0,10,20,20,10,20,0.0,0.0,0.0,0.0,1.0,,,,0.2978,0.8933,1.0,1.0,4.0,1.0,4.0,0.0,0.0,0.0,1.0,0.0,0.0,,0.0,0.0,0.0,0.0,1.0,1.0,2.0,0.0,0.0,2.0,0.0,0.0,0.0,0.0,10.0,0.0,0.0,11.0,44.0,0.0,2.0,76018,2263.5633,,3564.9826,3260.7841,11511.0,148,4.4069,52,1.5484,78,363,10.8089,59340,37409,1113.9156,,56995,-0.102223,-1.01,,976.0,195,,,34.8685,17872.0,19449.0,351.0,16649.0,20368.0,371.0,1223.0,-919.0,-20.0,4.0,9.0,1.0,1.0,3.0,4.0,27434.0,31537.0,534.0,26978.0,33719.0,578.0,456.0,-2182.0,-44.0,7.0,12.0,5.0,5.0,8.0,7.0,35122.0,41420.0,717.0,37804.0,46633.0,791.0,-2682.0,-5213.0,-74.0,7.0,12.0,7.0,7.0,13.0,7.0,43964.0,54858.0,906.0,47695.0,59040.0,961.0,-3731.0,-4182.0,-55.0,8.0,14.0,10.0,10.0,19.0,8.0
LOLTMNT01_413260,complete,,MSI,2026,,0,2026-06-29 06:42:17,2,16.13,1,Blue,top,Morgan,oe:player:f73dde2d8c7879ae8d1fcdc03c4ffeb,Team Liquid,oe:team:8eb884e168f28402ce685bedebb5250,1.0,Twisted Fate,Jayce,Vi,Nocturne,Syndra,Ahri,,,,,,1953,1,7,4,12,25,17,0.0,0.0,0.0,0.0,0.0,0.0,0.0,0.0,0.768,1.2903,,,,,,,,,,,,,,,,,,,,,1.0,0.0,,,,,,,,,,1.0,0.0,24047,738.7711,0.21209,652.1659,468.2028,10525.0,10,0.3072,9,0.2765,2,31,0.9524,16382,12122,372.4117,0.246767,15600,,,275.0,263.0,12,,,8.4485,3721.0,5131.0,95.0,3625.0,5131.0,95.0,96.0,0.0,0.0,0.0,0.0,0.0,0.0,0.0,0.0,5876.0,8523.0,143.0,5658.0,8412.0,141.0,218.0,111.0,2.0,1.0,0.0,0.0,0.0,0.0,1.0,8797.0,11727.0,187.0,7544.0,11172.0,179.0,1253.0,555.0,8.0,2.0,2.0,1.0,1.0,1.0,2.0,11628.0,15404.0,235.0,9747.0,14314.0,237.0,1881.0,1090.0,-2.0,4.0,4.0,2.0,1.0,1.0,2.0
LOLTMNT01_413260,complete,,MSI,2026,,0,2026-06-29 06:42:17,2,16.13,2,Blue,jng,Josedeodo,oe:player:52b4f060a577ff87c99118d97fa75f4,Team Liquid,oe:team:8eb884e168f28402ce685bedebb5250,1.0,Pantheon,Jayce,Vi,Nocturne,Syndra,Ahri,,,,,,1953,1,6,7,8,25,17,1.0,0.0,0.0,0.0,1.0,1.0,0.0,0.0,0.768,1.2903,,,,,,,,,,,,,,,,,,,,,0.0,0.0,,,,,,,,,,0.0,0.0,22621,694.9616,0.199513,1072.5346,806.4823,0.0,8,0.2458,11,0.3379,9,43,1.321,13074,8814,270.7834,0.179428,11775,,,211.0,20.0,191,,,6.4823,3800.0,4077.0,75.0,3781.0,4676.0,93.0,19.0,-599.0,-18.0,1.0,0.0,1.0,0.0,1.0,0.0,5550.0,6462.0,113.0,5616.0,7595.0,138.0,-66.0,-1133.0,-25.0,1.0,1.0,2.0,0.0,2.0,0.0,7679.0,9402.0,149.0,7908.0,9627.0,167.0,-229.0,-225.0,-18.0,2.0,3.0,4.0,1.0,4.0,1.0,9649.0,12051.0,179.0,10590.0,11662.0,190.0,-941.0,389.0,-11.0,3.0,6.0,5.0,4.0,4.0,3.0
LOLTMNT01_413260,complete,,MSI,2026,,0,2026-06-29 06:42:17,2,16.13,3,Blue,mid,Quid,oe:player:8f8eaac8e99c203ee76e57c5c81c91f,Team Liquid,oe:team:8eb884e168f28402ce685bedebb5250,1.0,Ryze,Jayce,Vi,Nocturne,Syndra,Ahri,,,,,,1953,1,8,2,10,25,17,0.0,0.0,0.0,0.0,0.0,0.0,0.0,0.0,0.768,1.2903,,,,,,,,,,,,,,,,,,,,,0.0,0.0,,,,,,,,,,1.0,0.0,22413,688.5714,0.197679,756.5591,614.1014,11801.0,17,0.5223,5,0.1536,8,50,1.5361,16109,11849,364.0246,0.24121,15350,,,310.0,298.0,12,,,9.5238,3909.0,4887.0,92.0,3589.0,5317.0,105.0,320.0,-430.0,-13.0,2.0,1.0,0.0,0.0,0.0,1.0,6310.0,8371.0,162.0,5386.0,8338.0,165.0,924.0,33.0,-3.0,2.0,2.0,0.0,0.0,1.0,1.0,8182.0,10715.0,198.0,7581.0,10725.0,208.0,601.0,-10.0,-10.0,3.0,3.0,0.0,1.0,3.0,2.0,10592.0,15599.0,254.0,9147.0,13125.0,248.0,1445.0,2474.0,6.0,4.0,4.0,0.0,1.0,4.0,4.0
LOLTMNT01_413260,complete,,MSI,2026,,0,2026-06-29 06:42:17,2,16.13,4,Blue,bot,Yeon,oe:player:f6b8af05a5af22004a67a78f3046b92,Team Liquid,oe:team:8eb884e168f28402ce685bedebb5250,1.0,Ziggs,Jayce,Vi,Nocturne,Syndra,Ahri,,,,,,1953,1,2,1,16,25,17,0.0,0.0,0.0,0.0,1.0,0.0,1.0,0.0,0.768,1.2903,,,,,,,,,,,,,,,,,,,,,0.0,0.0,,,,,,,,,,1.0,0.0,37500,1152.0737,0.330743,322.6728,152.1352,15754.0,9,0.2765,6,0.1843,2,24,0.7373,15299,11039,339.1398,0.224721,14000,,,293.0,285.0,8,,,9.0015,3511.0,3467.0,80.0,3181.0,2894.0,64.0,330.0,573.0,16.0,0.0,2.0,0.0,1.0,0.0,1.0,6006.0,6163.0,135.0,5467.0,5230.0,111.0,539.0,933.0,24.0,0.0,2.0,0.0,2.0,0.0,1.0,8314.0,8896.0,188.0,7979.0,8319.0,161.0,335.0,577.0,27.0,0.0,4.0,0.0,3.0,2.0,1.0,10524.0,12059.0,242.0,10188.0,11093.0,205.0,336.0,966.0,37.0,0.0,7.0,0.0,3.0,5.0,1.0
LOLTMNT01_413260,complete,,MSI,2026,,0,2026-06-29 06:42:17,2,16.13,5,Blue,sup,CoreJJ,oe:player:05fafeaf23dc3285558a4e968970b9f,Team Liquid,oe:team:8eb884e168f28402ce685bedebb5250,1.0,Rell,Jayce,Vi,Nocturne,Syndra,Ahri,,,,,,1953,1,2,3,18,25,17,0.0,0.0,0.0,0.0,1.0,0.0,1.0,0.0,0.768,1.2903,,,,,,,,,,,,,,,,,,,,,0.0,0.0,,,,,,,,,,0.0,0.0,6800,208.9094,0.0599748,611.4593,893.7634,424.0,65,1.9969,20,0.6144,29,155,4.7619,9559,5299,162.7957,0.107875,8425,,,35.0,35.0,0,,,1.0753,3053.0,2273.0,16.0,2559.0,1919.0,20.0,494.0,354.0,-4.0,1.0,3.0,0.0,0.0,1.0,2.0,4054.0,3016.0,22.0,3632.0,2947.0,26.0,422.0,69.0,-4.0,1.0,3.0,0.0,0.0,2.0,2.0,5163.0,4433.0,28.0,4901.0,5229.0,32.0,262.0,-796.0,-4.0,1.0,4.0,1.0,0.0,5.0,2.0,7022.0,6951.0,35.0,6138.0,6045.0,34.0,884.0,906.0,1.0,2.0,7.0,2.0,0.0,6.0,3.0
LOLTMNT01_413260,complete,,MSI,2026,,0,2026-06-29 06:42:17,2,16.13,6,Red,top,Flauren,oe:player:8debac77f7c6101af768dc729323a67,Deep Cross Gaming,oe:team:7e56e9367c023df96cc8257ff4e16c0,0.0,Gnar,Naafiri,Lee Sin,Orianna,Vayne,Yasuo,,,,,,1953,0,1,4,7,17,25,0.0,0.0,0.0,0.0,0.0,0.0,0.0,0.0,0.5223,1.2903,,,,,,,,,,,,,,,,,,,,,0.0,1.0,,,,,,,,,,0.0,1.0,13709,421.1674,0.163676,974.1935,1001.321,8262.0,14,0.4301,7,0.2151,2,46,1.4132,12562,8302,255.0538,0.193651,12733,,,291.0,279.0,12,,,8.9401,3625.0,5131.0,95.0,3721.0,5131.0,95.0,-96.0,0.0,0.0,0.0,0.0,0.0,0.0,0.0,0.0,5658.0,8412.0,141.0,5876.0,8523.0,143.0,-218.0,-111.0,-2.0,0.0,0.0,1.0,1.0,0.0,0.0,7544.0,11172.0,179.0,8797.0,11727.0,187.0,-1253.0,-555.0,-8.0,1.0,1.0,2.0,2.0,2.0,1.0,9747.0,14314.0,237.0,11628.0,15404.0,235.0,-1881.0,-1090.0,2.0,1.0,1.0,2.0,4.0,4.0,2.0
LOLTMNT01_413260,complete,,MSI,2026,,0,2026-06-29 06:42:17,2,16.13,7,Red,jng,Pop9,oe:player:32aa62568603d99d16591ee5dd52a8a,Deep Cross Gaming,oe:team:7e56e9367c023df96cc8257ff4e16c0,0.0,Olaf,Naafiri,Lee Sin,Orianna,Vayne,Yasuo,,,,,,1953,0,6,5,9,17,25,1.0,0.0,0.0,0.0,0.0,0.0,0.0,0.0,0.5223,1.2903,,,,,,,,,,,,,,,,,,,,,0.0,0.0,,,,,,,,,,0.0,0.0,20218,621.1367,0.241389,1106.3902,1312.5653,0.0,9,0.2765,14,0.4301,14,50,1.5361,14172,9912,304.5161,0.231204,13575,,,242.0,42.0,200,,,7.4347,3781.0,4676.0,93.0,3800.0,4077.0,75.0,-19.0,599.0,18.0,0.0,1.0,0.0,1.0,0.0,1.0,5616.0,7595.0,138.0,5550.0,6462.0,113.0,66.0,1133.0,25.0,0.0,2.0,0.0,1.0,1.0,2.0,7908.0,9627.0,167.0,7679.0,9402.0,149.0,229.0,225.0,18.0,1.0,4.0,1.0,2.0,3.0,4.0,10590.0,11662.0,190.0,9649.0,12051.0,179.0,941.0,-389.0,11.0,4.0,4.0,3.0,3.0,6.0,5.0
LOLTMNT01_413260,complete,,MSI,2026,,0,2026-06-29 06:42:17,2,16.13,8,Red,mid,HongSuo,oe:player:32ddd24ac02f57871c631c66265d2f6,Deep Cross Gaming,oe:team:7e56e9367c023df96cc8257ff4e16c0,0.0,Taliyah,Naafiri,Lee Sin,Orianna,Vayne,Yasuo,,,,,,1953,0,4,6,6,17,25,1.0,0.0,0.0,0.0,0.0,0.0,0.0,0.0,0.5223,1.2903,,,,,,,,,,,,,,,,,,,,,0.0,0.0,,,,,,,,,,0.0,1.0,22683,696.8664,0.270819,687.6805,477.2043,2358.0,9,0.2765,9,0.2765,5,45,1.3825,14286,10026,308.0184,0.233863,13725,,,344.0,332.0,12,,,10.5684,3589.0,5317.0,105.0,3909.0,4887.0,92.0,-320.0,430.0,13.0,0.0,0.0,1.0,2.0,1.0,0.0,5386.0,8338.0,165.0,6310.0,8371.0,162.0,-924.0,-33.0,3.0,0.0,1.0,1.0,2.0,2.0,0.0,7581.0,10725.0,208.0,8182.0,10715.0,198.0,-601.0,10.0,10.0,1.0,3.0,2.0,3.0,3.0,0.0,9147.0,13125.0,248.0,10592.0,15599.0,254.0,-1445.0,-2474.0,-6.0,1.0,4.0,4.0,4.0,4.0,0.0
LOLTMNT01_413260,complete,,MSI,2026,,0,2026-06-29 06:42:17,2,16.13,9,Red,bot,Feng,oe:player:e9a0da5ca2d009aeedf5afcfccffde5,Deep Cross Gaming,oe:team:7e56e9367c023df96cc8257ff4e16c0,0.0,Senna,Naafiri,Lee Sin,Orianna,Vayne,Yasuo,,,,,,1953,0,5,3,9,17,25,0.0,0.0,0.0,0.0,0.0,0.0,0.0,0.0,0.5223,1.2903,,,,,,,,,,,,,,,,,,,,,0.0,0.0,,,,,,,,,,0.0,1.0,20906,642.2734,0.249603,682.1505,354.5929,1286.0,19,0.5837,10,0.3072,9,42,1.2903,14564,10304,316.5591,0.240348,13625,,,244.0,240.0,4,,,7.4962,3181.0,2894.0,64.0,3511.0,3467.0,80.0,-330.0,-573.0,-16.0,1.0,0.0,1.0,0.0,2.0,0.0,5467.0,5230.0,111.0,6006.0,6163.0,135.0,-539.0,-933.0,-24.0,2.0,0.0,1.0,0.0,2.0,0.0,7979.0,8319.0,161.0,8314.0,8896.0,188.0,-335.0,-577.0,-27.0,3.0,2.0,1.0,0.0,4.0,0.0,10188.0,11093.0,205.0,10524.0,12059.0,242.0,-336.0,-966.0,-37.0,3.0,5.0,1.0,0.0,7.0,0.0
LOLTMNT01_413260,complete,,MSI,2026,,0,2026-06-29 06:42:17,2,16.13,10,Red,sup,ShiauC,oe:player:5d7f415cbf04b549c235a8a3d83a763,Deep Cross Gaming,oe:team:7e56e9367c023df96cc8257ff4e16c0,0.0,Nautilus,Naafiri,Lee Sin,Orianna,Vayne,Yasuo,,,,,,1953,0,1,7,10,17,25,0.0,0.0,0.0,0.0,0.0,0.0,0.0,1.0,0.5223,1.2903,,,,,,,,,,,,,,,,,,,,,0.0,0.0,,,,,,,,,,0.0,0.0,6241,191.7358,0.0745132,809.278,935.0845,0.0,69,2.1198,15,0.4608,36,140,4.3011,8587,4327,132.9339,0.100934,8510,,,38.0,38.0,0,,,1.1674,2559.0,1919.0,20.0,3053.0,2273.0,16.0,-494.0,-354.0,4.0,0.0,1.0,2.0,1.0,3.0,0.0,3632.0,2947.0,26.0,4054.0,3016.0,22.0,-422.0,-69.0,4.0,0.0,2.0,2.0,1.0,3.0,0.0,4901.0,5229.0,32.0,5163.0,4433.0,28.0,-262.0,796.0,4.0,0.0,5.0,2.0,1.0,4.0,1.0,6138.0,6045.0,34.0,7022.0,6951.0,35.0,-884.0,-906.0,-1.0,0.0,6.0,3.0,2.0,7.0,2.0
LOLTMNT01_413260,complete,,MSI,2026,,0,2026-06-29 06:42:17,2,16.13,100,Blue,team,,,Team Liquid,oe:team:8eb884e168f28402ce685bedebb5250,1.0,,Jayce,Vi,Nocturne,Syndra,Ahri,Ryze,Ziggs,Rell,Pantheon,Twisted Fate,1953,1,25,17,64,25,17,1.0,0.0,0.0,0.0,1.0,,,,0.768,1.2903,0.0,2.0,3.0,2.0,3.0,0.0,0.0,2.0,0.0,0.0,0.0,,0.0,0.0,0.0,0.0,1.0,0.0,3.0,1.0,1.0,0.0,0.0,0.0,1.0,11.0,2.0,1.0,1.0,45.0,15.0,3.0,0.0,113381,3483.2873,,3415.3917,2934.6851,38504.0,109,3.3487,51,1.5668,50,303,9.3088,70423,49124,1509.1859,,65150,0.0468433,1.82,,901.0,223,,,34.5315,17994.0,19835.0,358.0,16735.0,19937.0,377.0,1259.0,-102.0,-19.0,4.0,6.0,1.0,1.0,2.0,4.0,27796.0,32535.0,575.0,25759.0,32522.0,581.0,2037.0,13.0,-6.0,5.0,8.0,2.0,2.0,5.0,5.0,38135.0,45173.0,750.0,35913.0,45072.0,747.0,2222.0,101.0,3.0,8.0,16.0,6.0,6.0,15.0,8.0,49415.0,62064.0,945.0,45810.0,56239.0,914.0,3605.0,5825.0,31.0,13.0,28.0,9.0,9.0,20.0,13.0
LOLTMNT01_413260,complete,,MSI,2026,,0,2026-06-29 06:42:17,2,16.13,200,Red,team,,,Deep Cross Gaming,oe:team:7e56e9367c023df96cc8257ff4e16c0,0.0,,Naafiri,Lee Sin,Orianna,Vayne,Yasuo,Nautilus,Senna,Gnar,Taliyah,Olaf,1953,0,17,25,41,17,25,2.0,0.0,0.0,0.0,0.0,,,,0.5223,1.2903,1.0,3.0,2.0,3.0,2.0,1.0,0.0,1.0,0.0,0.0,1.0,,0.0,0.0,1.0,1.0,0.0,3.0,0.0,0.0,0.0,1.0,0.0,0.0,0.0,2.0,11.0,0.0,0.0,15.0,45.0,0.0,3.0,83757,2573.1797,,4259.6928,4080.768,11906.0,120,3.6866,55,1.6897,66,323,9.9232,64171,42872,1317.1121,,62168,-0.0468433,-1.82,,931.0,228,,,35.6068,16735.0,19937.0,377.0,17994.0,19835.0,358.0,-1259.0,102.0,19.0,1.0,2.0,4.0,4.0,6.0,1.0,25759.0,32522.0,581.0,27796.0,32535.0,575.0,-2037.0,-13.0,6.0,2.0,5.0,5.0,5.0,8.0,2.0,35913.0,45072.0,747.0,38135.0,45173.0,750.0,-2222.0,-101.0,-3.0,6.0,15.0,8.0,8.0,16.0,6.0,45810.0,56239.0,914.0,49415.0,62064.0,945.0,-3605.0,-5825.0,-31.0,9.0,20.0,13.0,13.0,28.0,9.0
LOLTMNT01_413273,complete,,MSI,2026,,0,2026-06-29 07:36:05,3,16.13,1,Blue,top,Morgan,oe:player:f73dde2d8c7879ae8d1fcdc03c4ffeb,Team Liquid,oe:team:8eb884e168f28402ce685bedebb5250,0.0,Renekton,Vi,Lee Sin,Nocturne,Vayne,Ezreal,,,,,,1513,1,4,1,1,22,11,1.0,0.0,0.0,0.0,0.0,0.0,0.0,0.0,0.8724,1.3087,,,,,,,,,,,,,,,,,,,,,0.0,0.0,,,,,,,,,,0.0,0.0,17497,693.8665,0.194476,1219.8282,1192.5843,9081.0,10,0.3966,2,0.0793,5,39,1.5466,11911,8549,339.0218,0.211651,10185,,,244.0,244.0,0,,,9.6761,3777.0,5472.0,99.0,3248.0,4914.0,85.0,529.0,558.0,14.0,0.0,0.0,0.0,0.0,0.0,0.0,7176.0,10435.0,160.0,4842.0,8175.0,133.0,2334.0,2260.0,27.0,1.0,1.0,0.0,0.0,0.0,2.0,8808.0,12981.0,203.0,7594.0,12194.0,196.0,1214.0,787.0,7.0,1.0,1.0,1.0,1.0,1.0,2.0,11714.0,16941.0,244.0,9174.0,14253.0,226.0,2540.0,2688.0,18.0,3.0,1.0,1.0,1.0,2.0,3.0
LOLTMNT01_413273,complete,,MSI,2026,,0,2026-06-29 07:36:05,3,16.13,2,Blue,jng,Josedeodo,oe:player:52b4f060a577ff87c99118d97fa75f4,Team Liquid,oe:team:8eb884e168f28402ce685bedebb5250,0.0,Shyvana,Vi,Lee Sin,Nocturne,Vayne,Ezreal,,,,,,1513,1,7,0,3,22,11,1.0,0.0,0.0,0.0,0.0,0.0,0.0,0.0,0.8724,1.3087,,,,,,,,,,,,,,,,,,,,,1.0,0.0,,,,,,,,,,1.0,0.0,9635,382.0886,0.107091,480.5552,955.2412,9034.0,8,0.3173,19,0.7535,6,63,2.4983,12540,9178,363.9656,0.227224,11308,,,208.0,31.0,177,,,8.2485,4356.0,3972.0,77.0,3213.0,3843.0,69.0,1143.0,129.0,8.0,3.0,0.0,0.0,0.0,0.0,0.0,6915.0,7136.0,118.0,4995.0,6386.0,110.0,1920.0,750.0,8.0,4.0,1.0,0.0,0.0,1.0,0.0,9521.0,10624.0,169.0,6883.0,8484.0,139.0,2638.0,2140.0,30.0,5.0,1.0,0.0,0.0,2.0,2.0,12463.0,13802.0,208.0,8437.0,10764.0,165.0,4026.0,3038.0,43.0,7.0,3.0,0.0,0.0,3.0,3.0
LOLTMNT01_413273,complete,,MSI,2026,,0,2026-06-29 07:36:05,3,16.13,3,Blue,mid,Quid,oe:player:8f8eaac8e99c203ee76e57c5c81c91f,Team Liquid,oe:team:8eb884e168f28402ce685bedebb5250,0.0,Viktor,Vi,Lee Sin,Nocturne,Vayne,Ezreal,,,,,,1513,1,3,1,5,22,11,0.0,0.0,0.0,0.0,0.0,0.0,0.0,0.0,0.8724,1.3087,,,,,,,,,,,,,,,,,,,,,0.0,0.0,,,,,,,,,,0.0,0.0,23309,924.349,0.259075,440.9782,436.2194,10375.0,11,0.4362,2,0.0793,2,22,0.8724,11271,7909,313.6418,0.195806,9900,,,243.0,235.0,8,,,9.6365,3605.0,5030.0,89.0,3695.0,5099.0,95.0,-90.0,-69.0,-6.0,0.0,1.0,1.0,0.0,1.0,1.0,5696.0,7979.0,138.0,5289.0,7510.0,141.0,407.0,469.0,-3.0,1.0,1.0,1.0,0.0,1.0,2.0,8760.0,11722.0,213.0,7555.0,10580.0,203.0,1205.0,1142.0,10.0,2.0,1.0,1.0,0.0,1.0,3.0,11095.0,14819.0,243.0,10995.0,13538.0,246.0,100.0,1281.0,-3.0,3.0,4.0,1.0,3.0,1.0,3.0
LOLTMNT01_413273,complete,,MSI,2026,,0,2026-06-29 07:36:05,3,16.13,4,Blue,bot,Yeon,oe:player:f6b8af05a5af22004a67a78f3046b92,Team Liquid,oe:team:8eb884e168f28402ce685bedebb5250,0.0,Lucian,Vi,Lee Sin,Nocturne,Vayne,Ezreal,,,,,,1513,1,8,4,8,22,11,2.0,0.0,0.0,0.0,0.0,0.0,0.0,1.0,0.8724,1.3087,,,,,,,,,,,,,,,,,,,,,0.0,0.0,,,,,,,,,,0.0,0.0,27153,1076.7878,0.301801,879.577,441.2558,11257.0,12,0.4759,5,0.1983,2,27,1.0707,13009,9647,382.5644,0.238835,12800,,,218.0,215.0,3,,,8.6451,4156.0,3848.0,89.0,2960.0,3112.0,65.0,1196.0,736.0,24.0,2.0,2.0,2.0,1.0,1.0,2.0,6765.0,5729.0,128.0,5755.0,5109.0,113.0,1010.0,620.0,15.0,4.0,2.0,3.0,2.0,1.0,3.0,10406.0,8834.0,182.0,8636.0,7773.0,165.0,1770.0,1061.0,17.0,7.0,4.0,3.0,3.0,2.0,4.0,12932.0,11554.0,218.0,10336.0,9650.0,198.0,2596.0,1904.0,20.0,8.0,8.0,4.0,3.0,3.0,6.0
LOLTMNT01_413273,complete,,MSI,2026,,0,2026-06-29 07:36:05,3,16.13,5,Blue,sup,CoreJJ,oe:player:05fafeaf23dc3285558a4e968970b9f,Team Liquid,oe:team:8eb884e168f28402ce685bedebb5250,0.0,Renata Glasc,Vi,Lee Sin,Nocturne,Vayne,Ezreal,,,,,,1513,1,0,5,17,22,11,0.0,0.0,0.0,0.0,0.0,0.0,0.0,0.0,0.8724,1.3087,,,,,,,,,,,,,,,,,,,,,0.0,0.0,,,,,,,,,,0.0,0.0,12376,490.7865,0.137557,867.4818,649.61,1436.0,41,1.6259,10,0.3966,19,101,4.0053,8471,5109,202.6041,0.126484,7705,,,27.0,27.0,0,,,1.0707,2773.0,2322.0,9.0,3576.0,1833.0,13.0,-803.0,489.0,-4.0,0.0,4.0,1.0,3.0,0.0,2.0,4367.0,3742.0,20.0,4826.0,3413.0,19.0,-459.0,329.0,1.0,0.0,6.0,1.0,3.0,1.0,3.0,6494.0,6144.0,25.0,6503.0,5367.0,23.0,-9.0,777.0,2.0,0.0,11.0,2.0,3.0,3.0,4.0,8383.0,8358.0,27.0,7654.0,6827.0,25.0,729.0,1531.0,2.0,0.0,17.0,4.0,3.0,3.0,6.0
LOLTMNT01_413273,complete,,MSI,2026,,0,2026-06-29 07:36:05,3,16.13,6,Red,top,Flauren,oe:player:8debac77f7c6101af768dc729323a67,Deep Cross Gaming,oe:team:7e56e9367c023df96cc8257ff4e16c0,1.0,Jax,Naafiri,Poppy,Jayce,Braum,Milio,,,,,,1513,0,1,3,2,11,22,0.0,0.0,0.0,0.0,0.0,0.0,0.0,0.0,0.4362,1.3087,,,,,,,,,,,,,,,,,,,,,0.0,0.0,,,,,,,,,,0.0,0.0,17086,677.5677,0.274342,1148.8434,842.8553,2530.0,12,0.4759,2,0.0793,2,26,1.0311,9200,5838,231.5135,0.19342,8433,,,226.0,222.0,4,,,8.9623,3248.0,4914.0,85.0,3777.0,5472.0,99.0,-529.0,-558.0,-14.0,0.0,0.0,0.0,0.0,0.0,0.0,4842.0,8175.0,133.0,7176.0,10435.0,160.0,-2334.0,-2260.0,-27.0,0.0,0.0,2.0,1.0,1.0,0.0,7594.0,12194.0,196.0,8808.0,12981.0,203.0,-1214.0,-787.0,-7.0,1.0,1.0,2.0,1.0,1.0,1.0,9174.0,14253.0,226.0,11714.0,16941.0,244.0,-2540.0,-2688.0,-18.0,1.0,2.0,3.0,3.0,1.0,1.0
LOLTMNT01_413273,complete,,MSI,2026,,0,2026-06-29 07:36:05,3,16.13,7,Red,jng,Pop9,oe:player:32aa62568603d99d16591ee5dd52a8a,Deep Cross Gaming,oe:team:7e56e9367c023df96cc8257ff4e16c0,1.0,Wukong,Naafiri,Poppy,Jayce,Braum,Milio,,,,,,1513,0,0,3,3,11,22,0.0,0.0,0.0,0.0,0.0,0.0,0.0,0.0,0.4362,1.3087,,,,,,,,,,,,,,,,,,,,,0.0,1.0,,,,,,,,,,0.0,1.0,4713,186.9002,0.0756744,766.1203,536.3913,5688.0,9,0.3569,11,0.4362,8,47,1.8638,8464,5102,202.3265,0.169035,8383,,,165.0,22.0,143,,,6.5433,3213.0,3843.0,69.0,4356.0,3972.0,77.0,-1143.0,-129.0,-8.0,0.0,0.0,0.0,3.0,0.0,0.0,4995.0,6386.0,110.0,6915.0,7136.0,118.0,-1920.0,-750.0,-8.0,0.0,1.0,0.0,4.0,1.0,0.0,6883.0,8484.0,139.0,9521.0,10624.0,169.0,-2638.0,-2140.0,-30.0,0.0,2.0,2.0,5.0,1.0,0.0,8437.0,10764.0,165.0,12463.0,13802.0,208.0,-4026.0,-3038.0,-43.0,0.0,3.0,3.0,7.0,3.0,0.0
LOLTMNT01_413273,complete,,MSI,2026,,0,2026-06-29 07:36:05,3,16.13,8,Red,mid,HongSuo,oe:player:32ddd24ac02f57871c631c66265d2f6,Deep Cross Gaming,oe:team:7e56e9367c023df96cc8257ff4e16c0,1.0,Orianna,Naafiri,Poppy,Jayce,Braum,Milio,,,,,,1513,0,4,3,1,11,22,0.0,0.0,0.0,0.0,0.0,0.0,0.0,0.0,0.4362,1.3087,,,,,,,,,,,,,,,,,,,,,0.0,0.0,,,,,,,,,,0.0,0.0,20836,826.2789,0.334554,574.9372,345.8824,5061.0,11,0.4362,7,0.2776,3,31,1.2293,11275,7913,313.8004,0.262169,8875,,,246.0,246.0,0,,,9.7555,3695.0,5099.0,95.0,3605.0,5030.0,89.0,90.0,69.0,6.0,0.0,1.0,1.0,0.0,1.0,1.0,5289.0,7510.0,141.0,5696.0,7979.0,138.0,-407.0,-469.0,3.0,0.0,1.0,2.0,1.0,1.0,1.0,7555.0,10580.0,203.0,8760.0,11722.0,213.0,-1205.0,-1142.0,-10.0,0.0,1.0,3.0,2.0,1.0,1.0,10995.0,13538.0,246.0,11095.0,14819.0,243.0,-100.0,-1281.0,3.0,3.0,1.0,3.0,3.0,4.0,1.0
LOLTMNT01_413273,complete,,MSI,2026,,0,2026-06-29 07:36:05,3,16.13,9,Red,bot,Feng,oe:player:e9a0da5ca2d009aeedf5afcfccffde5,Deep Cross Gaming,oe:team:7e56e9367c023df96cc8257ff4e16c0,1.0,Kalista,Naafiri,Poppy,Jayce,Braum,Milio,,,,,,1513,0,3,6,3,11,22,0.0,0.0,0.0,0.0,1.0,0.0,1.0,0.0,0.4362,1.3087,,,,,,,,,,,,,,,,,,,,,0.0,0.0,,,,,,,,,,0.0,0.0,12059,478.2155,0.193626,548.1295,319.035,3616.0,12,0.4759,5,0.1983,7,32,1.269,10362,7000,277.5942,0.231919,10425,,,198.0,194.0,4,,,7.8519,2960.0,3112.0,65.0,4156.0,3848.0,89.0,-1196.0,-736.0,-24.0,1.0,1.0,2.0,2.0,2.0,2.0,5755.0,5109.0,113.0,6765.0,5729.0,128.0,-1010.0,-620.0,-15.0,2.0,1.0,3.0,4.0,2.0,3.0,8636.0,7773.0,165.0,10406.0,8834.0,182.0,-1770.0,-1061.0,-17.0,3.0,2.0,4.0,7.0,4.0,3.0,10336.0,9650.0,198.0,12932.0,11554.0,218.0,-2596.0,-1904.0,-20.0,3.0,3.0,6.0,8.0,8.0,4.0
LOLTMNT01_413273,complete,,MSI,2026,,0,2026-06-29 07:36:05,3,16.13,10,Red,sup,ShiauC,oe:player:5d7f415cbf04b549c235a8a3d83a763,Deep Cross Gaming,oe:team:7e56e9367c023df96cc8257ff4e16c0,1.0,Camille,Naafiri,Poppy,Jayce,Braum,Milio,,,,,,1513,0,3,7,3,11,22,0.0,0.0,0.0,0.0,1.0,1.0,0.0,0.0,0.4362,1.3087,,,,,,,,,,,,,,,,,,,,,0.0,0.0,,,,,,,,,,0.0,0.0,7586,300.8328,0.121805,923.6352,598.2948,472.0,49,1.9432,10,0.3966,28,92,3.6484,7692,4330,171.7118,0.143457,7495,,,25.0,25.0,0,,,0.9914,3576.0,1833.0,13.0,2773.0,2322.0,9.0,803.0,-489.0,4.0,3.0,0.0,2.0,0.0,4.0,1.0,4826.0,3413.0,19.0,4367.0,3742.0,20.0,459.0,-329.0,-1.0,3.0,1.0,3.0,0.0,6.0,1.0,6503.0,5367.0,23.0,6494.0,6144.0,25.0,9.0,-777.0,-2.0,3.0,3.0,4.0,0.0,11.0,2.0,7654.0,6827.0,25.0,8383.0,8358.0,27.0,-729.0,-1531.0,-2.0,3.0,3.0,6.0,0.0,17.0,4.0
LOLTMNT01_413273,complete,,MSI,2026,,0,2026-06-29 07:36:05,3,16.13,100,Blue,team,,,Team Liquid,oe:team:8eb884e168f28402ce685bedebb5250,0.0,,Vi,Lee Sin,Nocturne,Vayne,Ezreal,Viktor,Lucian,Renekton,Shyvana,Renata Glasc,1513,1,22,11,34,22,11,4.0,0.0,0.0,0.0,0.0,,,,0.8724,1.3087,1.0,3.0,1.0,3.0,1.0,1.0,1.0,0.0,1.0,0.0,0.0,,0.0,0.0,1.0,1.0,0.0,3.0,0.0,1.0,1.0,0.0,0.0,0.0,1.0,9.0,2.0,1.0,1.0,42.0,13.0,1.0,0.0,89970,3567.8784,,3888.4204,3674.9108,41183.0,82,3.2518,38,1.5069,34,252,9.9934,57202,40391,1601.7581,,51898,0.173533,3.19,,752.0,188,,,37.2769,18667.0,20644.0,363.0,16692.0,18801.0,327.0,1975.0,1843.0,36.0,5.0,7.0,4.0,4.0,2.0,5.0,30919.0,35021.0,564.0,25707.0,30593.0,516.0,5212.0,4428.0,48.0,10.0,11.0,5.0,5.0,4.0,10.0,43989.0,50305.0,792.0,37171.0,44398.0,726.0,6818.0,5907.0,66.0,15.0,18.0,7.0,7.0,9.0,15.0,56587.0,65474.0,940.0,46596.0,55032.0,860.0,9991.0,10442.0,80.0,21.0,33.0,10.0,10.0,12.0,21.0
LOLTMNT01_413273,complete,,MSI,2026,,0,2026-06-29 07:36:05,3,16.13,200,Red,team,,,Deep Cross Gaming,oe:team:7e56e9367c023df96cc8257ff4e16c0,1.0,,Naafiri,Poppy,Jayce,Braum,Milio,Orianna,Wukong,Camille,Jax,Kalista,1513,0,11,22,12,11,22,0.0,0.0,0.0,0.0,1.0,,,,0.4362,1.3087,0.0,1.0,3.0,1.0,3.0,1.0,0.0,0.0,0.0,0.0,0.0,,0.0,0.0,0.0,0.0,1.0,0.0,3.0,0.0,0.0,1.0,0.0,0.0,0.0,2.0,9.0,0.0,0.0,13.0,42.0,0.0,1.0,62280,2469.7951,,3961.6656,2642.4587,17367.0,93,3.688,35,1.388,48,228,9.0416,46993,30182,1196.9068,,43611,-0.173533,-3.19,,709.0,151,,,34.1044,16692.0,18801.0,327.0,18667.0,20644.0,363.0,-1975.0,-1843.0,-36.0,4.0,2.0,5.0,5.0,7.0,4.0,25707.0,30593.0,516.0,30919.0,35021.0,564.0,-5212.0,-4428.0,-48.0,5.0,4.0,10.0,10.0,11.0,5.0,37171.0,44398.0,726.0,43989.0,50305.0,792.0,-6818.0,-5907.0,-66.0,7.0,9.0,15.0,15.0,18.0,7.0,46596.0,55032.0,860.0,56587.0,65474.0,940.0,-9991.0,-10442.0,-80.0,10.0,12.0,21.0,21.0,33.0,10.0
LOLTMNT01_413634,complete,,MSI,2026,,0,2026-06-30 08:09:29,1,16.13,1,Blue,top,Morgan,oe:player:f73dde2d8c7879ae8d1fcdc03c4ffeb,Team Liquid,oe:team:8eb884e168f28402ce685bedebb5250,1.0,Gnar,Anivia,Vi,Cassiopeia,Ezreal,Jayce,,,,,,1781,1,5,1,6,18,7,0.0,0.0,0.0,0.0,1.0,1.0,0.0,0.0,0.6064,0.8422,,,,,,,,,,,,,,,,,,,,,0.0,0.0,,,,,,,,,,1.0,0.0,13082,440.7187,0.202592,736.0359,905.1881,5893.0,12,0.4043,8,0.2695,6,48,1.6171,12543,8634,290.8703,0.2197,11943,,,253.0,248.0,5,,,8.5233,3646.0,4965.0,86.0,3219.0,4493.0,82.0,427.0,472.0,4.0,1.0,0.0,0.0,0.0,1.0,1.0,5540.0,8202.0,139.0,5121.0,7533.0,129.0,419.0,669.0,10.0,1.0,1.0,0.0,0.0,2.0,1.0,7705.0,11351.0,181.0,6708.0,9581.0,163.0,997.0,1770.0,18.0,2.0,2.0,1.0,1.0,2.0,2.0,9531.0,14312.0,229.0,8275.0,12062.0,207.0,1256.0,2250.0,22.0,3.0,2.0,1.0,1.0,2.0,2.0
LOLTMNT01_413634,complete,,MSI,2026,,0,2026-06-30 08:09:29,1,16.13,2,Blue,jng,Josedeodo,oe:player:52b4f060a577ff87c99118d97fa75f4,Team Liquid,oe:team:8eb884e168f28402ce685bedebb5250,1.0,Nocturne,Anivia,Vi,Cassiopeia,Ezreal,Jayce,,,,,,1781,1,1,1,7,18,7,0.0,0.0,0.0,0.0,0.0,0.0,0.0,0.0,0.6064,0.8422,,,,,,,,,,,,,,,,,,,,,1.0,0.0,,,,,,,,,,0.0,0.0,7532,253.7451,0.116643,893.936,662.1224,368.0,8,0.2695,13,0.438,8,55,1.8529,10321,6412,216.0135,0.16316,9300,,,203.0,28.0,175,,,6.8389,3417.0,4002.0,78.0,3558.0,4299.0,81.0,-141.0,-297.0,-3.0,0.0,0.0,0.0,0.0,1.0,0.0,5036.0,6109.0,117.0,5528.0,6333.0,115.0,-492.0,-224.0,2.0,0.0,0.0,0.0,1.0,1.0,0.0,7396.0,9245.0,164.0,7259.0,8848.0,158.0,137.0,397.0,6.0,1.0,2.0,0.0,1.0,1.0,1.0,8692.0,10651.0,183.0,8531.0,10458.0,179.0,161.0,193.0,4.0,1.0,3.0,0.0,1.0,1.0,2.0
LOLTMNT01_413634,complete,,MSI,2026,,0,2026-06-30 08:09:29,1,16.13,3,Blue,mid,Quid,oe:player:8f8eaac8e99c203ee76e57c5c81c91f,Team Liquid,oe:team:8eb884e168f28402ce685bedebb5250,1.0,Orianna,Anivia,Vi,Cassiopeia,Ezreal,Jayce,,,,,,1781,1,8,0,8,18,7,1.0,0.0,0.0,0.0,0.0,0.0,0.0,0.0,0.6064,0.8422,,,,,,,,,,,,,,,,,,,,,0.0,0.0,,,,,,,,,,0.0,0.0,28481,959.4947,0.441067,406.7939,319.0343,5935.0,10,0.3369,3,0.1011,1,16,0.539,13559,9650,325.0983,0.245552,11575,,,261.0,250.0,11,,,8.7928,3657.0,5410.0,108.0,3466.0,4805.0,99.0,191.0,605.0,9.0,0.0,0.0,0.0,0.0,0.0,0.0,5760.0,8024.0,161.0,5360.0,7410.0,155.0,400.0,614.0,6.0,1.0,0.0,0.0,0.0,0.0,0.0,7711.0,10343.0,205.0,6735.0,9551.0,194.0,976.0,792.0,11.0,2.0,1.0,0.0,0.0,0.0,0.0,9164.0,12041.0,231.0,8314.0,13122.0,239.0,850.0,-1081.0,-8.0,2.0,3.0,0.0,0.0,0.0,0.0
LOLTMNT01_413634,complete,,MSI,2026,,0,2026-06-30 08:09:29,1,16.13,4,Blue,bot,Yeon,oe:player:f6b8af05a5af22004a67a78f3046b92,Team Liquid,oe:team:8eb884e168f28402ce685bedebb5250,1.0,Tristana,Anivia,Vi,Cassiopeia,Ezreal,Jayce,,,,,,1781,1,4,3,7,18,7,1.0,0.0,0.0,0.0,0.0,0.0,0.0,0.0,0.6064,0.8422,,,,,,,,,,,,,,,,,,,,,0.0,0.0,,,,,,,,,,0.0,0.0,11721,394.8681,0.181515,554.7221,308.4222,19148.0,14,0.4716,13,0.438,4,48,1.6171,14310,10401,350.3987,0.264662,12050,,,273.0,264.0,9,,,9.1971,3331.0,3565.0,81.0,3217.0,4194.0,84.0,114.0,-629.0,-3.0,0.0,0.0,0.0,0.0,0.0,0.0,5545.0,5852.0,127.0,6681.0,7366.0,144.0,-1136.0,-1514.0,-17.0,0.0,0.0,2.0,1.0,0.0,0.0,8684.0,8975.0,201.0,9088.0,10680.0,213.0,-404.0,-1705.0,-12.0,0.0,2.0,2.0,1.0,1.0,0.0,11327.0,11607.0,260.0,10916.0,12923.0,265.0,411.0,-1316.0,-5.0,1.0,3.0,2.0,1.0,1.0,0.0
LOLTMNT01_413634,complete,,MSI,2026,,0,2026-06-30 08:09:29,1,16.13,5,Blue,sup,CoreJJ,oe:player:05fafeaf23dc3285558a4e968970b9f,Team Liquid,oe:team:8eb884e168f28402ce685bedebb5250,1.0,Rell,Anivia,Vi,Cassiopeia,Ezreal,Jayce,,,,,,1781,1,0,2,15,18,7,0.0,0.0,0.0,0.0,0.0,0.0,0.0,0.0,0.6064,0.8422,,,,,,,,,,,,,,,,,,,,,0.0,0.0,,,,,,,,,,0.0,0.0,3757,126.5693,0.0581822,417.3386,632.3077,2133.0,54,1.8192,13,0.438,26,128,4.3122,8111,4202,141.5609,0.106926,6410,,,28.0,28.0,0,,,0.9433,2146.0,2242.0,12.0,2512.0,1965.0,8.0,-366.0,277.0,4.0,0.0,0.0,1.0,1.0,0.0,0.0,3294.0,3229.0,15.0,3986.0,3619.0,17.0,-692.0,-390.0,-2.0,0.0,1.0,1.0,1.0,1.0,1.0,4530.0,4856.0,18.0,4949.0,4180.0,19.0,-419.0,676.0,-1.0,0.0,4.0,1.0,1.0,1.0,2.0,5774.0,6361.0,21.0,5856.0,4569.0,19.0,-82.0,1792.0,2.0,0.0,5.0,1.0,1.0,1.0,3.0
LOLTMNT01_413634,complete,,MSI,2026,,0,2026-06-30 08:09:29,1,16.13,6,Red,top,Canna,oe:player:7577c239c73fa5f3011cd7b5503e75e,Karmine Corp,oe:team:f3aa9bbd924ce3af42ac53f8326bc7c,0.0,Vayne,Akali,Rumble,Poppy,Renekton,Kai'Sa,,,,,,1781,0,1,4,3,7,18,0.0,0.0,0.0,0.0,0.0,0.0,0.0,1.0,0.2358,0.8422,,,,,,,,,,,,,,,,,,,,,0.0,0.0,,,,,,,,,,0.0,1.0,11647,392.3751,0.207867,517.7316,258.8321,2097.0,15,0.5053,9,0.3032,5,49,1.6508,9542,5633,189.7698,0.18849,9025,,,231.0,231.0,0,,,7.7821,3219.0,4493.0,82.0,3646.0,4965.0,86.0,-427.0,-472.0,-4.0,0.0,1.0,1.0,1.0,0.0,0.0,5121.0,7533.0,129.0,5540.0,8202.0,139.0,-419.0,-669.0,-10.0,0.0,2.0,1.0,1.0,1.0,0.0,6708.0,9581.0,163.0,7705.0,11351.0,181.0,-997.0,-1770.0,-18.0,1.0,2.0,2.0,2.0,2.0,1.0,8275.0,12062.0,207.0,9531.0,14312.0,229.0,-1256.0,-2250.0,-22.0,1.0,2.0,2.0,3.0,2.0,1.0
LOLTMNT01_413634,complete,,MSI,2026,,0,2026-06-30 08:09:29,1,16.13,7,Red,jng,Yike,oe:player:4203fc46c4c6333e9bfa9d0a8618677,Karmine Corp,oe:team:f3aa9bbd924ce3af42ac53f8326bc7c,0.0,Wukong,Akali,Rumble,Poppy,Renekton,Kai'Sa,,,,,,1781,0,2,3,2,7,18,0.0,0.0,0.0,0.0,0.0,0.0,0.0,0.0,0.2358,0.8422,,,,,,,,,,,,,,,,,,,,,0.0,1.0,,,,,,,,,,0.0,0.0,8547,287.9394,0.152541,794.0483,903.3689,724.0,8,0.2695,8,0.2695,7,35,1.1791,10181,6272,211.297,0.209871,9383,,,202.0,9.0,193,,,6.8052,3558.0,4299.0,81.0,3417.0,4002.0,78.0,141.0,297.0,3.0,0.0,1.0,0.0,0.0,0.0,0.0,5528.0,6333.0,115.0,5036.0,6109.0,117.0,492.0,224.0,-2.0,1.0,1.0,0.0,0.0,0.0,0.0,7259.0,8848.0,158.0,7396.0,9245.0,164.0,-137.0,-397.0,-6.0,1.0,1.0,1.0,1.0,2.0,0.0,8531.0,10458.0,179.0,8692.0,10651.0,183.0,-161.0,-193.0,-4.0,1.0,1.0,2.0,1.0,3.0,0.0
LOLTMNT01_413634,complete,,MSI,2026,,0,2026-06-30 08:09:29,1,16.13,8,Red,mid,kyeahoo,oe:player:308e48bf56284c09a1a9aadf55bc80c,Karmine Corp,oe:team:f3aa9bbd924ce3af42ac53f8326bc7c,0.0,Ryze,Akali,Rumble,Poppy,Renekton,Kai'Sa,,,,,,1781,0,0,3,2,7,18,0.0,0.0,0.0,0.0,0.0,0.0,0.0,0.0,0.2358,0.8422,,,,,,,,,,,,,,,,,,,,,0.0,0.0,,,,,,,,,,0.0,0.0,14192,478.1134,0.253288,647.8383,499.7417,1349.0,16,0.539,6,0.2021,6,40,1.3476,9405,5496,185.1544,0.183905,9200,,,251.0,241.0,10,,,8.4559,3466.0,4805.0,99.0,3657.0,5410.0,108.0,-191.0,-605.0,-9.0,0.0,0.0,0.0,0.0,0.0,0.0,5360.0,7410.0,155.0,5760.0,8024.0,161.0,-400.0,-614.0,-6.0,0.0,0.0,0.0,1.0,0.0,0.0,6735.0,9551.0,194.0,7711.0,10343.0,205.0,-976.0,-792.0,-11.0,0.0,0.0,0.0,2.0,1.0,0.0,8314.0,13122.0,239.0,9164.0,12041.0,231.0,-850.0,1081.0,8.0,0.0,0.0,0.0,2.0,3.0,0.0
LOLTMNT01_413634,complete,,MSI,2026,,0,2026-06-30 08:09:29,1,16.13,9,Red,bot,Caliste,oe:player:e2af2b779499aa25ab9a9c10c9a5ffd,Karmine Corp,oe:team:f3aa9bbd924ce3af42ac53f8326bc7c,0.0,Ziggs,Akali,Rumble,Poppy,Renekton,Kai'Sa,,,,,,1781,0,1,2,4,7,18,0.0,0.0,0.0,0.0,0.0,0.0,0.0,0.0,0.2358,0.8422,,,,,,,,,,,,,,,,,,,,,0.0,0.0,,,,,,,,,,0.0,0.0,14827,499.5059,0.264621,298.922,154.3964,11724.0,14,0.4716,3,0.1011,2,29,0.977,12290,8381,282.347,0.28044,11550,,,284.0,284.0,0,,,9.5677,3217.0,4194.0,84.0,3331.0,3565.0,81.0,-114.0,629.0,3.0,0.0,0.0,0.0,0.0,0.0,0.0,6681.0,7366.0,144.0,5545.0,5852.0,127.0,1136.0,1514.0,17.0,1.0,0.0,0.0,0.0,0.0,2.0,9088.0,10680.0,213.0,8684.0,8975.0,201.0,404.0,1705.0,12.0,1.0,1.0,0.0,0.0,2.0,2.0,10916.0,12923.0,265.0,11327.0,11607.0,260.0,-411.0,1316.0,5.0,1.0,1.0,0.0,1.0,3.0,2.0
LOLTMNT01_413634,complete,,MSI,2026,,0,2026-06-30 08:09:29,1,16.13,10,Red,sup,Busio,oe:player:3e722c8ede909c83af9342c41805a16,Karmine Corp,oe:team:f3aa9bbd924ce3af42ac53f8326bc7c,0.0,Camille,Akali,Rumble,Poppy,Renekton,Kai'Sa,,,,,,1781,0,3,6,2,7,18,1.0,0.0,0.0,0.0,0.0,0.0,0.0,0.0,0.2358,0.8422,,,,,,,,,,,,,,,,,,,,,0.0,0.0,,,,,,,,,,0.0,0.0,6818,229.6912,0.121683,584.9074,334.767,122.0,58,1.954,7,0.2358,17,108,3.6384,8012,4103,138.2257,0.137295,7525,,,19.0,19.0,0,,,0.6401,2512.0,1965.0,8.0,2146.0,2242.0,12.0,366.0,-277.0,-4.0,1.0,0.0,0.0,0.0,0.0,1.0,3986.0,3619.0,17.0,3294.0,3229.0,15.0,692.0,390.0,2.0,1.0,1.0,1.0,0.0,1.0,1.0,4949.0,4180.0,19.0,4530.0,4856.0,18.0,419.0,-676.0,1.0,1.0,1.0,2.0,0.0,4.0,1.0,5856.0,4569.0,19.0,5774.0,6361.0,21.0,82.0,-1792.0,-2.0,1.0,1.0,3.0,0.0,5.0,1.0
LOLTMNT01_413634,complete,,MSI,2026,,0,2026-06-30 08:09:29,1,16.13,100,Blue,team,,,Team Liquid,oe:team:8eb884e168f28402ce685bedebb5250,1.0,,Anivia,Vi,Cassiopeia,Ezreal,Jayce,Orianna,Nocturne,Rell,Tristana,Gnar,1781,1,18,7,43,18,7,2.0,0.0,0.0,0.0,1.0,,,,0.6064,0.8422,0.0,2.0,2.0,2.0,2.0,0.0,1.0,0.0,0.0,0.0,1.0,,0.0,0.0,0.0,0.0,1.0,3.0,0.0,1.0,1.0,0.0,0.0,0.0,0.0,7.0,2.0,1.0,1.0,30.0,16.0,1.0,0.0,64573,2175.3958,,3008.8265,2827.0747,33477.0,98,3.3015,50,1.6844,45,295,9.9382,58844,39300,1323.9753,,51278,0.0938128,0.69,,818.0,200,,,34.2953,16197.0,20184.0,365.0,15972.0,19756.0,354.0,225.0,428.0,11.0,1.0,0.0,1.0,1.0,2.0,1.0,25175.0,31416.0,559.0,26676.0,32261.0,560.0,-1501.0,-845.0,-1.0,2.0,2.0,3.0,3.0,4.0,2.0,36026.0,44770.0,769.0,34739.0,42840.0,747.0,1287.0,1930.0,22.0,5.0,11.0,4.0,4.0,5.0,5.0,44488.0,54972.0,924.0,41892.0,53134.0,909.0,2596.0,1838.0,15.0,7.0,16.0,4.0,4.0,5.0,7.0
LOLTMNT01_413634,complete,,MSI,2026,,0,2026-06-30 08:09:29,1,16.13,200,Red,team,,,Karmine Corp,oe:team:f3aa9bbd924ce3af42ac53f8326bc7c,0.0,,Akali,Rumble,Poppy,Renekton,Kai'Sa,Ryze,Camille,Wukong,Ziggs,Vayne,1781,0,7,18,13,7,18,1.0,0.0,0.0,0.0,0.0,,,,0.2358,0.8422,1.0,2.0,2.0,2.0,2.0,1.0,0.0,0.0,0.0,0.0,1.0,,0.0,0.0,1.0,1.0,0.0,0.0,3.0,0.0,0.0,1.0,0.0,0.0,1.0,2.0,7.0,0.0,0.0,16.0,30.0,0.0,1.0,56031,1887.6249,,2843.4475,2151.1061,16016.0,111,3.7395,33,1.1117,37,261,8.7928,49430,29886,1006.8276,,46683,-0.0938128,-0.69,,784.0,203,,,33.251,15972.0,19756.0,354.0,16197.0,20184.0,365.0,-225.0,-428.0,-11.0,1.0,2.0,1.0,1.0,0.0,1.0,26676.0,32261.0,560.0,25175.0,31416.0,559.0,1501.0,845.0,1.0,3.0,4.0,2.0,2.0,2.0,3.0,34739.0,42840.0,747.0,36026.0,44770.0,769.0,-1287.0,-1930.0,-22.0,4.0,5.0,5.0,5.0,11.0,4.0,41892.0,53134.0,909.0,44488.0,54972.0,924.0,-2596.0,-1838.0,-15.0,4.0,5.0,7.0,7.0,16.0,4.0
LOLTMNT01_414558,complete,,MSI,2026,,0,2026-06-30 08:59:28,2,16.13,1,Blue,top,Canna,oe:player:7577c239c73fa5f3011cd7b5503e75e,Karmine Corp,oe:team:f3aa9bbd924ce3af42ac53f8326bc7c,1.0,Rumble,Akali,Poppy,Nautilus,Yone,Syndra,,,,,,2151,0,4,6,8,17,23,0.0,0.0,0.0,0.0,0.0,0.0,0.0,0.0,0.4742,1.1158,,,,,,,,,,,,,,,,,,,,,0.0,0.0,,,,,,,,,,0.0,0.0,20861,581.8968,0.222665,726.304,914.5607,3052.0,19,0.53,5,0.1395,6,47,1.311,13113,8449,235.6764,0.203964,12350,,,231.0,219.0,12,,,6.4435,3754.0,4784.0,83.0,3422.0,5138.0,89.0,332.0,-354.0,-6.0,1.0,0.0,1.0,0.0,1.0,0.0,5700.0,7972.0,116.0,5146.0,8313.0,126.0,554.0,-341.0,-10.0,2.0,1.0,2.0,0.0,3.0,1.0,7680.0,10849.0,143.0,7191.0,11289.0,161.0,489.0,-440.0,-18.0,3.0,2.0,3.0,1.0,5.0,2.0,9395.0,14119.0,185.0,8683.0,13641.0,198.0,712.0,478.0,-13.0,3.0,4.0,3.0,1.0,5.0,3.0
LOLTMNT01_414558,complete,,MSI,2026,,0,2026-06-30 08:59:28,2,16.13,2,Blue,jng,Yike,oe:player:4203fc46c4c6333e9bfa9d0a8618677,Karmine Corp,oe:team:f3aa9bbd924ce3af42ac53f8326bc7c,1.0,Jarvan IV,Akali,Poppy,Nautilus,Yone,Syndra,,,,,,2151,0,3,8,12,17,23,0.0,0.0,0.0,0.0,0.0,0.0,0.0,1.0,0.4742,1.1158,,,,,,,,,,,,,,,,,,,,,0.0,1.0,,,,,,,,,,0.0,0.0,16851,470.0418,0.179863,1016.0391,1281.4226,364.0,13,0.3626,10,0.2789,9,58,1.6179,12488,7824,218.2427,0.188876,11675,,,196.0,18.0,178,,,5.4672,3225.0,3311.0,61.0,4129.0,4619.0,89.0,-904.0,-1308.0,-28.0,0.0,1.0,1.0,1.0,1.0,0.0,5356.0,6064.0,99.0,6723.0,7235.0,126.0,-1367.0,-1171.0,-27.0,1.0,2.0,1.0,4.0,1.0,0.0,6880.0,7642.0,118.0,10609.0,10590.0,164.0,-3729.0,-2948.0,-46.0,2.0,5.0,3.0,8.0,3.0,0.0,8912.0,10888.0,164.0,12090.0,12368.0,192.0,-3178.0,-1480.0,-28.0,2.0,7.0,3.0,8.0,3.0,0.0
LOLTMNT01_414558,complete,,MSI,2026,,0,2026-06-30 08:59:28,2,16.13,3,Blue,mid,kyeahoo,oe:player:308e48bf56284c09a1a9aadf55bc80c,Karmine Corp,oe:team:f3aa9bbd924ce3af42ac53f8326bc7c,1.0,Anivia,Akali,Poppy,Nautilus,Yone,Syndra,,,,,,2151,0,2,5,8,17,23,0.0,0.0,0.0,0.0,0.0,0.0,0.0,0.0,0.4742,1.1158,,,,,,,,,,,,,,,,,,,,,0.0,0.0,,,,,,,,,,0.0,0.0,13481,376.0391,0.143892,816.2064,533.1381,776.0,20,0.5579,6,0.1674,8,51,1.4226,11852,7188,200.5021,0.173524,11600,,,278.0,278.0,0,,,7.7545,3322.0,5128.0,91.0,3806.0,4766.0,88.0,-484.0,362.0,3.0,0.0,1.0,0.0,1.0,1.0,1.0,4853.0,7654.0,135.0,5352.0,7539.0,132.0,-499.0,115.0,3.0,0.0,2.0,1.0,1.0,2.0,2.0,6453.0,9378.0,156.0,7274.0,10312.0,166.0,-821.0,-934.0,-10.0,1.0,5.0,3.0,1.0,5.0,4.0,8135.0,13745.0,205.0,8698.0,11759.0,200.0,-563.0,1986.0,5.0,1.0,6.0,3.0,1.0,5.0,5.0
LOLTMNT01_414558,complete,,MSI,2026,,0,2026-06-30 08:59:28,2,16.13,4,Blue,bot,Caliste,oe:player:e2af2b779499aa25ab9a9c10c9a5ffd,Karmine Corp,oe:team:f3aa9bbd924ce3af42ac53f8326bc7c,1.0,Ezreal,Akali,Poppy,Nautilus,Yone,Syndra,,,,,,2151,0,7,1,4,17,23,0.0,0.0,0.0,0.0,0.0,0.0,0.0,0.0,0.4742,1.1158,,,,,,,,,,,,,,,,,,,,,0.0,0.0,,,,,,,,,,0.0,0.0,34332,957.6569,0.36645,682.1199,414.4491,9436.0,18,0.5021,12,0.3347,5,46,1.2831,18367,13703,382.2315,0.330793,17608,,,368.0,364.0,4,,,10.265,3979.0,3912.0,99.0,3446.0,4141.0,85.0,533.0,-229.0,14.0,1.0,0.0,0.0,0.0,0.0,0.0,6189.0,6294.0,150.0,5674.0,6771.0,144.0,515.0,-477.0,6.0,1.0,0.0,0.0,0.0,1.0,0.0,9138.0,9617.0,217.0,7964.0,9680.0,205.0,1174.0,-63.0,12.0,2.0,1.0,0.0,0.0,3.0,0.0,12049.0,12312.0,276.0,9993.0,12283.0,264.0,2056.0,29.0,12.0,3.0,2.0,0.0,0.0,3.0,0.0
LOLTMNT01_414558,complete,,MSI,2026,,0,2026-06-30 08:59:28,2,16.13,5,Blue,sup,Busio,oe:player:3e722c8ede909c83af9342c41805a16,Karmine Corp,oe:team:f3aa9bbd924ce3af42ac53f8326bc7c,1.0,Seraphine,Akali,Poppy,Nautilus,Yone,Syndra,,,,,,2151,0,1,3,13,17,23,0.0,0.0,0.0,0.0,0.0,0.0,0.0,0.0,0.4742,1.1158,,,,,,,,,,,,,,,,,,,,,0.0,0.0,,,,,,,,,,0.0,1.0,8163,227.6987,0.0871296,470.1534,305.4114,360.0,78,2.1757,11,0.3068,23,151,4.212,8924,4260,118.8285,0.102843,8135,,,30.0,30.0,0,,,0.8368,2460.0,2490.0,9.0,2100.0,1956.0,8.0,360.0,534.0,1.0,0.0,1.0,0.0,0.0,0.0,1.0,3573.0,3809.0,13.0,3398.0,3480.0,18.0,175.0,329.0,-5.0,0.0,2.0,1.0,0.0,1.0,1.0,4755.0,5229.0,17.0,5253.0,5371.0,25.0,-498.0,-142.0,-8.0,0.0,6.0,2.0,1.0,3.0,2.0,6203.0,6621.0,23.0,6350.0,5855.0,31.0,-147.0,766.0,-8.0,1.0,7.0,2.0,1.0,3.0,2.0
LOLTMNT01_414558,complete,,MSI,2026,,0,2026-06-30 08:59:28,2,16.13,6,Red,top,Morgan,oe:player:f73dde2d8c7879ae8d1fcdc03c4ffeb,Team Liquid,oe:team:8eb884e168f28402ce685bedebb5250,0.0,Ornn,Vi,Cassiopeia,Bard,Naafiri,Rek'Sai,,,,,,2151,1,2,4,9,23,17,0.0,0.0,0.0,0.0,0.0,0.0,0.0,0.0,0.6416,1.1158,,,,,,,,,,,,,,,,,,,,,0.0,0.0,,,,,,,,,,0.0,0.0,14294,398.7169,0.127378,889.8466,1785.7462,6430.0,15,0.4184,10,0.2789,9,56,1.5621,12882,8218,229.2329,0.16942,11525,,,253.0,253.0,0,,,7.0572,3422.0,5138.0,89.0,3754.0,4784.0,83.0,-332.0,354.0,6.0,0.0,1.0,0.0,1.0,0.0,1.0,5146.0,8313.0,126.0,5700.0,7972.0,116.0,-554.0,341.0,10.0,0.0,3.0,1.0,2.0,1.0,2.0,7191.0,11289.0,161.0,7680.0,10849.0,143.0,-489.0,440.0,18.0,1.0,5.0,2.0,3.0,2.0,3.0,8683.0,13641.0,198.0,9395.0,14119.0,185.0,-712.0,-478.0,13.0,1.0,5.0,3.0,3.0,4.0,3.0
LOLTMNT01_414558,complete,,MSI,2026,,0,2026-06-30 08:59:28,2,16.13,7,Red,jng,Josedeodo,oe:player:52b4f060a577ff87c99118d97fa75f4,Team Liquid,oe:team:8eb884e168f28402ce685bedebb5250,0.0,Lee Sin,Vi,Cassiopeia,Bard,Naafiri,Rek'Sai,,,,,,2151,1,13,0,8,23,17,2.0,1.0,0.0,0.0,1.0,0.0,1.0,0.0,0.6416,1.1158,,,,,,,,,,,,,,,,,,,,,1.0,0.0,,,,,,,,,,0.0,0.0,35606,993.1939,0.317296,768.145,1657.9079,9264.0,24,0.6695,13,0.3626,8,80,2.2315,18789,14125,394.0028,0.291192,16300,,,264.0,30.0,234,,,7.364,4129.0,4619.0,89.0,3225.0,3311.0,61.0,904.0,1308.0,28.0,1.0,1.0,0.0,0.0,1.0,1.0,6723.0,7235.0,126.0,5356.0,6064.0,99.0,1367.0,1171.0,27.0,4.0,1.0,0.0,1.0,2.0,1.0,10609.0,10590.0,164.0,6880.0,7642.0,118.0,3729.0,2948.0,46.0,8.0,3.0,0.0,2.0,5.0,3.0,12090.0,12368.0,192.0,8912.0,10888.0,164.0,3178.0,1480.0,28.0,8.0,3.0,0.0,2.0,7.0,3.0
LOLTMNT01_414558,complete,,MSI,2026,,0,2026-06-30 08:59:28,2,16.13,8,Red,mid,Quid,oe:player:8f8eaac8e99c203ee76e57c5c81c91f,Team Liquid,oe:team:8eb884e168f28402ce685bedebb5250,0.0,Yasuo,Vi,Cassiopeia,Bard,Naafiri,Rek'Sai,,,,,,2151,1,1,7,11,23,17,0.0,0.0,0.0,0.0,1.0,1.0,0.0,0.0,0.6416,1.1158,,,,,,,,,,,,,,,,,,,,,0.0,0.0,,,,,,,,,,0.0,0.0,23523,656.1506,0.209621,773.8912,1045.0488,3741.0,17,0.4742,8,0.2232,9,47,1.311,12719,8055,224.6862,0.16606,12250,,,264.0,243.0,21,,,7.364,3806.0,4766.0,88.0,3322.0,5128.0,91.0,484.0,-362.0,-3.0,1.0,1.0,1.0,0.0,1.0,0.0,5352.0,7539.0,132.0,4853.0,7654.0,135.0,499.0,-115.0,-3.0,1.0,2.0,2.0,0.0,2.0,1.0,7274.0,10312.0,166.0,6453.0,9378.0,156.0,821.0,934.0,10.0,1.0,5.0,4.0,1.0,5.0,3.0,8698.0,11759.0,200.0,8135.0,13745.0,205.0,563.0,-1986.0,-5.0,1.0,5.0,5.0,1.0,6.0,3.0
LOLTMNT01_414558,complete,,MSI,2026,,0,2026-06-30 08:59:28,2,16.13,9,Red,bot,Yeon,oe:player:f6b8af05a5af22004a67a78f3046b92,Team Liquid,oe:team:8eb884e168f28402ce685bedebb5250,0.0,Mel,Vi,Cassiopeia,Bard,Naafiri,Rek'Sai,,,,,,2151,1,6,2,8,23,17,0.0,0.0,0.0,0.0,0.0,0.0,0.0,0.0,0.6416,1.1158,,,,,,,,,,,,,,,,,,,,,0.0,0.0,,,,,,,,,,0.0,0.0,26713,745.1325,0.238048,450.5439,360.781,10646.0,16,0.4463,6,0.1674,6,42,1.1715,17485,12821,357.629,0.26431,16960,,,350.0,346.0,4,,,9.7629,3446.0,4141.0,85.0,3979.0,3912.0,99.0,-533.0,229.0,-14.0,0.0,0.0,0.0,1.0,0.0,0.0,5674.0,6771.0,144.0,6189.0,6294.0,150.0,-515.0,477.0,-6.0,0.0,1.0,0.0,1.0,0.0,0.0,7964.0,9680.0,205.0,9138.0,9617.0,217.0,-1174.0,63.0,-12.0,0.0,3.0,0.0,2.0,1.0,0.0,9993.0,12283.0,264.0,12049.0,12312.0,276.0,-2056.0,-29.0,-12.0,0.0,3.0,0.0,3.0,2.0,0.0
LOLTMNT01_414558,complete,,MSI,2026,,0,2026-06-30 08:59:28,2,16.13,10,Red,sup,CoreJJ,oe:player:05fafeaf23dc3285558a4e968970b9f,Team Liquid,oe:team:8eb884e168f28402ce685bedebb5250,0.0,Pantheon,Vi,Cassiopeia,Bard,Naafiri,Rek'Sai,,,,,,2151,1,1,4,8,23,17,0.0,0.0,0.0,0.0,0.0,0.0,0.0,0.0,0.6416,1.1158,,,,,,,,,,,,,,,,,,,,,0.0,0.0,,,,,,,,,,1.0,0.0,12081,336.9874,0.107657,617.9079,417.7406,2384.0,67,1.8689,25,0.6974,25,159,4.4351,9952,5288,147.5035,0.109019,8045,,,40.0,40.0,0,,,1.1158,2100.0,1956.0,8.0,2460.0,2490.0,9.0,-360.0,-534.0,-1.0,0.0,0.0,1.0,0.0,1.0,0.0,3398.0,3480.0,18.0,3573.0,3809.0,13.0,-175.0,-329.0,5.0,0.0,1.0,1.0,0.0,2.0,1.0,5253.0,5371.0,25.0,4755.0,5229.0,17.0,498.0,142.0,8.0,1.0,3.0,2.0,0.0,6.0,2.0,6350.0,5855.0,31.0,6203.0,6621.0,23.0,147.0,-766.0,8.0,1.0,3.0,2.0,1.0,7.0,2.0
LOLTMNT01_414558,complete,,MSI,2026,,0,2026-06-30 08:59:28,2,16.13,100,Blue,team,,,Karmine Corp,oe:team:f3aa9bbd924ce3af42ac53f8326bc7c,1.0,,Akali,Poppy,Nautilus,Yone,Syndra,Seraphine,Rumble,Ezreal,Anivia,Jarvan IV,2151,0,17,23,45,17,23,0.0,0.0,0.0,0.0,0.0,,,,0.4742,1.1158,0.0,1.0,5.0,1.0,4.0,1.0,0.0,0.0,0.0,0.0,0.0,,0.0,1.0,0.0,0.0,1.0,2.0,1.0,0.0,0.0,1.0,0.0,0.0,0.0,2.0,7.0,1.0,0.0,15.0,31.0,0.0,1.0,93688,2613.3333,,3710.8229,3448.9819,13988.0,148,4.1283,44,1.2273,51,353,9.8466,64744,41426,1155.537,,61368,-0.0587119,-0.79,,909.0,194,,,30.7671,16740.0,19625.0,343.0,16903.0,20620.0,359.0,-163.0,-995.0,-16.0,2.0,3.0,2.0,2.0,3.0,2.0,25671.0,31793.0,513.0,26293.0,33338.0,546.0,-622.0,-1545.0,-33.0,4.0,7.0,5.0,5.0,8.0,4.0,34906.0,42715.0,651.0,38291.0,47242.0,721.0,-3385.0,-4527.0,-70.0,8.0,19.0,11.0,11.0,19.0,8.0,44694.0,57685.0,853.0,45814.0,55906.0,885.0,-1120.0,1779.0,-32.0,10.0,26.0,11.0,11.0,19.0,10.0
LOLTMNT01_414558,complete,,MSI,2026,,0,2026-06-30 08:59:28,2,16.13,200,Red,team,,,Team Liquid,oe:team:8eb884e168f28402ce685bedebb5250,0.0,,Vi,Cassiopeia,Bard,Naafiri,Rek'Sai,Lee Sin,Mel,Ornn,Pantheon,Yasuo,2151,1,23,17,44,23,17,2.0,1.0,0.0,0.0,1.0,,,,0.6416,1.1158,1.0,5.0,1.0,4.0,1.0,2.0,1.0,0.0,0.0,1.0,0.0,,1.0,0.0,1.0,1.0,0.0,1.0,2.0,1.0,1.0,0.0,0.0,0.0,1.0,7.0,2.0,0.0,1.0,31.0,15.0,1.0,0.0,112217,3130.1813,,3500.3347,5267.2245,32465.0,139,3.8773,62,1.7294,57,384,10.7113,71827,48509,1353.1102,,65080,0.0587119,0.79,,912.0,259,,,32.6639,16903.0,20620.0,359.0,16740.0,19625.0,343.0,163.0,995.0,16.0,2.0,3.0,2.0,2.0,3.0,2.0,26293.0,33338.0,546.0,25671.0,31793.0,513.0,622.0,1545.0,33.0,5.0,8.0,4.0,4.0,7.0,5.0,38291.0,47242.0,721.0,34906.0,42715.0,651.0,3385.0,4527.0,70.0,11.0,19.0,8.0,8.0,19.0,11.0,45814.0,55906.0,885.0,44694.0,57685.0,853.0,1120.0,-1779.0,32.0,11.0,19.0,10.0,10.0,26.0,11.0
LOLTMNT01_414578,complete,,MSI,2026,,0,2026-06-30 09:55:43,3,16.13,1,Blue,top,Morgan,oe:player:f73dde2d8c7879ae8d1fcdc03c4ffeb,Team Liquid,oe:team:8eb884e168f28402ce685bedebb5250,1.0,Renekton,Vi,Cassiopeia,Jayce,Viktor,Syndra,,,,,,2111,1,5,1,10,23,9,0.0,0.0,0.0,0.0,0.0,0.0,0.0,0.0,0.6537,0.9095,,,,,,,,,,,,,,,,,,,,,0.0,0.0,,,,,,,,,,1.0,0.0,25022,711.189,0.227429,1047.7688,1108.1383,2277.0,15,0.4263,14,0.3979,12,63,1.7906,14545,9963,283.1739,0.199507,13000,,,323.0,323.0,0,,,9.1805,3974.0,5437.0,101.0,4131.0,5417.0,98.0,-157.0,20.0,3.0,1.0,1.0,0.0,1.0,0.0,1.0,5757.0,9194.0,154.0,5478.0,7873.0,130.0,279.0,1321.0,24.0,1.0,2.0,0.0,1.0,1.0,2.0,7614.0,11745.0,190.0,6905.0,10295.0,169.0,709.0,1450.0,21.0,2.0,4.0,0.0,1.0,1.0,3.0,9596.0,14971.0,237.0,7970.0,12317.0,178.0,1626.0,2654.0,59.0,3.0,5.0,0.0,1.0,4.0,3.0
LOLTMNT01_414578,complete,,MSI,2026,,0,2026-06-30 09:55:43,3,16.13,2,Blue,jng,Josedeodo,oe:player:52b4f060a577ff87c99118d97fa75f4,Team Liquid,oe:team:8eb884e168f28402ce685bedebb5250,1.0,Olaf,Vi,Cassiopeia,Jayce,Viktor,Syndra,,,,,,2111,1,8,3,7,23,9,0.0,0.0,0.0,0.0,0.0,0.0,0.0,0.0,0.6537,0.9095,,,,,,,,,,,,,,,,,,,,,1.0,0.0,,,,,,,,,,0.0,0.0,16077,456.9493,0.146127,902.8991,1160.7485,1571.0,8,0.2274,12,0.3411,7,59,1.6769,15228,10646,302.5865,0.213184,13925,,,263.0,23.0,240,,,7.4751,3885.0,4189.0,76.0,4086.0,4251.0,81.0,-201.0,-62.0,-5.0,1.0,1.0,0.0,0.0,1.0,0.0,5830.0,6460.0,114.0,6569.0,7158.0,135.0,-739.0,-698.0,-21.0,2.0,1.0,1.0,1.0,1.0,0.0,8734.0,9253.0,151.0,9548.0,9659.0,177.0,-814.0,-406.0,-26.0,5.0,3.0,1.0,2.0,1.0,1.0,10952.0,12311.0,190.0,12822.0,11773.0,213.0,-1870.0,538.0,-23.0,6.0,6.0,2.0,4.0,1.0,3.0
LOLTMNT01_414578,complete,,MSI,2026,,0,2026-06-30 09:55:43,3,16.13,3,Blue,mid,Quid,oe:player:8f8eaac8e99c203ee76e57c5c81c91f,Team Liquid,oe:team:8eb884e168f28402ce685bedebb5250,1.0,Ahri,Vi,Cassiopeia,Jayce,Viktor,Syndra,,,,,,2111,1,6,3,9,23,9,0.0,0.0,0.0,0.0,0.0,0.0,0.0,0.0,0.6537,0.9095,,,,,,,,,,,,,,,,,,,,,0.0,0.0,,,,,,,,,,0.0,0.0,34654,984.955,0.314976,643.2023,415.765,10578.0,9,0.2558,14,0.3979,4,50,1.4211,15649,11067,314.5523,0.221615,14250,,,333.0,333.0,0,,,9.4647,4241.0,5287.0,100.0,3943.0,5581.0,112.0,298.0,-294.0,-12.0,1.0,0.0,0.0,0.0,0.0,0.0,6191.0,8075.0,153.0,5704.0,8655.0,171.0,487.0,-580.0,-18.0,2.0,0.0,0.0,0.0,0.0,0.0,8591.0,10985.0,213.0,7684.0,11274.0,222.0,907.0,-289.0,-9.0,3.0,1.0,1.0,0.0,0.0,0.0,10504.0,13031.0,250.0,10365.0,14153.0,278.0,139.0,-1122.0,-28.0,4.0,3.0,2.0,1.0,2.0,0.0
LOLTMNT01_414578,complete,,MSI,2026,,0,2026-06-30 09:55:43,3,16.13,4,Blue,bot,Yeon,oe:player:f6b8af05a5af22004a67a78f3046b92,Team Liquid,oe:team:8eb884e168f28402ce685bedebb5250,1.0,Senna,Vi,Cassiopeia,Jayce,Viktor,Syndra,,,,,,2111,1,3,1,14,23,9,0.0,0.0,0.0,0.0,0.0,0.0,0.0,1.0,0.6537,0.9095,,,,,,,,,,,,,,,,,,,,,0.0,0.0,,,,,,,,,,0.0,0.0,29008,824.4813,0.263659,341.8096,227.1246,6468.0,15,0.4263,17,0.4832,7,53,1.5064,17452,12870,365.7982,0.25772,15375,,,304.0,304.0,0,,,8.6405,3313.0,3708.0,87.0,3394.0,3479.0,92.0,-81.0,229.0,-5.0,0.0,0.0,1.0,0.0,0.0,1.0,5132.0,5904.0,127.0,5334.0,5655.0,138.0,-202.0,249.0,-11.0,0.0,1.0,1.0,0.0,0.0,2.0,8167.0,8741.0,170.0,7113.0,7639.0,181.0,1054.0,1102.0,-11.0,0.0,5.0,1.0,0.0,0.0,3.0,10756.0,11331.0,214.0,9031.0,9780.0,225.0,1725.0,1551.0,-11.0,1.0,8.0,1.0,0.0,1.0,4.0
LOLTMNT01_414578,complete,,MSI,2026,,0,2026-06-30 09:55:43,3,16.13,5,Blue,sup,CoreJJ,oe:player:05fafeaf23dc3285558a4e968970b9f,Team Liquid,oe:team:8eb884e168f28402ce685bedebb5250,1.0,Nautilus,Vi,Cassiopeia,Jayce,Viktor,Syndra,,,,,,2111,1,1,1,12,23,9,0.0,0.0,0.0,0.0,0.0,0.0,0.0,0.0,0.6537,0.9095,,,,,,,,,,,,,,,,,,,,,0.0,0.0,,,,,,,,,,0.0,0.0,5260,149.5026,0.0478091,604.4908,746.4045,1963.0,70,1.9896,31,0.8811,30,179,5.0876,9974,5392,153.2544,0.107974,8660,,,52.0,52.0,0,,,1.478,2566.0,2809.0,22.0,2274.0,2676.0,14.0,292.0,133.0,8.0,0.0,1.0,0.0,0.0,0.0,1.0,3829.0,3658.0,33.0,3493.0,3594.0,20.0,336.0,64.0,13.0,0.0,2.0,0.0,0.0,1.0,1.0,5323.0,4881.0,38.0,4491.0,4641.0,21.0,832.0,240.0,17.0,0.0,7.0,0.0,0.0,1.0,3.0,6443.0,6122.0,40.0,5707.0,6102.0,25.0,736.0,20.0,15.0,0.0,8.0,1.0,0.0,4.0,4.0
LOLTMNT01_414578,complete,,MSI,2026,,0,2026-06-30 09:55:43,3,16.13,6,Red,top,Canna,oe:player:7577c239c73fa5f3011cd7b5503e75e,Karmine Corp,oe:team:f3aa9bbd924ce3af42ac53f8326bc7c,0.0,Sion,Naafiri,Akali,Bard,Trundle,Sylas,,,,,,2111,0,1,6,5,9,23,0.0,0.0,0.0,0.0,1.0,1.0,0.0,0.0,0.2558,0.9095,,,,,,,,,,,,,,,,,,,,,0.0,0.0,,,,,,,,,,0.0,1.0,18882,536.6746,0.205402,1280.2369,2002.937,780.0,20,0.5685,8,0.2274,9,45,1.279,10422,5840,165.9877,0.14123,10325,,,220.0,220.0,0,,,6.253,4131.0,5417.0,98.0,3974.0,5437.0,101.0,157.0,-20.0,-3.0,1.0,0.0,1.0,1.0,1.0,0.0,5478.0,7873.0,130.0,5757.0,9194.0,154.0,-279.0,-1321.0,-24.0,1.0,1.0,2.0,1.0,2.0,0.0,6905.0,10295.0,169.0,7614.0,11745.0,190.0,-709.0,-1450.0,-21.0,1.0,1.0,3.0,2.0,4.0,0.0,7970.0,12317.0,178.0,9596.0,14971.0,237.0,-1626.0,-2654.0,-59.0,1.0,4.0,3.0,3.0,5.0,0.0
LOLTMNT01_414578,complete,,MSI,2026,,0,2026-06-30 09:55:43,3,16.13,7,Red,jng,Yike,oe:player:4203fc46c4c6333e9bfa9d0a8618677,Karmine Corp,oe:team:f3aa9bbd924ce3af42ac53f8326bc7c,0.0,Qiyana,Naafiri,Akali,Bard,Trundle,Sylas,,,,,,2111,0,5,5,1,9,23,0.0,0.0,0.0,0.0,1.0,0.0,1.0,0.0,0.2558,0.9095,,,,,,,,,,,,,,,,,,,,,0.0,1.0,,,,,,,,,,0.0,0.0,22088,627.7973,0.240278,656.5324,361.1085,1558.0,10,0.2842,20,0.5685,7,75,2.1317,17389,12807,364.0076,0.309715,14175,,,267.0,35.0,232,,,7.5888,4086.0,4251.0,81.0,3885.0,4189.0,76.0,201.0,62.0,5.0,0.0,1.0,0.0,1.0,1.0,0.0,6569.0,7158.0,135.0,5830.0,6460.0,114.0,739.0,698.0,21.0,1.0,1.0,0.0,2.0,1.0,1.0,9548.0,9659.0,177.0,8734.0,9253.0,151.0,814.0,406.0,26.0,2.0,1.0,1.0,5.0,3.0,1.0,12822.0,11773.0,213.0,10952.0,12311.0,190.0,1870.0,-538.0,23.0,4.0,1.0,3.0,6.0,6.0,2.0
LOLTMNT01_414578,complete,,MSI,2026,,0,2026-06-30 09:55:43,3,16.13,8,Red,mid,kyeahoo,oe:player:308e48bf56284c09a1a9aadf55bc80c,Karmine Corp,oe:team:f3aa9bbd924ce3af42ac53f8326bc7c,0.0,Taliyah,Naafiri,Akali,Bard,Trundle,Sylas,,,,,,2111,0,2,1,4,9,23,0.0,0.0,0.0,0.0,0.0,0.0,0.0,0.0,0.2558,0.9095,,,,,,,,,,,,,,,,,,,,,0.0,0.0,,,,,,,,,,0.0,0.0,25851,734.7513,0.281212,378.9863,216.2672,8611.0,20,0.5685,9,0.2558,8,59,1.6769,14144,9562,271.7764,0.23124,13950,,,356.0,343.0,13,,,10.1184,3943.0,5581.0,112.0,4241.0,5287.0,100.0,-298.0,294.0,12.0,0.0,0.0,0.0,1.0,0.0,0.0,5704.0,8655.0,171.0,6191.0,8075.0,153.0,-487.0,580.0,18.0,0.0,0.0,0.0,2.0,0.0,0.0,7684.0,11274.0,222.0,8591.0,10985.0,213.0,-907.0,289.0,9.0,0.0,0.0,0.0,3.0,1.0,1.0,10365.0,14153.0,278.0,10504.0,13031.0,250.0,-139.0,1122.0,28.0,1.0,2.0,0.0,4.0,3.0,2.0
LOLTMNT01_414578,complete,,MSI,2026,,0,2026-06-30 09:55:43,3,16.13,9,Red,bot,Caliste,oe:player:e2af2b779499aa25ab9a9c10c9a5ffd,Karmine Corp,oe:team:f3aa9bbd924ce3af42ac53f8326bc7c,0.0,Varus,Naafiri,Akali,Bard,Trundle,Sylas,,,,,,2111,0,1,4,3,9,23,0.0,0.0,0.0,0.0,0.0,0.0,0.0,0.0,0.2558,0.9095,,,,,,,,,,,,,,,,,,,,,0.0,0.0,,,,,,,,,,0.0,0.0,21609,614.1829,0.235067,630.8669,346.0161,2350.0,17,0.4832,11,0.3126,3,42,1.1937,14454,9872,280.5874,0.238737,13125,,,325.0,321.0,4,,,9.2373,3394.0,3479.0,92.0,3313.0,3708.0,87.0,81.0,-229.0,5.0,0.0,0.0,1.0,0.0,0.0,1.0,5334.0,5655.0,138.0,5132.0,5904.0,127.0,202.0,-249.0,11.0,0.0,0.0,2.0,0.0,1.0,1.0,7113.0,7639.0,181.0,8167.0,8741.0,170.0,-1054.0,-1102.0,11.0,0.0,0.0,3.0,0.0,5.0,1.0,9031.0,9780.0,225.0,10756.0,11331.0,214.0,-1725.0,-1551.0,11.0,0.0,1.0,4.0,1.0,8.0,1.0
LOLTMNT01_414578,complete,,MSI,2026,,0,2026-06-30 09:55:43,3,16.13,10,Red,sup,Busio,oe:player:3e722c8ede909c83af9342c41805a16,Karmine Corp,oe:team:f3aa9bbd924ce3af42ac53f8326bc7c,0.0,Alistar,Naafiri,Akali,Bard,Trundle,Sylas,,,,,,2111,0,0,7,6,9,23,0.0,0.0,0.0,0.0,0.0,0.0,0.0,0.0,0.2558,0.9095,,,,,,,,,,,,,,,,,,,,,0.0,0.0,,,,,,,,,,0.0,0.0,3497,99.3937,0.0380411,784.4623,937.5462,0.0,91,2.5865,11,0.3126,32,147,4.1781,7852,3270,92.9417,0.0790785,7410,,,27.0,27.0,0,,,0.7674,2274.0,2676.0,14.0,2566.0,2809.0,22.0,-292.0,-133.0,-8.0,0.0,0.0,1.0,0.0,1.0,0.0,3493.0,3594.0,20.0,3829.0,3658.0,33.0,-336.0,-64.0,-13.0,0.0,1.0,1.0,0.0,2.0,0.0,4491.0,4641.0,21.0,5323.0,4881.0,38.0,-832.0,-240.0,-17.0,0.0,1.0,3.0,0.0,7.0,0.0,5707.0,6102.0,25.0,6443.0,6122.0,40.0,-736.0,-20.0,-15.0,0.0,4.0,4.0,0.0,8.0,1.0
LOLTMNT01_414578,complete,,MSI,2026,,0,2026-06-30 09:55:43,3,16.13,100,Blue,team,,,Team Liquid,oe:team:8eb884e168f28402ce685bedebb5250,1.0,,Vi,Cassiopeia,Jayce,Viktor,Syndra,Nautilus,Renekton,Senna,Olaf,Ahri,2111,1,23,9,52,23,9,0.0,0.0,0.0,0.0,0.0,,,,0.6537,0.9095,0.0,3.0,3.0,3.0,3.0,0.0,0.0,0.0,0.0,3.0,0.0,,0.0,0.0,1.0,1.0,0.0,3.0,0.0,1.0,1.0,0.0,0.0,0.0,1.0,9.0,2.0,1.0,1.0,38.0,14.0,1.0,0.0,110021,3127.0772,,3540.1705,3658.181,22857.0,117,3.3254,88,2.5012,60,404,11.4827,72848,49938,1419.3652,,65210,0.100246,1.0,,1035.0,240,,,36.2387,17979.0,21430.0,386.0,17828.0,21404.0,397.0,151.0,26.0,-11.0,3.0,3.0,1.0,1.0,1.0,3.0,26739.0,33291.0,581.0,26578.0,32935.0,594.0,161.0,356.0,-13.0,5.0,6.0,2.0,2.0,3.0,5.0,38429.0,45605.0,762.0,35741.0,43508.0,770.0,2688.0,2097.0,-8.0,10.0,20.0,3.0,3.0,3.0,10.0,48251.0,57766.0,931.0,45895.0,54125.0,919.0,2356.0,3641.0,12.0,14.0,30.0,6.0,6.0,12.0,14.0
LOLTMNT01_414578,complete,,MSI,2026,,0,2026-06-30 09:55:43,3,16.13,200,Red,team,,,Karmine Corp,oe:team:f3aa9bbd924ce3af42ac53f8326bc7c,0.0,,Naafiri,Akali,Bard,Trundle,Sylas,Varus,Alistar,Sion,Taliyah,Qiyana,2111,0,9,23,19,9,23,0.0,0.0,0.0,0.0,1.0,,,,0.2558,0.9095,1.0,3.0,3.0,3.0,3.0,0.0,0.0,1.0,0.0,1.0,1.0,,0.0,0.0,0.0,0.0,1.0,0.0,3.0,0.0,0.0,1.0,0.0,0.0,0.0,2.0,9.0,0.0,0.0,14.0,38.0,0.0,1.0,91927,2612.7996,,3731.0848,3863.8749,13299.0,158,4.4908,59,1.6769,59,368,10.4595,64261,41351,1175.3008,,58985,-0.100246,-1.0,,946.0,249,,,33.9649,17828.0,21404.0,397.0,17979.0,21430.0,386.0,-151.0,-26.0,11.0,1.0,1.0,3.0,3.0,3.0,1.0,26578.0,32935.0,594.0,26739.0,33291.0,581.0,-161.0,-356.0,13.0,2.0,3.0,5.0,5.0,6.0,2.0,35741.0,43508.0,770.0,38429.0,45605.0,762.0,-2688.0,-2097.0,8.0,3.0,3.0,10.0,10.0,20.0,3.0,45895.0,54125.0,919.0,48251.0,57766.0,931.0,-2356.0,-3641.0,-12.0,6.0,12.0,14.0,14.0,30.0,6.0
LOLTMNT01_415087,complete,,MSI,2026,,0,2026-07-01 08:10:16,1,16.13,1,Blue,top,Doran,oe:player:a1f3b2bb3f36e5113237f92d76dc4c8,T1,oe:team:ce499dea30cfce118f4fe85da0227e8,1.0,Ambessa,Senna,Vi,Lee Sin,Sivir,Renekton,,,,,,1655,1,6,1,5,21,11,1.0,1.0,0.0,0.0,0.0,0.0,0.0,0.0,0.7613,1.1601,,,,,,,,,,,,,,,,,,,,,0.0,0.0,,,,,,,,,,0.0,0.0,17383,630.1994,0.208805,763.2145,1174.7674,15057.0,7,0.2538,7,0.2538,1,29,1.0514,13966,10314,373.9215,0.231957,13225,,,279.0,275.0,4,,,10.1148,3982.0,5487.0,91.0,3073.0,4684.0,79.0,909.0,803.0,12.0,2.0,0.0,0.0,0.0,0.0,3.0,6521.0,9010.0,148.0,5148.0,8112.0,117.0,1373.0,898.0,31.0,2.0,0.0,1.0,2.0,1.0,3.0,8986.0,12041.0,207.0,7330.0,11419.0,175.0,1656.0,622.0,32.0,2.0,0.0,1.0,2.0,1.0,3.0,12043.0,16788.0,250.0,9314.0,13751.0,211.0,2729.0,3037.0,39.0,5.0,3.0,1.0,3.0,1.0,5.0
LOLTMNT01_415087,complete,,MSI,2026,,0,2026-07-01 08:10:16,1,16.13,2,Blue,jng,Oner,oe:player:f8b68f268106124fc4bc1c946adc9b0,T1,oe:team:ce499dea30cfce118f4fe85da0227e8,1.0,Xin Zhao,Senna,Vi,Lee Sin,Sivir,Renekton,,,,,,1655,1,5,2,14,21,11,0.0,0.0,0.0,0.0,1.0,0.0,1.0,0.0,0.7613,1.1601,,,,,,,,,,,,,,,,,,,,,1.0,0.0,,,,,,,,,,0.0,0.0,17196,623.4199,0.206559,1167.5166,783.0816,2817.0,10,0.3625,18,0.6526,9,58,2.1027,13103,9451,342.6344,0.212549,11825,,,215.0,32.0,183,,,7.7946,3801.0,3642.0,71.0,3428.0,4433.0,79.0,373.0,-791.0,-8.0,1.0,2.0,1.0,0.0,0.0,0.0,6446.0,6615.0,119.0,5723.0,6471.0,106.0,723.0,144.0,13.0,3.0,2.0,2.0,2.0,4.0,0.0,8305.0,9118.0,162.0,7441.0,9034.0,141.0,864.0,84.0,21.0,3.0,4.0,2.0,2.0,4.0,1.0,11626.0,12867.0,194.0,8887.0,10700.0,167.0,2739.0,2167.0,27.0,5.0,11.0,2.0,2.0,6.0,3.0
LOLTMNT01_415087,complete,,MSI,2026,,0,2026-07-01 08:10:16,1,16.13,3,Blue,mid,Faker,oe:player:e1edfc5cea461399a63cb813cf795cc,T1,oe:team:ce499dea30cfce118f4fe85da0227e8,1.0,Taliyah,Senna,Vi,Lee Sin,Sivir,Renekton,,,,,,1655,1,3,2,10,21,11,1.0,0.0,0.0,0.0,0.0,0.0,0.0,0.0,0.7613,1.1601,,,,,,,,,,,,,,,,,,,,,0.0,0.0,,,,,,,,,,0.0,0.0,14759,535.0695,0.177285,431.4924,217.7039,6005.0,12,0.435,1,0.0363,4,20,0.7251,11920,8268,299.7462,0.185944,11800,,,258.0,236.0,22,,,9.3535,3588.0,5080.0,96.0,3811.0,4801.0,98.0,-223.0,279.0,-2.0,0.0,1.0,0.0,1.0,0.0,0.0,5731.0,7602.0,144.0,6322.0,7483.0,132.0,-591.0,119.0,12.0,0.0,3.0,1.0,3.0,2.0,0.0,8034.0,10132.0,192.0,8397.0,10745.0,199.0,-363.0,-613.0,-7.0,2.0,3.0,1.0,3.0,2.0,0.0,10716.0,14298.0,244.0,10448.0,15132.0,257.0,268.0,-834.0,-13.0,3.0,9.0,2.0,3.0,4.0,1.0
LOLTMNT01_415087,complete,,MSI,2026,,0,2026-07-01 08:10:16,1,16.13,4,Blue,bot,Peyz,oe:player:5bbc2b92348d930ebd500cb9ce71bb7,T1,oe:team:ce499dea30cfce118f4fe85da0227e8,1.0,Ezreal,Senna,Vi,Lee Sin,Sivir,Renekton,,,,,,1655,1,7,2,8,21,11,2.0,1.0,0.0,0.0,1.0,1.0,0.0,0.0,0.7613,1.1601,,,,,,,,,,,,,,,,,,,,,0.0,0.0,,,,,,,,,,2.0,0.0,28269,1024.858,0.339568,584.9547,309.9698,13017.0,12,0.435,2,0.0725,3,20,0.7251,15314,11662,422.7915,0.262272,12408,,,296.0,280.0,16,,,10.7311,4014.0,3939.0,94.0,3655.0,3786.0,89.0,359.0,153.0,5.0,1.0,1.0,0.0,0.0,1.0,0.0,6404.0,6371.0,142.0,6564.0,6242.0,134.0,-160.0,129.0,8.0,1.0,2.0,2.0,1.0,5.0,1.0,8678.0,9570.0,204.0,8811.0,9079.0,201.0,-133.0,491.0,3.0,1.0,4.0,2.0,1.0,5.0,1.0,12570.0,13935.0,272.0,10703.0,11020.0,238.0,1867.0,2915.0,34.0,4.0,7.0,2.0,2.0,6.0,3.0
LOLTMNT01_415087,complete,,MSI,2026,,0,2026-07-01 08:10:16,1,16.13,5,Blue,sup,Keria,oe:player:db79ce6ad35451c938fbe2995dabd37,T1,oe:team:ce499dea30cfce118f4fe85da0227e8,1.0,Bard,Senna,Vi,Lee Sin,Sivir,Renekton,,,,,,1655,1,0,4,18,21,11,0.0,0.0,0.0,0.0,1.0,0.0,1.0,0.0,0.7613,1.1601,,,,,,,,,,,,,,,,,,,,,0.0,0.0,,,,,,,,,,1.0,0.0,5643,204.5801,0.0677838,579.4441,291.1178,2104.0,61,2.2115,21,0.7613,25,136,4.9305,8422,4770,172.9305,0.107277,7440,,,30.0,30.0,0,,,1.0876,2758.0,2527.0,12.0,2222.0,2467.0,13.0,536.0,60.0,-1.0,0.0,3.0,0.0,0.0,1.0,1.0,4054.0,3328.0,15.0,4095.0,3964.0,17.0,-41.0,-636.0,-2.0,0.0,5.0,3.0,1.0,7.0,2.0,5389.0,5328.0,22.0,5092.0,4185.0,19.0,297.0,1143.0,3.0,0.0,7.0,3.0,1.0,7.0,3.0,7281.0,8322.0,29.0,6149.0,4597.0,23.0,1132.0,3725.0,6.0,0.0,14.0,4.0,1.0,8.0,5.0
LOLTMNT01_415087,complete,,MSI,2026,,0,2026-07-01 08:10:16,1,16.13,6,Red,top,Morgan,oe:player:f73dde2d8c7879ae8d1fcdc03c4ffeb,Team Liquid,oe:team:8eb884e168f28402ce685bedebb5250,0.0,Gnar,Camille,Orianna,Jayce,Cassiopeia,Anivia,,,,,,1655,0,3,6,1,11,21,0.0,0.0,0.0,0.0,0.0,0.0,0.0,0.0,0.3988,1.1601,,,,,,,,,,,,,,,,,,,,,0.0,0.0,,,,,,,,,,0.0,0.0,11337,411.0091,0.161438,683.7825,812.1934,5179.0,10,0.3625,7,0.2538,5,33,1.1964,10162,6510,236.0121,0.205908,9508,,,229.0,229.0,0,,,8.3021,3073.0,4684.0,79.0,3982.0,5487.0,91.0,-909.0,-803.0,-12.0,0.0,0.0,3.0,2.0,0.0,0.0,5148.0,8112.0,117.0,6521.0,9010.0,148.0,-1373.0,-898.0,-31.0,2.0,1.0,3.0,2.0,0.0,1.0,7330.0,11419.0,175.0,8986.0,12041.0,207.0,-1656.0,-622.0,-32.0,2.0,1.0,3.0,2.0,0.0,1.0,9314.0,13751.0,211.0,12043.0,16788.0,250.0,-2729.0,-3037.0,-39.0,3.0,1.0,5.0,5.0,3.0,1.0
LOLTMNT01_415087,complete,,MSI,2026,,0,2026-07-01 08:10:16,1,16.13,7,Red,jng,Josedeodo,oe:player:52b4f060a577ff87c99118d97fa75f4,Team Liquid,oe:team:8eb884e168f28402ce685bedebb5250,0.0,Jarvan IV,Camille,Orianna,Jayce,Cassiopeia,Anivia,,,,,,1655,0,2,4,6,11,21,0.0,0.0,0.0,0.0,0.0,0.0,0.0,0.0,0.3988,1.1601,,,,,,,,,,,,,,,,,,,,,0.0,1.0,,,,,,,,,,0.0,0.0,12143,440.2296,0.172916,921.5347,1133.2931,0.0,8,0.29,9,0.3263,8,43,1.5589,9589,5937,215.2387,0.187785,9200,,,177.0,14.0,163,,,6.4169,3428.0,4433.0,79.0,3801.0,3642.0,71.0,-373.0,791.0,8.0,0.0,0.0,0.0,1.0,2.0,1.0,5723.0,6471.0,106.0,6446.0,6615.0,119.0,-723.0,-144.0,-13.0,2.0,4.0,0.0,3.0,2.0,2.0,7441.0,9034.0,141.0,8305.0,9118.0,162.0,-864.0,-84.0,-21.0,2.0,4.0,1.0,3.0,4.0,2.0,8887.0,10700.0,167.0,11626.0,12867.0,194.0,-2739.0,-2167.0,-27.0,2.0,6.0,3.0,5.0,11.0,2.0
LOLTMNT01_415087,complete,,MSI,2026,,0,2026-07-01 08:10:16,1,16.13,8,Red,mid,Quid,oe:player:8f8eaac8e99c203ee76e57c5c81c91f,Team Liquid,oe:team:8eb884e168f28402ce685bedebb5250,0.0,Ryze,Camille,Orianna,Jayce,Cassiopeia,Anivia,,,,,,1655,0,3,2,4,11,21,0.0,0.0,0.0,0.0,0.0,0.0,0.0,0.0,0.3988,1.1601,,,,,,,,,,,,,,,,,,,,,0.0,0.0,,,,,,,,,,0.0,0.0,21505,779.6375,0.30623,693.8248,556.3505,4296.0,17,0.6163,6,0.2175,9,49,1.7764,11367,7715,279.6979,0.244021,11275,,,274.0,266.0,8,,,9.9335,3811.0,4801.0,98.0,3588.0,5080.0,96.0,223.0,-279.0,2.0,1.0,0.0,0.0,0.0,1.0,0.0,6322.0,7483.0,132.0,5731.0,7602.0,144.0,591.0,-119.0,-12.0,3.0,2.0,0.0,0.0,3.0,1.0,8397.0,10745.0,199.0,8034.0,10132.0,192.0,363.0,613.0,7.0,3.0,2.0,0.0,2.0,3.0,1.0,10448.0,15132.0,257.0,10716.0,14298.0,244.0,-268.0,834.0,13.0,3.0,4.0,1.0,3.0,9.0,2.0
LOLTMNT01_415087,complete,,MSI,2026,,0,2026-07-01 08:10:16,1,16.13,9,Red,bot,Yeon,oe:player:f6b8af05a5af22004a67a78f3046b92,Team Liquid,oe:team:8eb884e168f28402ce685bedebb5250,0.0,Kai'Sa,Camille,Orianna,Jayce,Cassiopeia,Anivia,,,,,,1655,0,2,3,6,11,21,0.0,0.0,0.0,0.0,0.0,0.0,0.0,0.0,0.3988,1.1601,,,,,,,,,,,,,,,,,,,,,0.0,0.0,,,,,,,,,,0.0,2.0,21147,766.6586,0.301132,627.2991,417.8248,2855.0,8,0.29,6,0.2175,2,23,0.8338,11918,8266,299.6737,0.261448,11550,,,265.0,265.0,0,,,9.6073,3655.0,3786.0,89.0,4014.0,3939.0,94.0,-359.0,-153.0,-5.0,0.0,1.0,0.0,1.0,1.0,0.0,6564.0,6242.0,134.0,6404.0,6371.0,142.0,160.0,-129.0,-8.0,1.0,5.0,1.0,1.0,2.0,2.0,8811.0,9079.0,201.0,8678.0,9570.0,204.0,133.0,-491.0,-3.0,1.0,5.0,1.0,1.0,4.0,2.0,10703.0,11020.0,238.0,12570.0,13935.0,272.0,-1867.0,-2915.0,-34.0,2.0,6.0,3.0,4.0,7.0,2.0
LOLTMNT01_415087,complete,,MSI,2026,,0,2026-07-01 08:10:16,1,16.13,10,Red,sup,CoreJJ,oe:player:05fafeaf23dc3285558a4e968970b9f,Team Liquid,oe:team:8eb884e168f28402ce685bedebb5250,0.0,Rell,Camille,Orianna,Jayce,Cassiopeia,Anivia,,,,,,1655,0,1,6,8,11,21,0.0,0.0,0.0,0.0,0.0,0.0,0.0,1.0,0.3988,1.1601,,,,,,,,,,,,,,,,,,,,,0.0,0.0,,,,,,,,,,0.0,1.0,4093,148.3867,0.0582841,652.3505,797.1843,0.0,55,1.994,9,0.3263,30,101,3.6616,6840,3188,115.577,0.100838,6660,,,25.0,25.0,0,,,0.9063,2222.0,2467.0,13.0,2758.0,2527.0,12.0,-536.0,-60.0,1.0,0.0,1.0,1.0,0.0,3.0,0.0,4095.0,3964.0,17.0,4054.0,3328.0,15.0,41.0,636.0,2.0,1.0,7.0,2.0,0.0,5.0,3.0,5092.0,4185.0,19.0,5389.0,5328.0,22.0,-297.0,-1143.0,-3.0,1.0,7.0,3.0,0.0,7.0,3.0,6149.0,4597.0,23.0,7281.0,8322.0,29.0,-1132.0,-3725.0,-6.0,1.0,8.0,5.0,0.0,14.0,4.0
LOLTMNT01_415087,complete,,MSI,2026,,0,2026-07-01 08:10:16,1,16.13,100,Blue,team,,,T1,oe:team:ce499dea30cfce118f4fe85da0227e8,1.0,,Senna,Vi,Lee Sin,Sivir,Renekton,Bard,Xin Zhao,Ezreal,Taliyah,Ambessa,1655,1,21,11,55,21,11,4.0,2.0,0.0,0.0,1.0,,,,0.7613,1.1601,0.0,2.0,1.0,2.0,1.0,0.0,0.0,0.0,0.0,1.0,1.0,,0.0,0.0,0.0,0.0,1.0,3.0,0.0,1.0,1.0,0.0,0.0,0.0,1.0,11.0,2.0,1.0,1.0,45.0,14.0,3.0,0.0,83250,3018.1269,,3526.6224,2776.6405,39000.0,102,3.6979,49,1.7764,42,263,9.5347,62725,44466,1612.0604,,56698,0.162168,2.18,,853.0,225,,,39.0816,18143.0,20675.0,364.0,16189.0,20171.0,358.0,1954.0,504.0,6.0,4.0,7.0,1.0,1.0,2.0,4.0,29156.0,32926.0,568.0,27852.0,32272.0,506.0,1304.0,654.0,62.0,6.0,12.0,9.0,9.0,19.0,6.0,39392.0,46189.0,787.0,37071.0,44462.0,735.0,2321.0,1727.0,52.0,8.0,18.0,9.0,9.0,19.0,8.0,54236.0,66210.0,989.0,45501.0,55200.0,896.0,8735.0,11010.0,93.0,17.0,44.0,11.0,11.0,25.0,17.0
LOLTMNT01_415087,complete,,MSI,2026,,0,2026-07-01 08:10:16,1,16.13,200,Red,team,,,Team Liquid,oe:team:8eb884e168f28402ce685bedebb5250,0.0,,Camille,Orianna,Jayce,Cassiopeia,Anivia,Rell,Jarvan IV,Ryze,Kai'Sa,Gnar,1655,0,11,21,25,11,21,0.0,0.0,0.0,0.0,0.0,,,,0.3988,1.1601,1.0,1.0,2.0,1.0,2.0,0.0,1.0,0.0,0.0,0.0,0.0,,0.0,0.0,1.0,1.0,0.0,0.0,3.0,0.0,0.0,1.0,0.0,0.0,0.0,2.0,11.0,0.0,0.0,14.0,45.0,0.0,3.0,70225,2545.9215,,3578.7915,3716.8459,12330.0,98,3.5529,37,1.3414,54,249,9.0272,49876,31617,1146.2356,,48193,-0.162168,-2.18,,799.0,171,,,35.1662,16189.0,20171.0,358.0,18143.0,20675.0,364.0,-1954.0,-504.0,-6.0,1.0,2.0,4.0,4.0,7.0,1.0,27852.0,32272.0,506.0,29156.0,32926.0,568.0,-1304.0,-654.0,-62.0,9.0,19.0,6.0,6.0,12.0,9.0,37071.0,44462.0,735.0,39392.0,46189.0,787.0,-2321.0,-1727.0,-52.0,9.0,19.0,8.0,8.0,18.0,9.0,45501.0,55200.0,896.0,54236.0,66210.0,989.0,-8735.0,-11010.0,-93.0,11.0,25.0,17.0,17.0,44.0,11.0
LOLTMNT01_415093,complete,,MSI,2026,,0,2026-07-01 08:58:53,2,16.13,1,Blue,top,Morgan,oe:player:f73dde2d8c7879ae8d1fcdc03c4ffeb,Team Liquid,oe:team:8eb884e168f28402ce685bedebb5250,0.0,Rumble,Camille,Orianna,Cassiopeia,Ziggs,Kalista,,,,,,2464,0,4,3,13,31,29,0.0,0.0,0.0,0.0,0.0,0.0,0.0,0.0,0.7549,1.461,,,,,,,,,,,,,,,,,,,,,0.0,0.0,,,,,,,,,,0.0,0.0,30627,745.7873,0.230145,577.4756,801.5503,6586.0,20,0.487,7,0.1705,10,54,1.3149,15305,10003,243.5795,0.185464,14050,,,303.0,302.0,1,,,7.3782,3403.0,5255.0,97.0,3827.0,5255.0,99.0,-424.0,0.0,-2.0,0.0,0.0,0.0,0.0,0.0,0.0,5169.0,8949.0,151.0,6037.0,9270.0,155.0,-868.0,-321.0,-4.0,0.0,0.0,0.0,0.0,0.0,0.0,7591.0,12955.0,201.0,7596.0,11325.0,189.0,-5.0,1630.0,12.0,0.0,2.0,0.0,0.0,0.0,2.0,9831.0,16230.0,229.0,9902.0,14444.0,243.0,-71.0,1786.0,-14.0,2.0,5.0,0.0,0.0,2.0,2.0
LOLTMNT01_415093,complete,,MSI,2026,,0,2026-07-01 08:58:53,2,16.13,2,Blue,jng,Josedeodo,oe:player:52b4f060a577ff87c99118d97fa75f4,Team Liquid,oe:team:8eb884e168f28402ce685bedebb5250,0.0,Nocturne,Camille,Orianna,Cassiopeia,Ziggs,Kalista,,,,,,2464,0,4,7,18,31,29,0.0,0.0,0.0,0.0,0.0,0.0,0.0,0.0,0.7549,1.461,,,,,,,,,,,,,,,,,,,,,0.0,1.0,,,,,,,,,,0.0,1.0,20463,498.2873,0.153768,1296.5016,1019.0747,2080.0,28,0.6818,15,0.3653,11,92,2.2403,15754,10452,254.513,0.193789,15375,,,277.0,45.0,232,,,6.7451,4471.0,4420.0,84.0,4218.0,3555.0,62.0,253.0,865.0,22.0,2.0,3.0,1.0,3.0,2.0,3.0,6903.0,7796.0,141.0,5921.0,5960.0,104.0,982.0,1836.0,37.0,3.0,3.0,1.0,3.0,2.0,3.0,9071.0,10135.0,175.0,8520.0,9615.0,157.0,551.0,520.0,18.0,4.0,3.0,1.0,4.0,2.0,3.0,10608.0,12813.0,192.0,10256.0,11681.0,187.0,352.0,1132.0,5.0,4.0,7.0,3.0,4.0,5.0,5.0
LOLTMNT01_415093,complete,,MSI,2026,,0,2026-07-01 08:58:53,2,16.13,3,Blue,mid,Quid,oe:player:8f8eaac8e99c203ee76e57c5c81c91f,Team Liquid,oe:team:8eb884e168f28402ce685bedebb5250,0.0,Sylas,Camille,Orianna,Cassiopeia,Ziggs,Kalista,,,,,,2464,0,8,7,19,31,29,1.0,1.0,0.0,0.0,0.0,0.0,0.0,1.0,0.7549,1.461,,,,,,,,,,,,,,,,,,,,,0.0,0.0,,,,,,,,,,0.0,0.0,38612,940.2273,0.290148,1194.6672,1116.526,6035.0,6,0.1461,17,0.414,3,57,1.388,16470,11168,271.9481,0.207064,16675,,,290.0,282.0,8,,,7.0617,3734.0,4895.0,81.0,3884.0,4545.0,78.0,-150.0,350.0,3.0,1.0,5.0,3.0,1.0,6.0,2.0,5633.0,7713.0,130.0,5171.0,6431.0,113.0,462.0,1282.0,17.0,1.0,6.0,3.0,1.0,6.0,3.0,7874.0,10548.0,177.0,7056.0,9087.0,164.0,818.0,1461.0,13.0,2.0,6.0,4.0,1.0,7.0,3.0,9285.0,12850.0,193.0,9246.0,11648.0,212.0,39.0,1202.0,-19.0,2.0,12.0,5.0,2.0,9.0,5.0
LOLTMNT01_415093,complete,,MSI,2026,,0,2026-07-01 08:58:53,2,16.13,4,Blue,bot,Yeon,oe:player:f6b8af05a5af22004a67a78f3046b92,Team Liquid,oe:team:8eb884e168f28402ce685bedebb5250,0.0,Varus,Camille,Orianna,Cassiopeia,Ziggs,Kalista,,,,,,2464,0,14,4,8,31,29,5.0,1.0,0.0,0.0,0.0,0.0,0.0,0.0,0.7549,1.461,,,,,,,,,,,,,,,,,,,,,1.0,1.0,,,,,,,,,,0.0,0.0,38567,939.1315,0.28981,634.4562,618.8474,6145.0,19,0.4627,21,0.5114,6,65,1.5828,22619,17317,421.6802,0.321073,27100,,,388.0,364.0,24,,,9.4481,4456.0,3667.0,58.0,4479.0,3131.0,76.0,-23.0,536.0,-18.0,5.0,2.0,1.0,5.0,2.0,3.0,6839.0,6477.0,127.0,6917.0,5587.0,144.0,-78.0,890.0,-17.0,5.0,2.0,1.0,5.0,2.0,3.0,8872.0,8377.0,178.0,9971.0,8251.0,207.0,-1099.0,126.0,-29.0,5.0,2.0,2.0,6.0,2.0,3.0,12884.0,11842.0,241.0,12597.0,10327.0,251.0,287.0,1515.0,-10.0,9.0,4.0,2.0,8.0,3.0,5.0
LOLTMNT01_415093,complete,,MSI,2026,,0,2026-07-01 08:58:53,2,16.13,5,Blue,sup,CoreJJ,oe:player:05fafeaf23dc3285558a4e968970b9f,Team Liquid,oe:team:8eb884e168f28402ce685bedebb5250,0.0,Alistar,Camille,Orianna,Cassiopeia,Ziggs,Kalista,,,,,,2464,0,1,8,21,31,29,0.0,0.0,0.0,0.0,0.0,0.0,0.0,0.0,0.7549,1.461,,,,,,,,,,,,,,,,,,,,,0.0,0.0,,,,,,,,,,0.0,0.0,4808,117.0779,0.0361295,1012.5974,1423.0519,0.0,92,2.2403,11,0.2679,31,180,4.3831,10297,4995,121.6315,0.0926099,10190,,,23.0,23.0,0,,,0.5601,3112.0,2287.0,10.0,2942.0,2994.0,8.0,170.0,-707.0,2.0,1.0,6.0,4.0,0.0,7.0,2.0,4186.0,3508.0,13.0,4016.0,4229.0,16.0,170.0,-721.0,-3.0,1.0,7.0,4.0,0.0,7.0,2.0,5374.0,5035.0,17.0,5181.0,6043.0,17.0,193.0,-1008.0,0.0,1.0,7.0,4.0,0.0,8.0,2.0,6859.0,7870.0,22.0,6377.0,7253.0,19.0,482.0,617.0,3.0,1.0,13.0,4.0,0.0,11.0,2.0
LOLTMNT01_415093,complete,,MSI,2026,,0,2026-07-01 08:58:53,2,16.13,6,Red,top,Doran,oe:player:a1f3b2bb3f36e5113237f92d76dc4c8,T1,oe:team:ce499dea30cfce118f4fe85da0227e8,1.0,Jayce,Senna,Poppy,Akali,Nautilus,Jhin,,,,,,2464,1,5,3,8,29,32,1.0,0.0,0.0,0.0,0.0,0.0,0.0,0.0,0.7062,1.461,,,,,,,,,,,,,,,,,,,,,0.0,0.0,,,,,,,,,,0.0,0.0,31988,778.9286,0.196938,553.2955,576.4529,15630.0,16,0.3896,22,0.5357,0,81,1.9724,20092,14790,360.1461,0.24279,18700,,,357.0,341.0,16,,,8.6932,3827.0,5255.0,99.0,3403.0,5255.0,97.0,424.0,0.0,2.0,0.0,0.0,0.0,0.0,0.0,0.0,6037.0,9270.0,155.0,5169.0,8949.0,151.0,868.0,321.0,4.0,0.0,0.0,0.0,0.0,0.0,0.0,7596.0,11325.0,189.0,7591.0,12955.0,201.0,5.0,-1630.0,-12.0,0.0,0.0,2.0,0.0,2.0,0.0,9902.0,14444.0,243.0,9831.0,16230.0,229.0,71.0,-1786.0,14.0,0.0,2.0,2.0,2.0,5.0,0.0
LOLTMNT01_415093,complete,,MSI,2026,,0,2026-07-01 08:58:53,2,16.13,7,Red,jng,Oner,oe:player:f8b68f268106124fc4bc1c946adc9b0,T1,oe:team:ce499dea30cfce118f4fe85da0227e8,1.0,Lee Sin,Senna,Poppy,Akali,Nautilus,Jhin,,,,,,2464,1,5,7,14,29,32,0.0,0.0,0.0,0.0,0.0,0.0,0.0,0.0,0.7062,1.461,,,,,,,,,,,,,,,,,,,,,1.0,0.0,,,,,,,,,,1.0,0.0,23139,563.4497,0.142458,1292.0942,1686.2094,5667.0,27,0.6575,20,0.487,13,89,2.1672,17008,11706,285.0487,0.192163,14825,,,299.0,36.0,263,,,7.2808,4218.0,3555.0,62.0,4471.0,4420.0,84.0,-253.0,-865.0,-22.0,3.0,2.0,3.0,2.0,3.0,1.0,5921.0,5960.0,104.0,6903.0,7796.0,141.0,-982.0,-1836.0,-37.0,3.0,2.0,3.0,3.0,3.0,1.0,8520.0,9615.0,157.0,9071.0,10135.0,175.0,-551.0,-520.0,-18.0,4.0,2.0,3.0,4.0,3.0,1.0,10256.0,11681.0,187.0,10608.0,12813.0,192.0,-352.0,-1132.0,-5.0,4.0,5.0,5.0,4.0,7.0,3.0
LOLTMNT01_415093,complete,,MSI,2026,,0,2026-07-01 08:58:53,2,16.13,8,Red,mid,Faker,oe:player:e1edfc5cea461399a63cb813cf795cc,T1,oe:team:ce499dea30cfce118f4fe85da0227e8,1.0,Lissandra,Senna,Poppy,Akali,Nautilus,Jhin,,,,,,2464,1,2,8,18,29,32,0.0,0.0,0.0,0.0,1.0,1.0,0.0,0.0,0.7062,1.461,,,,,,,,,,,,,,,,,,,,,0.0,0.0,,,,,,,,,,0.0,0.0,36217,881.9075,0.222974,872.2646,539.1964,924.0,16,0.3896,14,0.3409,13,74,1.8019,15340,10038,244.4318,0.164781,14975,,,329.0,329.0,0,,,8.0114,3884.0,4545.0,78.0,3734.0,4895.0,81.0,150.0,-350.0,-3.0,1.0,6.0,2.0,1.0,5.0,3.0,5171.0,6431.0,113.0,5633.0,7713.0,130.0,-462.0,-1282.0,-17.0,1.0,6.0,3.0,1.0,6.0,3.0,7056.0,9087.0,164.0,7874.0,10548.0,177.0,-818.0,-1461.0,-13.0,1.0,7.0,3.0,2.0,6.0,4.0,9246.0,11648.0,212.0,9285.0,12850.0,193.0,-39.0,-1202.0,19.0,2.0,9.0,5.0,2.0,12.0,5.0
LOLTMNT01_415093,complete,,MSI,2026,,0,2026-07-01 08:58:53,2,16.13,9,Red,bot,Peyz,oe:player:5bbc2b92348d930ebd500cb9ce71bb7,T1,oe:team:ce499dea30cfce118f4fe85da0227e8,1.0,Lucian,Senna,Poppy,Akali,Nautilus,Jhin,,,,,,2464,1,16,8,8,29,32,2.0,1.0,0.0,0.0,0.0,0.0,0.0,0.0,0.7062,1.461,,,,,,,,,,,,,,,,,,,,,1.0,1.0,,,,,,,,,,0.0,0.0,62932,1532.4351,0.387448,893.401,856.7532,12715.0,17,0.414,20,0.487,4,62,1.5097,23786,18484,450.0974,0.303431,19200,,,399.0,383.0,16,,,9.7159,4479.0,3131.0,76.0,4456.0,3667.0,58.0,23.0,-536.0,18.0,5.0,2.0,3.0,5.0,2.0,1.0,6917.0,5587.0,144.0,6839.0,6477.0,127.0,78.0,-890.0,17.0,5.0,2.0,3.0,5.0,2.0,1.0,9971.0,8251.0,207.0,8872.0,8377.0,178.0,1099.0,-126.0,29.0,6.0,2.0,3.0,5.0,2.0,2.0,12597.0,10327.0,251.0,12884.0,11842.0,241.0,-287.0,-1515.0,10.0,8.0,3.0,5.0,9.0,4.0,2.0
LOLTMNT01_415093,complete,,MSI,2026,,0,2026-07-01 08:58:53,2,16.13,10,Red,sup,Keria,oe:player:db79ce6ad35451c938fbe2995dabd37,T1,oe:team:ce499dea30cfce118f4fe85da0227e8,1.0,Milio,Senna,Poppy,Akali,Nautilus,Jhin,,,,,,2464,1,1,6,20,29,32,0.0,0.0,0.0,0.0,0.0,0.0,0.0,0.0,0.7062,1.461,,,,,,,,,,,,,,,,,,,,,0.0,0.0,,,,,,,,,,0.0,0.0,8151,198.4821,0.0501825,520.276,251.9075,454.0,103,2.5081,11,0.2679,38,177,4.3101,11201,5899,143.6445,0.0968353,9840,,,22.0,22.0,0,,,0.5357,2942.0,2994.0,8.0,3112.0,2287.0,10.0,-170.0,707.0,-2.0,0.0,7.0,2.0,1.0,6.0,4.0,4016.0,4229.0,16.0,4186.0,3508.0,13.0,-170.0,721.0,3.0,0.0,7.0,2.0,1.0,7.0,4.0,5181.0,6043.0,17.0,5374.0,5035.0,17.0,-193.0,1008.0,0.0,0.0,8.0,2.0,1.0,7.0,4.0,6377.0,7253.0,19.0,6859.0,7870.0,22.0,-482.0,-617.0,-3.0,0.0,11.0,2.0,1.0,13.0,4.0
LOLTMNT01_415093,complete,,MSI,2026,,0,2026-07-01 08:58:53,2,16.13,100,Blue,team,,,Team Liquid,oe:team:8eb884e168f28402ce685bedebb5250,0.0,,Camille,Orianna,Cassiopeia,Ziggs,Kalista,Nocturne,Rumble,Sylas,Varus,Alistar,2464,0,31,29,79,31,29,6.0,2.0,0.0,0.0,0.0,,,,0.7549,1.461,1.0,3.0,4.0,3.0,4.0,1.0,1.0,0.0,0.0,1.0,0.0,,0.0,0.0,0.0,0.0,1.0,0.0,3.0,1.0,1.0,2.0,0.0,0.0,1.0,4.0,9.0,0.0,0.0,26.0,39.0,0.0,1.0,133077,3240.5114,,4715.6981,4979.0503,20846.0,165,4.0179,71,1.7289,61,448,10.9091,80445,53934,1313.3279,,83390,0.0727024,-0.73,,1016.0,265,,,31.1932,19176.0,20524.0,330.0,19350.0,19480.0,323.0,-174.0,1044.0,7.0,9.0,16.0,9.0,9.0,17.0,10.0,28730.0,34443.0,562.0,28062.0,31477.0,532.0,668.0,2966.0,30.0,10.0,18.0,9.0,9.0,17.0,11.0,38782.0,47050.0,748.0,38324.0,44321.0,734.0,458.0,2729.0,14.0,12.0,20.0,11.0,11.0,19.0,13.0,49467.0,61605.0,877.0,48378.0,55353.0,912.0,1089.0,6252.0,-35.0,18.0,41.0,14.0,14.0,30.0,19.0
LOLTMNT01_415093,complete,,MSI,2026,,0,2026-07-01 08:58:53,2,16.13,200,Red,team,,,T1,oe:team:ce499dea30cfce118f4fe85da0227e8,1.0,,Senna,Poppy,Akali,Nautilus,Jhin,Jayce,Lee Sin,Lissandra,Lucian,Milio,2464,1,29,32,68,29,32,3.0,1.0,0.0,0.0,1.0,,,,0.7062,1.461,0.0,4.0,3.0,4.0,3.0,0.0,4.0,0.0,0.0,0.0,0.0,,0.0,0.0,1.0,1.0,0.0,3.0,0.0,0.0,2.0,1.0,0.0,0.0,0.0,9.0,4.0,1.0,1.0,39.0,26.0,1.0,0.0,162427,3955.2029,,4131.3312,3910.5195,35390.0,179,4.3588,87,2.1185,68,483,11.7614,87427,60916,1483.3442,,77540,-0.0727024,0.73,,1111.0,295,,,34.237,19350.0,19480.0,323.0,19176.0,20524.0,330.0,174.0,-1044.0,-7.0,9.0,17.0,10.0,9.0,16.0,9.0,28062.0,31477.0,532.0,28730.0,34443.0,562.0,-668.0,-2966.0,-30.0,9.0,17.0,11.0,10.0,18.0,9.0,38324.0,44321.0,734.0,38782.0,47050.0,748.0,-458.0,-2729.0,-14.0,11.0,19.0,13.0,12.0,20.0,11.0,48378.0,55353.0,912.0,49467.0,61605.0,877.0,-1089.0,-6252.0,35.0,14.0,30.0,19.0,18.0,41.0,14.0
LOLTMNT01_415103,complete,,MSI,2026,,0,2026-07-01 10:00:43,3,16.13,1,Blue,top,Morgan,oe:player:f73dde2d8c7879ae8d1fcdc03c4ffeb,Team Liquid,oe:team:8eb884e168f28402ce685bedebb5250,0.0,Renekton,Camille,Orianna,Annie,Kalista,Nautilus,,,,,,1416,0,3,2,1,5,17,1.0,0.0,0.0,0.0,0.0,0.0,0.0,0.0,0.2119,0.9322,,,,,,,,,,,,,,,,,,,,,0.0,0.0,,,,,,,,,,0.0,0.0,14644,620.5085,0.257899,886.2288,805.2119,1142.0,8,0.339,2,0.0847,4,21,0.8898,8672,5508,233.3898,0.234295,8850,,,196.0,196.0,0,,,8.3051,3047.0,4613.0,72.0,4240.0,5035.0,87.0,-1193.0,-422.0,-15.0,0.0,1.0,1.0,2.0,0.0,0.0,5447.0,9461.0,121.0,6468.0,9246.0,151.0,-1021.0,215.0,-30.0,2.0,1.0,1.0,2.0,0.0,0.0,7664.0,12427.0,168.0,9080.0,12273.0,194.0,-1416.0,154.0,-26.0,3.0,1.0,1.0,3.0,1.0,0.0,,,,,,,,,,,,,,,
LOLTMNT01_415103,complete,,MSI,2026,,0,2026-07-01 10:00:43,3,16.13,2,Blue,jng,Josedeodo,oe:player:52b4f060a577ff87c99118d97fa75f4,Team Liquid,oe:team:8eb884e168f28402ce685bedebb5250,0.0,Naafiri,Camille,Orianna,Annie,Kalista,Nautilus,,,,,,1416,0,2,2,0,5,17,0.0,0.0,0.0,0.0,0.0,0.0,0.0,0.0,0.2119,0.9322,,,,,,,,,,,,,,,,,,,,,0.0,1.0,,,,,,,,,,0.0,0.0,10512,445.4237,0.185129,712.839,363.9831,599.0,6,0.2542,4,0.1695,4,27,1.1441,7967,4803,203.5169,0.204305,7500,,,143.0,11.0,132,,,6.0593,3663.0,3635.0,68.0,4144.0,4271.0,78.0,-481.0,-636.0,-10.0,1.0,0.0,0.0,1.0,2.0,1.0,5126.0,5669.0,101.0,5975.0,6466.0,114.0,-849.0,-797.0,-13.0,1.0,0.0,1.0,1.0,6.0,2.0,6904.0,8164.0,134.0,8435.0,9336.0,158.0,-1531.0,-1172.0,-24.0,1.0,0.0,1.0,1.0,8.0,3.0,,,,,,,,,,,,,,,
LOLTMNT01_415103,complete,,MSI,2026,,0,2026-07-01 10:00:43,3,16.13,3,Blue,mid,Quid,oe:player:8f8eaac8e99c203ee76e57c5c81c91f,Team Liquid,oe:team:8eb884e168f28402ce685bedebb5250,0.0,Galio,Camille,Orianna,Annie,Kalista,Nautilus,,,,,,1416,0,0,4,3,5,17,0.0,0.0,0.0,0.0,0.0,0.0,0.0,0.0,0.2119,0.9322,,,,,,,,,,,,,,,,,,,,,0.0,0.0,,,,,,,,,,0.0,0.0,12255,519.2797,0.215825,873.3898,1045.678,4711.0,13,0.5508,3,0.1271,6,25,1.0593,7874,4710,199.5763,0.200349,7900,,,194.0,194.0,0,,,8.2203,3483.0,4985.0,87.0,3461.0,5137.0,94.0,22.0,-152.0,-7.0,0.0,1.0,1.0,0.0,1.0,0.0,4949.0,7243.0,129.0,5278.0,7167.0,126.0,-329.0,76.0,3.0,0.0,1.0,2.0,1.0,3.0,1.0,6882.0,9448.0,171.0,7597.0,10345.0,185.0,-715.0,-897.0,-14.0,0.0,2.0,2.0,1.0,3.0,1.0,,,,,,,,,,,,,,,
LOLTMNT01_415103,complete,,MSI,2026,,0,2026-07-01 10:00:43,3,16.13,4,Blue,bot,Yeon,oe:player:f6b8af05a5af22004a67a78f3046b92,Team Liquid,oe:team:8eb884e168f28402ce685bedebb5250,0.0,Xayah,Camille,Orianna,Annie,Kalista,Nautilus,,,,,,1416,0,0,4,2,5,17,0.0,0.0,0.0,0.0,0.0,0.0,0.0,0.0,0.2119,0.9322,,,,,,,,,,,,,,,,,,,,,0.0,0.0,,,,,,,,,,0.0,1.0,16135,683.6864,0.284157,650.6356,371.9915,1142.0,8,0.339,12,0.5085,2,35,1.4831,9225,6061,256.822,0.257819,9075,,,220.0,220.0,0,,,9.322,3297.0,3570.0,85.0,3899.0,3611.0,99.0,-602.0,-41.0,-14.0,0.0,0.0,0.0,0.0,1.0,0.0,5659.0,5639.0,133.0,7962.0,5760.0,149.0,-2303.0,-121.0,-16.0,0.0,0.0,1.0,3.0,2.0,0.0,7917.0,7736.0,191.0,10780.0,8190.0,216.0,-2863.0,-454.0,-25.0,0.0,1.0,2.0,4.0,3.0,0.0,,,,,,,,,,,,,,,
LOLTMNT01_415103,complete,,MSI,2026,,0,2026-07-01 10:00:43,3,16.13,5,Blue,sup,CoreJJ,oe:player:05fafeaf23dc3285558a4e968970b9f,Team Liquid,oe:team:8eb884e168f28402ce685bedebb5250,0.0,Rakan,Camille,Orianna,Annie,Kalista,Nautilus,,,,,,1416,0,0,5,1,5,17,0.0,0.0,0.0,0.0,0.0,0.0,0.0,1.0,0.2119,0.9322,,,,,,,,,,,,,,,,,,,,,0.0,0.0,,,,,,,,,,0.0,0.0,3236,137.1186,0.0569899,695.678,709.0254,706.0,33,1.3983,11,0.4661,11,76,3.2203,5591,2427,102.839,0.103232,5265,,,26.0,26.0,0,,,1.1017,2410.0,2532.0,15.0,2591.0,2916.0,9.0,-181.0,-384.0,6.0,0.0,0.0,1.0,0.0,1.0,0.0,3478.0,2963.0,18.0,4183.0,4826.0,13.0,-705.0,-1863.0,5.0,0.0,0.0,2.0,0.0,5.0,0.0,4764.0,4836.0,21.0,5693.0,6064.0,15.0,-929.0,-1228.0,6.0,0.0,1.0,3.0,0.0,7.0,0.0,,,,,,,,,,,,,,,
LOLTMNT01_415103,complete,,MSI,2026,,0,2026-07-01 10:00:43,3,16.13,6,Red,top,Doran,oe:player:a1f3b2bb3f36e5113237f92d76dc4c8,T1,oe:team:ce499dea30cfce118f4fe85da0227e8,1.0,Zaahen,Senna,Poppy,Akali,Ziggs,Mel,,,,,,1416,1,4,0,5,17,5,1.0,0.0,0.0,0.0,0.0,0.0,0.0,0.0,0.7203,0.9322,,,,,,,,,,,,,,,,,,,,,0.0,0.0,,,,,,,,,,0.0,0.0,17363,735.7203,0.228843,1000.5085,1121.2288,9896.0,8,0.339,3,0.1271,2,28,1.1864,11135,7971,337.7542,0.214171,10983,,,241.0,237.0,4,,,10.2119,4240.0,5035.0,87.0,3047.0,4613.0,72.0,1193.0,422.0,15.0,2.0,0.0,0.0,0.0,1.0,1.0,6468.0,9246.0,151.0,5447.0,9461.0,121.0,1021.0,-215.0,30.0,2.0,0.0,0.0,2.0,1.0,1.0,9080.0,12273.0,194.0,7664.0,12427.0,168.0,1416.0,-154.0,26.0,3.0,1.0,0.0,3.0,1.0,1.0,,,,,,,,,,,,,,,
LOLTMNT01_415103,complete,,MSI,2026,,0,2026-07-01 10:00:43,3,16.13,7,Red,jng,Oner,oe:player:f8b68f268106124fc4bc1c946adc9b0,T1,oe:team:ce499dea30cfce118f4fe85da0227e8,1.0,Vi,Senna,Poppy,Akali,Ziggs,Mel,,,,,,1416,1,1,4,12,17,5,0.0,0.0,0.0,0.0,1.0,1.0,0.0,0.0,0.7203,0.9322,,,,,,,,,,,,,,,,,,,,,1.0,0.0,,,,,,,,,,0.0,0.0,9384,397.6271,0.12368,950.8898,1091.8644,4039.0,8,0.339,9,0.3814,5,46,1.9492,10126,6962,295.0,0.18706,8225,,,177.0,13.0,164,,,7.5,4144.0,4271.0,78.0,3663.0,3635.0,68.0,481.0,636.0,10.0,1.0,2.0,1.0,1.0,0.0,0.0,5975.0,6466.0,114.0,5126.0,5669.0,101.0,849.0,797.0,13.0,1.0,6.0,2.0,1.0,0.0,1.0,8435.0,9336.0,158.0,6904.0,8164.0,134.0,1531.0,1172.0,24.0,1.0,8.0,3.0,1.0,0.0,1.0,,,,,,,,,,,,,,,
LOLTMNT01_415103,complete,,MSI,2026,,0,2026-07-01 10:00:43,3,16.13,8,Red,mid,Faker,oe:player:e1edfc5cea461399a63cb813cf795cc,T1,oe:team:ce499dea30cfce118f4fe85da0227e8,1.0,Cassiopeia,Senna,Poppy,Akali,Ziggs,Mel,,,,,,1416,1,1,1,6,17,5,0.0,0.0,0.0,0.0,0.0,0.0,0.0,0.0,0.7203,0.9322,,,,,,,,,,,,,,,,,,,,,0.0,0.0,,,,,,,,,,0.0,0.0,14807,627.4153,0.195155,704.8305,327.5,5985.0,12,0.5085,6,0.2542,3,32,1.3559,9183,6019,255.0424,0.161722,7675,,,211.0,203.0,8,,,8.9407,3461.0,5137.0,94.0,3483.0,4985.0,87.0,-22.0,152.0,7.0,0.0,1.0,0.0,0.0,1.0,1.0,5278.0,7167.0,126.0,4949.0,7243.0,129.0,329.0,-76.0,-3.0,1.0,3.0,1.0,0.0,1.0,2.0,7597.0,10345.0,185.0,6882.0,9448.0,171.0,715.0,897.0,14.0,1.0,3.0,1.0,0.0,2.0,2.0,,,,,,,,,,,,,,,
LOLTMNT01_415103,complete,,MSI,2026,,0,2026-07-01 10:00:43,3,16.13,9,Red,bot,Peyz,oe:player:5bbc2b92348d930ebd500cb9ce71bb7,T1,oe:team:ce499dea30cfce118f4fe85da0227e8,1.0,Zeri,Senna,Poppy,Akali,Ziggs,Mel,,,,,,1416,1,11,0,3,17,5,3.0,2.0,1.0,1.0,1.0,0.0,1.0,0.0,0.7203,0.9322,,,,,,,,,,,,,,,,,,,,,0.0,0.0,,,,,,,,,,1.0,0.0,27671,1172.5,0.364702,561.1017,326.5678,12772.0,12,0.5085,17,0.7203,3,50,2.1186,15259,12095,512.5,0.324981,11375,,,261.0,255.0,6,,,11.0593,3899.0,3611.0,99.0,3297.0,3570.0,85.0,602.0,41.0,14.0,0.0,1.0,0.0,0.0,0.0,0.0,7962.0,5760.0,149.0,5659.0,5639.0,133.0,2303.0,121.0,16.0,3.0,2.0,0.0,0.0,0.0,1.0,10780.0,8190.0,216.0,7917.0,7736.0,191.0,2863.0,454.0,25.0,4.0,3.0,0.0,0.0,1.0,2.0,,,,,,,,,,,,,,,
LOLTMNT01_415103,complete,,MSI,2026,,0,2026-07-01 10:00:43,3,16.13,10,Red,sup,Keria,oe:player:db79ce6ad35451c938fbe2995dabd37,T1,oe:team:ce499dea30cfce118f4fe85da0227e8,1.0,Lulu,Senna,Poppy,Akali,Ziggs,Mel,,,,,,1416,1,0,0,15,17,5,0.0,0.0,0.0,0.0,1.0,0.0,1.0,0.0,0.7203,0.9322,,,,,,,,,,,,,,,,,,,,,0.0,0.0,,,,,,,,,,0.0,0.0,6648,281.6949,0.0876201,352.4576,168.8983,3716.0,39,1.6525,6,0.2542,17,66,2.7966,7335,4171,176.7373,0.112067,5660,,,16.0,16.0,0,,,0.678,2591.0,2916.0,9.0,2410.0,2532.0,15.0,181.0,384.0,-6.0,0.0,1.0,0.0,0.0,0.0,1.0,4183.0,4826.0,13.0,3478.0,2963.0,18.0,705.0,1863.0,-5.0,0.0,5.0,0.0,0.0,0.0,2.0,5693.0,6064.0,15.0,4764.0,4836.0,21.0,929.0,1228.0,-6.0,0.0,7.0,0.0,0.0,1.0,3.0,,,,,,,,,,,,,,,
LOLTMNT01_415103,complete,,MSI,2026,,0,2026-07-01 10:00:43,3,16.13,100,Blue,team,,,Team Liquid,oe:team:8eb884e168f28402ce685bedebb5250,0.0,,Camille,Orianna,Annie,Kalista,Nautilus,Naafiri,Renekton,Galio,Xayah,Rakan,1416,0,5,17,7,5,17,1.0,0.0,0.0,0.0,0.0,,,,0.2119,0.9322,0.0,1.0,2.0,1.0,2.0,0.0,0.0,0.0,0.0,1.0,0.0,,0.0,0.0,0.0,0.0,1.0,0.0,3.0,0.0,0.0,1.0,0.0,0.0,0.0,1.0,8.0,0.0,0.0,10.0,34.0,0.0,1.0,56782,2406.0169,,3818.7712,3295.8898,8300.0,68,2.8814,32,1.3559,27,184,7.7966,39329,23508,996.1017,,38590,-0.129151,-3.8,,647.0,132,,,33.0085,15900.0,19335.0,327.0,18335.0,20970.0,367.0,-2435.0,-1635.0,-40.0,1.0,2.0,3.0,3.0,5.0,1.0,24659.0,30975.0,502.0,29866.0,33465.0,553.0,-5207.0,-2490.0,-51.0,3.0,2.0,7.0,7.0,16.0,3.0,34131.0,42611.0,685.0,41585.0,46208.0,768.0,-7454.0,-3597.0,-83.0,4.0,5.0,9.0,9.0,22.0,4.0,,,,,,,,,,,,,,,
LOLTMNT01_415103,complete,,MSI,2026,,0,2026-07-01 10:00:43,3,16.13,200,Red,team,,,T1,oe:team:ce499dea30cfce118f4fe85da0227e8,1.0,,Senna,Poppy,Akali,Ziggs,Mel,Vi,Cassiopeia,Zaahen,Zeri,Lulu,1416,1,17,5,41,17,5,4.0,2.0,1.0,1.0,1.0,,,,0.7203,0.9322,1.0,2.0,1.0,2.0,1.0,0.0,1.0,1.0,0.0,0.0,0.0,,0.0,0.0,1.0,1.0,0.0,3.0,0.0,1.0,1.0,0.0,0.0,0.0,1.0,8.0,1.0,1.0,1.0,34.0,10.0,1.0,0.0,75873,3214.9576,,3569.7881,3036.0593,36408.0,79,3.3475,41,1.7373,30,222,9.4068,53038,37217,1576.9915,,43918,0.129151,3.8,,724.0,182,,,38.3898,18335.0,20970.0,367.0,15900.0,19335.0,327.0,2435.0,1635.0,40.0,3.0,5.0,1.0,1.0,2.0,3.0,29866.0,33465.0,553.0,24659.0,30975.0,502.0,5207.0,2490.0,51.0,7.0,16.0,3.0,3.0,2.0,7.0,41585.0,46208.0,768.0,34131.0,42611.0,685.0,7454.0,3597.0,83.0,9.0,22.0,4.0,4.0,5.0,9.0,,,,,,,,,,,,,,,
LOLTMNT01_415781,complete,,MSI,2026,,0,2026-07-03 03:13:25,1,16.13,1,Blue,top,Zeus,oe:player:98dd15c330fb5abb4508347265a7f76,Hanwha Life Esports,oe:team:3a1d18f46bcb3716ebcfcf4ef068934,0.0,Jayce,Orianna,Vi,Nautilus,Bard,Yorick,,,,,,1584,1,1,2,6,12,4,0.0,0.0,0.0,0.0,0.0,0.0,0.0,0.0,0.4545,0.6061,,,,,,,,,,,,,,,,,,,,,0.0,0.0,,,,,,,,,,1.0,0.0,22655,858.1439,0.243985,609.8864,428.5227,14952.0,10,0.3788,7,0.2652,1,27,1.0227,11213,7706,291.8939,0.200453,10375,,,249.0,225.0,24,,,9.4318,4049.0,5215.0,98.0,3313.0,4831.0,87.0,736.0,384.0,11.0,1.0,0.0,0.0,0.0,1.0,1.0,6126.0,8714.0,149.0,4690.0,7945.0,122.0,1436.0,769.0,27.0,1.0,0.0,1.0,0.0,2.0,1.0,8531.0,11672.0,200.0,5997.0,10062.0,154.0,2534.0,1610.0,46.0,1.0,2.0,1.0,0.0,3.0,2.0,10579.0,14611.0,240.0,7887.0,12948.0,191.0,2692.0,1663.0,49.0,1.0,4.0,2.0,1.0,3.0,2.0
LOLTMNT01_415781,complete,,MSI,2026,,0,2026-07-03 03:13:25,1,16.13,2,Blue,jng,Kanavi,oe:player:41deab55354f57a94135989133f9968,Hanwha Life Esports,oe:team:3a1d18f46bcb3716ebcfcf4ef068934,0.0,Skarner,Orianna,Vi,Nautilus,Bard,Yorick,,,,,,1584,1,3,1,4,12,4,0.0,0.0,0.0,0.0,0.0,0.0,0.0,0.0,0.4545,0.6061,,,,,,,,,,,,,,,,,,,,,1.0,0.0,,,,,,,,,,0.0,0.0,12146,460.0758,0.130808,820.1136,1446.9318,7180.0,7,0.2652,10,0.3788,7,44,1.6667,10394,6887,260.8712,0.179148,8175,,,179.0,16.0,163,,,6.7803,3493.0,3988.0,75.0,3616.0,4647.0,83.0,-123.0,-659.0,-8.0,1.0,0.0,1.0,0.0,1.0,0.0,5555.0,6955.0,128.0,5759.0,7286.0,127.0,-204.0,-331.0,1.0,1.0,0.0,1.0,1.0,1.0,0.0,7727.0,9151.0,150.0,7334.0,9665.0,162.0,393.0,-514.0,-12.0,2.0,1.0,1.0,1.0,2.0,1.0,9623.0,11638.0,177.0,9077.0,11917.0,196.0,546.0,-279.0,-19.0,2.0,3.0,1.0,1.0,3.0,1.0
LOLTMNT01_415781,complete,,MSI,2026,,0,2026-07-03 03:13:25,1,16.13,3,Blue,mid,Zeka,oe:player:f9cd2ef9afea5cda0eb3263a025cec1,Hanwha Life Esports,oe:team:3a1d18f46bcb3716ebcfcf4ef068934,0.0,Cassiopeia,Orianna,Vi,Nautilus,Bard,Yorick,,,,,,1584,1,5,0,3,12,4,0.0,0.0,0.0,0.0,1.0,1.0,0.0,0.0,0.4545,0.6061,,,,,,,,,,,,,,,,,,,,,0.0,0.0,,,,,,,,,,1.0,0.0,27798,1052.9545,0.299373,570.5303,312.3864,4453.0,10,0.3788,5,0.1894,2,24,0.9091,12365,8858,335.5303,0.230419,10975,,,257.0,242.0,15,,,9.7348,4259.0,5165.0,102.0,3078.0,4483.0,74.0,1181.0,682.0,28.0,1.0,1.0,0.0,0.0,1.0,2.0,6225.0,8162.0,167.0,4384.0,6728.0,110.0,1841.0,1434.0,57.0,1.0,1.0,0.0,0.0,1.0,3.0,8880.0,10781.0,211.0,7569.0,10765.0,194.0,1311.0,16.0,17.0,2.0,1.0,0.0,1.0,1.0,3.0,11159.0,15215.0,249.0,9490.0,13412.0,242.0,1669.0,1803.0,7.0,4.0,1.0,0.0,1.0,2.0,4.0
LOLTMNT01_415781,complete,,MSI,2026,,0,2026-07-03 03:13:25,1,16.13,4,Blue,bot,Gumayusi,oe:player:c7319736816efe935787b4381c6f321,Hanwha Life Esports,oe:team:3a1d18f46bcb3716ebcfcf4ef068934,0.0,Ziggs,Orianna,Vi,Nautilus,Bard,Yorick,,,,,,1584,1,3,0,4,12,4,0.0,0.0,0.0,0.0,0.0,0.0,0.0,0.0,0.4545,0.6061,,,,,,,,,,,,,,,,,,,,,0.0,0.0,,,,,,,,,,1.0,0.0,27020,1023.4848,0.290994,432.5379,221.3636,24721.0,17,0.6439,5,0.1894,9,36,1.3636,14373,10866,411.5909,0.282652,12275,,,275.0,271.0,4,,,10.4167,4111.0,4456.0,106.0,3523.0,4232.0,99.0,588.0,224.0,7.0,0.0,0.0,0.0,0.0,0.0,0.0,7544.0,7528.0,167.0,5610.0,6868.0,157.0,1934.0,660.0,10.0,1.0,0.0,0.0,0.0,0.0,0.0,10255.0,9703.0,212.0,7882.0,10125.0,229.0,2373.0,-422.0,-17.0,1.0,2.0,0.0,0.0,1.0,0.0,13191.0,12652.0,263.0,10109.0,12558.0,284.0,3082.0,94.0,-21.0,2.0,3.0,0.0,0.0,2.0,0.0
LOLTMNT01_415781,complete,,MSI,2026,,0,2026-07-03 03:13:25,1,16.13,5,Blue,sup,Delight,oe:player:051ca2e31ba25123961b3df95fdef4c,Hanwha Life Esports,oe:team:3a1d18f46bcb3716ebcfcf4ef068934,0.0,Shen,Orianna,Vi,Nautilus,Bard,Yorick,,,,,,1584,1,0,1,7,12,4,0.0,0.0,0.0,0.0,1.0,0.0,1.0,0.0,0.4545,0.6061,,,,,,,,,,,,,,,,,,,,,0.0,0.0,,,,,,,,,,0.0,0.0,3235,122.5379,0.0348396,354.7348,448.8258,400.0,47,1.7803,20,0.7576,17,124,4.697,7633,4126,156.2879,0.107328,6550,,,47.0,47.0,0,,,1.7803,2643.0,2430.0,22.0,2581.0,2042.0,17.0,62.0,388.0,5.0,0.0,2.0,0.0,1.0,0.0,0.0,4040.0,3307.0,30.0,3773.0,2893.0,21.0,267.0,414.0,9.0,0.0,2.0,0.0,1.0,1.0,0.0,5433.0,3966.0,36.0,4879.0,4470.0,26.0,554.0,-504.0,10.0,0.0,3.0,1.0,1.0,2.0,0.0,6894.0,6836.0,45.0,5970.0,5556.0,26.0,924.0,1280.0,19.0,0.0,5.0,1.0,1.0,3.0,2.0
LOLTMNT01_415781,complete,,MSI,2026,,0,2026-07-03 03:13:25,1,16.13,6,Red,top,Pun,oe:player:6644a7352d32c9c4443017798130b61,Team Secret Whales,oe:team:740de582f50775c516c77ed7b923fd5,1.0,Sion,Poppy,Camille,Rumble,Trundle,Jarvan IV,,,,,,1584,0,1,3,3,4,12,0.0,0.0,0.0,0.0,0.0,0.0,0.0,0.0,0.1515,0.6061,,,,,,,,,,,,,,,,,,,,,0.0,0.0,,,,,,,,,,0.0,1.0,10526,398.7121,0.229941,1388.9015,2109.8106,0.0,13,0.4924,5,0.1894,5,32,1.2121,8087,4580,173.4848,0.174251,8275,,,193.0,193.0,0,,,7.3106,3313.0,4831.0,87.0,4049.0,5215.0,98.0,-736.0,-384.0,-11.0,0.0,1.0,1.0,1.0,0.0,0.0,4690.0,7945.0,122.0,6126.0,8714.0,149.0,-1436.0,-769.0,-27.0,0.0,2.0,1.0,1.0,0.0,1.0,5997.0,10062.0,154.0,8531.0,11672.0,200.0,-2534.0,-1610.0,-46.0,0.0,3.0,2.0,1.0,2.0,1.0,7887.0,12948.0,191.0,10579.0,14611.0,240.0,-2692.0,-1663.0,-49.0,1.0,3.0,2.0,1.0,4.0,2.0
LOLTMNT01_415781,complete,,MSI,2026,,0,2026-07-03 03:13:25,1,16.13,7,Red,jng,Hizto,oe:player:043e89cd3b06bc1a0555024d475c9d2,Team Secret Whales,oe:team:740de582f50775c516c77ed7b923fd5,1.0,Lee Sin,Poppy,Camille,Rumble,Trundle,Jarvan IV,,,,,,1584,0,1,1,3,4,12,0.0,0.0,0.0,0.0,0.0,0.0,0.0,0.0,0.1515,0.6061,,,,,,,,,,,,,,,,,,,,,0.0,1.0,,,,,,,,,,0.0,0.0,7125,269.8864,0.155646,1107.0833,749.1288,0.0,17,0.6439,6,0.2273,9,40,1.5152,9264,5757,218.0682,0.21903,8800,,,197.0,22.0,175,,,7.4621,3616.0,4647.0,83.0,3493.0,3988.0,75.0,123.0,659.0,8.0,0.0,1.0,0.0,1.0,0.0,1.0,5759.0,7286.0,127.0,5555.0,6955.0,128.0,204.0,331.0,-1.0,1.0,1.0,0.0,1.0,0.0,1.0,7334.0,9665.0,162.0,7727.0,9151.0,150.0,-393.0,514.0,12.0,1.0,2.0,1.0,2.0,1.0,1.0,9077.0,11917.0,196.0,9623.0,11638.0,177.0,-546.0,279.0,19.0,1.0,3.0,1.0,2.0,3.0,1.0
LOLTMNT01_415781,complete,,MSI,2026,,0,2026-07-03 03:13:25,1,16.13,8,Red,mid,Dire,oe:player:b7a3b6176406a92dd089fe2f82a1d3f,Team Secret Whales,oe:team:740de582f50775c516c77ed7b923fd5,1.0,Ryze,Poppy,Camille,Rumble,Trundle,Jarvan IV,,,,,,1584,0,1,5,2,4,12,0.0,0.0,0.0,0.0,0.0,0.0,0.0,1.0,0.1515,0.6061,,,,,,,,,,,,,,,,,,,,,0.0,0.0,,,,,,,,,,0.0,1.0,9871,373.9015,0.215632,742.6136,372.4621,5177.0,12,0.4545,1,0.0379,6,21,0.7955,9870,6363,241.0227,0.242086,9650,,,256.0,256.0,0,,,9.697,3078.0,4483.0,74.0,4259.0,5165.0,102.0,-1181.0,-682.0,-28.0,0.0,1.0,2.0,1.0,1.0,0.0,4384.0,6728.0,110.0,6225.0,8162.0,167.0,-1841.0,-1434.0,-57.0,0.0,1.0,3.0,1.0,1.0,0.0,7569.0,10765.0,194.0,8880.0,10781.0,211.0,-1311.0,-16.0,-17.0,1.0,1.0,3.0,2.0,1.0,0.0,9490.0,13412.0,242.0,11159.0,15215.0,249.0,-1669.0,-1803.0,-7.0,1.0,2.0,4.0,4.0,1.0,0.0
LOLTMNT01_415781,complete,,MSI,2026,,0,2026-07-03 03:13:25,1,16.13,9,Red,bot,Eddie,oe:player:e5f6c83e6e97c74fc9e9760fc8972ae,Team Secret Whales,oe:team:740de582f50775c516c77ed7b923fd5,1.0,Ezreal,Poppy,Camille,Rumble,Trundle,Jarvan IV,,,,,,1584,0,0,0,2,4,12,0.0,0.0,0.0,0.0,0.0,0.0,0.0,0.0,0.1515,0.6061,,,,,,,,,,,,,,,,,,,,,0.0,0.0,,,,,,,,,,0.0,1.0,15659,593.1439,0.342071,522.8409,156.6667,0.0,8,0.303,7,0.2652,4,28,1.0606,10375,6868,260.1515,0.261299,9333,,,289.0,289.0,0,,,10.947,3523.0,4232.0,99.0,4111.0,4456.0,106.0,-588.0,-224.0,-7.0,0.0,0.0,0.0,0.0,0.0,0.0,5610.0,6868.0,157.0,7544.0,7528.0,167.0,-1934.0,-660.0,-10.0,0.0,0.0,0.0,1.0,0.0,0.0,7882.0,10125.0,229.0,10255.0,9703.0,212.0,-2373.0,422.0,17.0,0.0,1.0,0.0,1.0,2.0,0.0,10109.0,12558.0,284.0,13191.0,12652.0,263.0,-3082.0,-94.0,21.0,0.0,2.0,0.0,2.0,3.0,0.0
LOLTMNT01_415781,complete,,MSI,2026,,0,2026-07-03 03:13:25,1,16.13,10,Red,sup,Bie,oe:player:1f7d70f56b608b3137df2493949fdd0,Team Secret Whales,oe:team:740de582f50775c516c77ed7b923fd5,1.0,Rell,Poppy,Camille,Rumble,Trundle,Jarvan IV,,,,,,1584,0,1,3,3,4,12,0.0,0.0,0.0,0.0,0.0,0.0,0.0,0.0,0.1515,0.6061,,,,,,,,,,,,,,,,,,,,,0.0,0.0,,,,,,,,,,0.0,0.0,2596,98.3333,0.0567097,444.2424,474.2424,0.0,57,2.1591,13,0.4924,19,116,4.3939,6223,2716,102.8788,0.103334,5855,,,26.0,26.0,0,,,0.9848,2581.0,2042.0,17.0,2643.0,2430.0,22.0,-62.0,-388.0,-5.0,1.0,0.0,0.0,0.0,2.0,0.0,3773.0,2893.0,21.0,4040.0,3307.0,30.0,-267.0,-414.0,-9.0,1.0,1.0,0.0,0.0,2.0,0.0,4879.0,4470.0,26.0,5433.0,3966.0,36.0,-554.0,504.0,-10.0,1.0,2.0,0.0,0.0,3.0,1.0,5970.0,5556.0,26.0,6894.0,6836.0,45.0,-924.0,-1280.0,-19.0,1.0,3.0,2.0,0.0,5.0,1.0
LOLTMNT01_415781,complete,,MSI,2026,,0,2026-07-03 03:13:25,1,16.13,100,Blue,team,,,Hanwha Life Esports,oe:team:3a1d18f46bcb3716ebcfcf4ef068934,0.0,,Orianna,Vi,Nautilus,Bard,Yorick,Jayce,Ziggs,Cassiopeia,Skarner,Shen,1584,1,12,4,24,12,4,0.0,0.0,0.0,0.0,1.0,,,,0.4545,0.6061,0.0,2.0,1.0,2.0,1.0,1.0,0.0,0.0,1.0,0.0,0.0,,0.0,0.0,1.0,1.0,0.0,3.0,0.0,1.0,1.0,0.0,0.0,0.0,1.0,11.0,1.0,1.0,1.0,45.0,6.0,3.0,0.0,92854,3517.197,,2787.803,2858.0303,51706.0,91,3.447,47,1.7803,36,255,9.6591,55978,38443,1456.1742,,48350,0.142628,4.2,,801.0,206,,,38.1439,18555.0,21254.0,403.0,16111.0,20235.0,360.0,2444.0,1019.0,43.0,3.0,3.0,1.0,1.0,3.0,3.0,29490.0,34666.0,641.0,24216.0,31720.0,537.0,5274.0,2946.0,104.0,4.0,3.0,2.0,2.0,5.0,4.0,40826.0,45273.0,809.0,33661.0,45087.0,765.0,7165.0,186.0,44.0,6.0,9.0,3.0,3.0,9.0,6.0,51446.0,60952.0,974.0,42533.0,56391.0,939.0,8913.0,4561.0,35.0,9.0,16.0,4.0,4.0,13.0,9.0
LOLTMNT01_415781,complete,,MSI,2026,,0,2026-07-03 03:13:25,1,16.13,200,Red,team,,,Team Secret Whales,oe:team:740de582f50775c516c77ed7b923fd5,1.0,,Poppy,Camille,Rumble,Trundle,Jarvan IV,Lee Sin,Ezreal,Ryze,Rell,Sion,1584,0,4,12,13,4,12,0.0,0.0,0.0,0.0,0.0,,,,0.1515,0.6061,1.0,1.0,2.0,1.0,2.0,0.0,0.0,0.0,0.0,1.0,0.0,,0.0,0.0,0.0,0.0,1.0,0.0,3.0,0.0,0.0,1.0,0.0,0.0,0.0,1.0,11.0,0.0,0.0,6.0,45.0,0.0,3.0,45777,1733.9773,,4205.6818,3862.3106,5177.0,107,4.053,32,1.2121,43,237,8.9773,43819,26284,995.6061,,41913,-0.142628,-4.2,,786.0,175,,,36.4015,16111.0,20235.0,360.0,18555.0,21254.0,403.0,-2444.0,-1019.0,-43.0,1.0,3.0,3.0,3.0,3.0,1.0,24216.0,31720.0,537.0,29490.0,34666.0,641.0,-5274.0,-2946.0,-104.0,2.0,5.0,4.0,4.0,3.0,2.0,33661.0,45087.0,765.0,40826.0,45273.0,809.0,-7165.0,-186.0,-44.0,3.0,9.0,6.0,6.0,9.0,3.0,42533.0,56391.0,939.0,51446.0,60952.0,974.0,-8913.0,-4561.0,-35.0,4.0,13.0,9.0,9.0,16.0,4.0
LOLTMNT01_416741,complete,,MSI,2026,,0,2026-07-03 03:59:18,2,16.13,1,Blue,top,Zeus,oe:player:98dd15c330fb5abb4508347265a7f76,Hanwha Life Esports,oe:team:3a1d18f46bcb3716ebcfcf4ef068934,1.0,Ambessa,Varus,Poppy,Nautilus,Renekton,Jax,,,,,,1694,1,1,4,7,22,17,0.0,0.0,0.0,0.0,1.0,0.0,1.0,0.0,0.7792,1.3813,,,,,,,,,,,,,,,,,,,,,0.0,0.0,,,,,,,,,,1.0,0.0,21471,760.4841,0.205612,918.9847,1177.2609,7464.0,13,0.4604,4,0.1417,3,38,1.3459,10852,7121,252.2196,0.164096,10075,,,225.0,197.0,28,,,7.9693,3791.0,5065.0,80.0,3600.0,4399.0,79.0,191.0,666.0,1.0,0.0,3.0,1.0,0.0,2.0,3.0,5978.0,8742.0,138.0,5440.0,7512.0,114.0,538.0,1230.0,24.0,1.0,3.0,1.0,1.0,2.0,4.0,8048.0,11347.0,169.0,9267.0,11030.0,137.0,-1219.0,317.0,32.0,1.0,5.0,2.0,7.0,2.0,5.0,9312.0,13093.0,199.0,11232.0,13454.0,166.0,-1920.0,-361.0,33.0,1.0,5.0,4.0,9.0,3.0,5.0
LOLTMNT01_416741,complete,,MSI,2026,,0,2026-07-03 03:59:18,2,16.13,2,Blue,jng,Kanavi,oe:player:41deab55354f57a94135989133f9968,Hanwha Life Esports,oe:team:3a1d18f46bcb3716ebcfcf4ef068934,1.0,Qiyana,Varus,Poppy,Nautilus,Renekton,Jax,,,,,,1694,1,5,4,6,22,17,1.0,0.0,0.0,0.0,0.0,0.0,0.0,0.0,0.7792,1.3813,,,,,,,,,,,,,,,,,,,,,0.0,0.0,,,,,,,,,,0.0,0.0,19899,704.8052,0.190558,884.2739,476.954,10140.0,6,0.2125,10,0.3542,5,48,1.7001,14467,10736,380.2597,0.247404,12675,,,228.0,14.0,214,,,8.0756,4538.0,4051.0,80.0,3996.0,4424.0,83.0,542.0,-373.0,-3.0,1.0,2.0,0.0,1.0,1.0,1.0,6766.0,6842.0,122.0,6129.0,6874.0,125.0,637.0,-32.0,-3.0,1.0,4.0,1.0,2.0,1.0,1.0,9396.0,9543.0,159.0,8368.0,9416.0,155.0,1028.0,127.0,4.0,2.0,4.0,3.0,3.0,6.0,2.0,12231.0,13184.0,208.0,10011.0,11087.0,172.0,2220.0,2097.0,36.0,3.0,5.0,4.0,4.0,8.0,4.0
LOLTMNT01_416741,complete,,MSI,2026,,0,2026-07-03 03:59:18,2,16.13,3,Blue,mid,Zeka,oe:player:f9cd2ef9afea5cda0eb3263a025cec1,Hanwha Life Esports,oe:team:3a1d18f46bcb3716ebcfcf4ef068934,1.0,Ahri,Varus,Poppy,Nautilus,Renekton,Jax,,,,,,1694,1,6,2,6,22,17,0.0,0.0,0.0,0.0,0.0,0.0,0.0,0.0,0.7792,1.3813,,,,,,,,,,,,,,,,,,,,,0.0,0.0,,,,,,,,,,0.0,0.0,25580,906.0213,0.244961,422.3731,189.0673,14332.0,9,0.3188,5,0.1771,7,38,1.3459,13041,9310,329.7521,0.214541,11175,,,243.0,243.0,0,,,8.6068,3927.0,4654.0,86.0,3594.0,4884.0,84.0,333.0,-230.0,2.0,2.0,2.0,1.0,1.0,1.0,1.0,6086.0,7586.0,146.0,5112.0,6787.0,126.0,974.0,799.0,20.0,2.0,2.0,1.0,1.0,1.0,2.0,8615.0,10106.0,192.0,7540.0,9924.0,174.0,1075.0,182.0,18.0,2.0,3.0,2.0,2.0,5.0,3.0,11302.0,12804.0,230.0,8874.0,11725.0,204.0,2428.0,1079.0,26.0,4.0,5.0,2.0,2.0,6.0,4.0
LOLTMNT01_416741,complete,,MSI,2026,,0,2026-07-03 03:59:18,2,16.13,4,Blue,bot,Gumayusi,oe:player:c7319736816efe935787b4381c6f321,Hanwha Life Esports,oe:team:3a1d18f46bcb3716ebcfcf4ef068934,1.0,Mel,Varus,Poppy,Nautilus,Renekton,Jax,,,,,,1694,1,3,2,6,22,17,0.0,0.0,0.0,0.0,0.0,0.0,0.0,0.0,0.7792,1.3813,,,,,,,,,,,,,,,,,,,,,0.0,0.0,,,,,,,,,,0.0,0.0,19239,681.4286,0.184237,384.6517,250.7674,7373.0,17,0.6021,6,0.2125,6,34,1.2043,13122,9391,332.621,0.216408,11250,,,271.0,269.0,2,,,9.5986,3924.0,4412.0,104.0,3530.0,4323.0,98.0,394.0,89.0,6.0,0.0,0.0,0.0,0.0,0.0,0.0,6947.0,7464.0,164.0,5460.0,6781.0,142.0,1487.0,683.0,22.0,1.0,1.0,0.0,0.0,1.0,0.0,9111.0,9507.0,203.0,7618.0,9549.0,185.0,1493.0,-42.0,18.0,2.0,1.0,2.0,0.0,6.0,0.0,11708.0,12199.0,248.0,9550.0,11986.0,231.0,2158.0,213.0,17.0,3.0,4.0,2.0,0.0,8.0,1.0
LOLTMNT01_416741,complete,,MSI,2026,,0,2026-07-03 03:59:18,2,16.13,5,Blue,sup,Delight,oe:player:051ca2e31ba25123961b3df95fdef4c,Hanwha Life Esports,oe:team:3a1d18f46bcb3716ebcfcf4ef068934,1.0,Camille,Varus,Poppy,Nautilus,Renekton,Jax,,,,,,1694,1,7,5,13,22,17,0.0,0.0,0.0,0.0,1.0,1.0,0.0,0.0,0.7792,1.3813,,,,,,,,,,,,,,,,,,,,,0.0,0.0,,,,,,,,,,0.0,0.0,18236,645.9032,0.174633,891.1098,693.9669,1587.0,53,1.8772,20,0.7084,17,131,4.6399,10568,6837,242.1606,0.157551,10685,,,41.0,41.0,0,,,1.4522,3806.0,2670.0,17.0,2770.0,2050.0,12.0,1036.0,620.0,5.0,3.0,3.0,1.0,1.0,0.0,1.0,5454.0,3205.0,20.0,3968.0,3018.0,20.0,1486.0,187.0,0.0,4.0,5.0,2.0,1.0,1.0,2.0,7391.0,5149.0,26.0,5219.0,5242.0,21.0,2172.0,-93.0,5.0,6.0,6.0,4.0,1.0,6.0,3.0,9322.0,6950.0,35.0,6454.0,7117.0,31.0,2868.0,-167.0,4.0,7.0,9.0,4.0,1.0,7.0,4.0
LOLTMNT01_416741,complete,,MSI,2026,,0,2026-07-03 03:59:18,2,16.13,6,Red,top,Pun,oe:player:6644a7352d32c9c4443017798130b61,Team Secret Whales,oe:team:740de582f50775c516c77ed7b923fd5,0.0,Volibear,Rumble,Gnar,Orianna,K'Sante,Kennen,,,,,,1694,0,9,6,3,17,22,1.0,0.0,0.0,0.0,0.0,0.0,0.0,1.0,0.6021,1.3813,,,,,,,,,,,,,,,,,,,,,0.0,0.0,,,,,,,,,,0.0,1.0,26644,943.7072,0.373009,1750.2361,2318.111,2497.0,10,0.3542,7,0.2479,5,36,1.2751,11953,8222,291.2161,0.261384,12075,,,179.0,179.0,0,,,6.34,3600.0,4399.0,79.0,3791.0,5065.0,80.0,-191.0,-666.0,-1.0,0.0,2.0,3.0,0.0,3.0,1.0,5440.0,7512.0,114.0,5978.0,8742.0,138.0,-538.0,-1230.0,-24.0,1.0,2.0,4.0,1.0,3.0,1.0,9267.0,11030.0,137.0,8048.0,11347.0,169.0,1219.0,-317.0,-32.0,7.0,2.0,5.0,1.0,5.0,2.0,11232.0,13454.0,166.0,9312.0,13093.0,199.0,1920.0,361.0,-33.0,9.0,3.0,5.0,1.0,5.0,4.0
LOLTMNT01_416741,complete,,MSI,2026,,0,2026-07-03 03:59:18,2,16.13,7,Red,jng,Hizto,oe:player:043e89cd3b06bc1a0555024d475c9d2,Team Secret Whales,oe:team:740de582f50775c516c77ed7b923fd5,0.0,Jarvan IV,Rumble,Gnar,Orianna,K'Sante,Kennen,,,,,,1694,0,5,5,8,17,22,0.0,0.0,0.0,0.0,0.0,0.0,0.0,0.0,0.6021,1.3813,,,,,,,,,,,,,,,,,,,,,0.0,0.0,,,,,,,,,,0.0,0.0,10706,379.1972,0.149881,905.6671,809.4333,0.0,10,0.3542,7,0.2479,8,46,1.6293,11099,7368,260.9681,0.234234,10850,,,182.0,23.0,159,,,6.4463,3996.0,4424.0,83.0,4538.0,4051.0,80.0,-542.0,373.0,3.0,1.0,1.0,1.0,1.0,2.0,0.0,6129.0,6874.0,125.0,6766.0,6842.0,122.0,-637.0,32.0,3.0,2.0,1.0,1.0,1.0,4.0,1.0,8368.0,9416.0,155.0,9396.0,9543.0,159.0,-1028.0,-127.0,-4.0,3.0,6.0,2.0,2.0,4.0,3.0,10011.0,11087.0,172.0,12231.0,13184.0,208.0,-2220.0,-2097.0,-36.0,4.0,8.0,4.0,3.0,5.0,4.0
LOLTMNT01_416741,complete,,MSI,2026,,0,2026-07-03 03:59:18,2,16.13,8,Red,mid,Dire,oe:player:b7a3b6176406a92dd089fe2f82a1d3f,Team Secret Whales,oe:team:740de582f50775c516c77ed7b923fd5,0.0,Aurora,Rumble,Gnar,Orianna,K'Sante,Kennen,,,,,,1694,0,2,5,6,17,22,0.0,0.0,0.0,0.0,0.0,0.0,0.0,0.0,0.6021,1.3813,,,,,,,,,,,,,,,,,,,,,0.0,0.0,,,,,,,,,,0.0,0.0,13563,480.3896,0.189878,749.2208,288.6305,3390.0,8,0.2834,8,0.2834,5,30,1.0626,9362,5631,199.4451,0.179011,9425,,,209.0,209.0,0,,,7.4026,3594.0,4884.0,84.0,3927.0,4654.0,86.0,-333.0,230.0,-2.0,1.0,1.0,1.0,2.0,2.0,1.0,5112.0,6787.0,126.0,6086.0,7586.0,146.0,-974.0,-799.0,-20.0,1.0,1.0,2.0,2.0,2.0,1.0,7540.0,9924.0,174.0,8615.0,10106.0,192.0,-1075.0,-182.0,-18.0,2.0,5.0,3.0,2.0,3.0,2.0,8874.0,11725.0,204.0,11302.0,12804.0,230.0,-2428.0,-1079.0,-26.0,2.0,6.0,4.0,4.0,5.0,2.0
LOLTMNT01_416741,complete,,MSI,2026,,0,2026-07-03 03:59:18,2,16.13,9,Red,bot,Eddie,oe:player:e5f6c83e6e97c74fc9e9760fc8972ae,Team Secret Whales,oe:team:740de582f50775c516c77ed7b923fd5,0.0,Jhin,Rumble,Gnar,Orianna,K'Sante,Kennen,,,,,,1694,0,0,1,9,17,22,0.0,0.0,0.0,0.0,0.0,0.0,0.0,0.0,0.6021,1.3813,,,,,,,,,,,,,,,,,,,,,0.0,0.0,,,,,,,,,,0.0,0.0,11447,405.4427,0.160255,417.3436,226.7178,2252.0,12,0.425,0,0.0,4,14,0.4959,10532,6801,240.8855,0.216208,9125,,,245.0,245.0,0,,,8.6777,3530.0,4323.0,98.0,3924.0,4412.0,104.0,-394.0,-89.0,-6.0,0.0,0.0,0.0,0.0,0.0,0.0,5460.0,6781.0,142.0,6947.0,7464.0,164.0,-1487.0,-683.0,-22.0,0.0,1.0,0.0,1.0,1.0,0.0,7618.0,9549.0,185.0,9111.0,9507.0,203.0,-1493.0,42.0,-18.0,0.0,6.0,0.0,2.0,1.0,2.0,9550.0,11986.0,231.0,11708.0,12199.0,248.0,-2158.0,-213.0,-17.0,0.0,8.0,1.0,3.0,4.0,2.0
LOLTMNT01_416741,complete,,MSI,2026,,0,2026-07-03 03:59:18,2,16.13,10,Red,sup,Bie,oe:player:1f7d70f56b608b3137df2493949fdd0,Team Secret Whales,oe:team:740de582f50775c516c77ed7b923fd5,0.0,Elise,Rumble,Gnar,Orianna,K'Sante,Kennen,,,,,,1694,0,1,5,7,17,22,0.0,0.0,0.0,0.0,0.0,0.0,0.0,0.0,0.6021,1.3813,,,,,,,,,,,,,,,,,,,,,0.0,0.0,,,,,,,,,,0.0,0.0,9070,321.2515,0.126977,532.987,199.0555,0.0,51,1.8064,13,0.4604,18,111,3.9315,7165,3434,121.6293,0.109163,7130,,,35.0,35.0,0,,,1.2397,2770.0,2050.0,12.0,3806.0,2670.0,17.0,-1036.0,-620.0,-5.0,1.0,0.0,1.0,3.0,3.0,1.0,3968.0,3018.0,20.0,5454.0,3205.0,20.0,-1486.0,-187.0,0.0,1.0,1.0,2.0,4.0,5.0,2.0,5219.0,5242.0,21.0,7391.0,5149.0,26.0,-2172.0,93.0,-5.0,1.0,6.0,3.0,6.0,6.0,4.0,6454.0,7117.0,31.0,9322.0,6950.0,35.0,-2868.0,167.0,-4.0,1.0,7.0,4.0,7.0,9.0,4.0
LOLTMNT01_416741,complete,,MSI,2026,,0,2026-07-03 03:59:18,2,16.13,100,Blue,team,,,Hanwha Life Esports,oe:team:3a1d18f46bcb3716ebcfcf4ef068934,1.0,,Varus,Poppy,Nautilus,Renekton,Jax,Camille,Qiyana,Mel,Ambessa,Ahri,1694,1,22,17,38,22,17,1.0,0.0,0.0,0.0,1.0,,,,0.7792,1.3813,1.0,3.0,1.0,3.0,1.0,1.0,0.0,1.0,1.0,0.0,0.0,,0.0,0.0,1.0,1.0,0.0,3.0,0.0,0.0,0.0,0.0,0.0,0.0,1.0,9.0,0.0,1.0,1.0,39.0,9.0,1.0,0.0,104425,3698.6423,,3501.3932,2788.0165,40896.0,98,3.4711,45,1.5939,38,289,10.2361,62050,43393,1536.9421,,55860,0.138898,3.06,,764.0,244,,,35.7025,19986.0,20852.0,367.0,17490.0,20080.0,356.0,2496.0,772.0,11.0,6.0,10.0,3.0,3.0,4.0,6.0,31231.0,33839.0,590.0,26109.0,30972.0,527.0,5122.0,2867.0,63.0,9.0,15.0,5.0,5.0,6.0,9.0,42561.0,45652.0,749.0,38012.0,45161.0,672.0,4549.0,491.0,77.0,13.0,19.0,13.0,13.0,25.0,13.0,53875.0,58230.0,920.0,46121.0,55369.0,804.0,7754.0,2861.0,116.0,18.0,28.0,16.0,16.0,32.0,18.0
LOLTMNT01_416741,complete,,MSI,2026,,0,2026-07-03 03:59:18,2,16.13,200,Red,team,,,Team Secret Whales,oe:team:740de582f50775c516c77ed7b923fd5,0.0,,Rumble,Gnar,Orianna,K'Sante,Kennen,Jarvan IV,Elise,Jhin,Aurora,Volibear,1694,0,17,22,33,17,22,1.0,0.0,0.0,0.0,0.0,,,,0.6021,1.3813,0.0,1.0,3.0,1.0,3.0,1.0,0.0,0.0,0.0,0.0,0.0,,0.0,0.0,0.0,0.0,1.0,0.0,3.0,0.0,0.0,0.0,0.0,0.0,0.0,0.0,9.0,0.0,0.0,9.0,39.0,0.0,1.0,71430,2529.9882,,4355.4545,3841.9481,8139.0,91,3.2231,35,1.2397,40,237,8.3943,50111,31454,1114.0732,,48605,-0.138898,-3.06,,691.0,159,,,30.1063,17490.0,20080.0,356.0,19986.0,20852.0,367.0,-2496.0,-772.0,-11.0,3.0,4.0,6.0,6.0,10.0,3.0,26109.0,30972.0,527.0,31231.0,33839.0,590.0,-5122.0,-2867.0,-63.0,5.0,6.0,9.0,9.0,15.0,5.0,38012.0,45161.0,672.0,42561.0,45652.0,749.0,-4549.0,-491.0,-77.0,13.0,25.0,13.0,13.0,19.0,13.0,46121.0,55369.0,804.0,53875.0,58230.0,920.0,-7754.0,-2861.0,-116.0,16.0,32.0,18.0,18.0,28.0,16.0
LOLTMNT01_415791,complete,,MSI,2026,,0,2026-07-03 04:46:43,3,16.13,1,Blue,top,Zeus,oe:player:98dd15c330fb5abb4508347265a7f76,Hanwha Life Esports,oe:team:3a1d18f46bcb3716ebcfcf4ef068934,1.0,Dr. Mundo,Varus,Nautilus,Akali,Xin Zhao,Sylas,,,,,,1804,1,4,1,7,18,9,0.0,0.0,0.0,0.0,1.0,1.0,0.0,0.0,0.5987,0.898,,,,,,,,,,,,,,,,,,,,,0.0,0.0,,,,,,,,,,0.0,0.0,18067,600.898,0.200979,1350.898,1352.694,16409.0,7,0.2328,7,0.2328,2,29,0.9645,13331,9375,311.8071,0.209703,11400,,,257.0,257.0,0,,,8.5477,3932.0,5179.0,84.0,3252.0,4940.0,89.0,680.0,239.0,-5.0,2.0,0.0,1.0,0.0,0.0,3.0,5521.0,8615.0,132.0,4906.0,7808.0,112.0,615.0,807.0,20.0,2.0,0.0,1.0,1.0,0.0,3.0,7678.0,11525.0,178.0,6068.0,9674.0,139.0,1610.0,1851.0,39.0,3.0,0.0,1.0,1.0,0.0,4.0,9667.0,14950.0,222.0,7623.0,12436.0,180.0,2044.0,2514.0,42.0,3.0,1.0,1.0,1.0,1.0,5.0
LOLTMNT01_415791,complete,,MSI,2026,,0,2026-07-03 04:46:43,3,16.13,2,Blue,jng,Kanavi,oe:player:41deab55354f57a94135989133f9968,Hanwha Life Esports,oe:team:3a1d18f46bcb3716ebcfcf4ef068934,1.0,Nocturne,Varus,Nautilus,Akali,Xin Zhao,Sylas,,,,,,1804,1,1,3,12,18,9,0.0,0.0,0.0,0.0,0.0,0.0,0.0,0.0,0.5987,0.898,,,,,,,,,,,,,,,,,,,,,1.0,0.0,,,,,,,,,,1.0,0.0,17135,569.9002,0.190611,1220.9534,607.4169,806.0,7,0.2328,14,0.4656,6,63,2.0953,12178,8222,273.459,0.183913,10900,,,226.0,29.0,197,,,7.5166,3478.0,4019.0,77.0,3858.0,4748.0,81.0,-380.0,-729.0,-4.0,0.0,1.0,0.0,1.0,0.0,0.0,5016.0,6001.0,113.0,6303.0,7235.0,118.0,-1287.0,-1234.0,-5.0,0.0,1.0,1.0,3.0,1.0,0.0,7354.0,9034.0,157.0,8078.0,9726.0,158.0,-724.0,-692.0,-1.0,1.0,2.0,1.0,3.0,1.0,0.0,9286.0,11319.0,177.0,10643.0,12936.0,198.0,-1357.0,-1617.0,-21.0,1.0,7.0,3.0,5.0,2.0,1.0
LOLTMNT01_415791,complete,,MSI,2026,,0,2026-07-03 04:46:43,3,16.13,3,Blue,mid,Zeka,oe:player:f9cd2ef9afea5cda0eb3263a025cec1,Hanwha Life Esports,oe:team:3a1d18f46bcb3716ebcfcf4ef068934,1.0,Viktor,Varus,Nautilus,Akali,Xin Zhao,Sylas,,,,,,1804,1,9,0,4,18,9,2.0,1.0,0.0,0.0,0.0,0.0,0.0,0.0,0.5987,0.898,,,,,,,,,,,,,,,,,,,,,0.0,0.0,,,,,,,,,,0.0,0.0,27582,917.3614,0.306825,366.6851,391.1973,13290.0,13,0.4324,5,0.1663,2,29,0.9645,15250,11294,375.6319,0.252627,14000,,,292.0,279.0,13,,,9.7118,3531.0,5002.0,95.0,3414.0,4769.0,95.0,117.0,233.0,0.0,0.0,0.0,0.0,0.0,0.0,0.0,5544.0,8181.0,158.0,5823.0,7231.0,141.0,-279.0,950.0,17.0,0.0,0.0,0.0,2.0,2.0,0.0,7954.0,10948.0,214.0,7986.0,10056.0,198.0,-32.0,892.0,16.0,0.0,1.0,0.0,2.0,2.0,0.0,11365.0,14304.0,263.0,9415.0,11491.0,220.0,1950.0,2813.0,43.0,4.0,1.0,0.0,3.0,3.0,3.0
LOLTMNT01_415791,complete,,MSI,2026,,0,2026-07-03 04:46:43,3,16.13,4,Blue,bot,Gumayusi,oe:player:c7319736816efe935787b4381c6f321,Hanwha Life Esports,oe:team:3a1d18f46bcb3716ebcfcf4ef068934,1.0,Miss Fortune,Varus,Nautilus,Akali,Xin Zhao,Sylas,,,,,,1804,1,4,4,6,18,9,1.0,0.0,0.0,0.0,0.0,0.0,0.0,0.0,0.5987,0.898,,,,,,,,,,,,,,,,,,,,,0.0,0.0,,,,,,,,,,0.0,0.0,19596,651.7517,0.217988,622.051,524.9002,10801.0,17,0.5654,16,0.5322,6,56,1.8625,15406,11450,380.8204,0.256116,12700,,,331.0,327.0,4,,,11.0089,3715.0,3942.0,90.0,3788.0,4334.0,100.0,-73.0,-392.0,-10.0,1.0,0.0,0.0,0.0,0.0,0.0,5588.0,5730.0,127.0,6085.0,6585.0,145.0,-497.0,-855.0,-18.0,1.0,0.0,3.0,0.0,2.0,0.0,8234.0,9061.0,201.0,8438.0,9299.0,215.0,-204.0,-238.0,-14.0,1.0,0.0,3.0,0.0,2.0,0.0,11064.0,11953.0,274.0,10915.0,12514.0,281.0,149.0,-561.0,-7.0,2.0,1.0,4.0,0.0,4.0,0.0
LOLTMNT01_415791,complete,,MSI,2026,,0,2026-07-03 04:46:43,3,16.13,5,Blue,sup,Delight,oe:player:051ca2e31ba25123961b3df95fdef4c,Hanwha Life Esports,oe:team:3a1d18f46bcb3716ebcfcf4ef068934,1.0,Bard,Varus,Nautilus,Akali,Xin Zhao,Sylas,,,,,,1804,1,0,1,14,18,9,0.0,0.0,0.0,0.0,0.0,0.0,0.0,0.0,0.5987,0.898,,,,,,,,,,,,,,,,,,,,,0.0,0.0,,,,,,,,,,1.0,0.0,7515,249.9446,0.0835975,583.7694,371.6075,1745.0,68,2.2616,11,0.3659,21,134,4.4568,8321,4365,145.1774,0.0976406,7290,,,23.0,23.0,0,,,0.765,2531.0,2425.0,12.0,2424.0,2490.0,15.0,107.0,-65.0,-3.0,0.0,2.0,0.0,0.0,0.0,0.0,3646.0,3046.0,18.0,4203.0,3712.0,20.0,-557.0,-666.0,-2.0,0.0,2.0,1.0,0.0,4.0,0.0,5037.0,4413.0,20.0,5260.0,4710.0,24.0,-223.0,-297.0,-4.0,0.0,4.0,1.0,0.0,4.0,1.0,6405.0,6828.0,20.0,6348.0,6437.0,28.0,57.0,391.0,-8.0,0.0,8.0,1.0,0.0,5.0,1.0
LOLTMNT01_415791,complete,,MSI,2026,,0,2026-07-03 04:46:43,3,16.13,6,Red,top,Pun,oe:player:6644a7352d32c9c4443017798130b61,Team Secret Whales,oe:team:740de582f50775c516c77ed7b923fd5,0.0,Renekton,Rumble,Gnar,Orianna,Vayne,K'Sante,,,,,,1804,0,1,7,1,9,18,0.0,0.0,0.0,0.0,0.0,0.0,0.0,1.0,0.2993,0.898,,,,,,,,,,,,,,,,,,,,,0.0,0.0,,,,,,,,,,0.0,0.0,10989,365.4878,0.134151,1145.0222,754.9224,1567.0,9,0.2993,8,0.2661,5,39,1.2971,9181,5225,173.7805,0.163728,9325,,,220.0,220.0,0,,,7.3171,3252.0,4940.0,89.0,3932.0,5179.0,84.0,-680.0,-239.0,5.0,0.0,0.0,3.0,2.0,0.0,1.0,4906.0,7808.0,112.0,5521.0,8615.0,132.0,-615.0,-807.0,-20.0,1.0,0.0,3.0,2.0,0.0,1.0,6068.0,9674.0,139.0,7678.0,11525.0,178.0,-1610.0,-1851.0,-39.0,1.0,0.0,4.0,3.0,0.0,1.0,7623.0,12436.0,180.0,9667.0,14950.0,222.0,-2044.0,-2514.0,-42.0,1.0,1.0,5.0,3.0,1.0,1.0
LOLTMNT01_415791,complete,,MSI,2026,,0,2026-07-03 04:46:43,3,16.13,7,Red,jng,Hizto,oe:player:043e89cd3b06bc1a0555024d475c9d2,Team Secret Whales,oe:team:740de582f50775c516c77ed7b923fd5,0.0,Naafiri,Rumble,Gnar,Orianna,Vayne,K'Sante,,,,,,1804,0,5,3,2,9,18,0.0,0.0,0.0,0.0,0.0,0.0,0.0,0.0,0.2993,0.898,,,,,,,,,,,,,,,,,,,,,0.0,1.0,,,,,,,,,,0.0,1.0,24783,824.2683,0.302545,943.7361,585.0,3094.0,13,0.4324,3,0.0998,11,42,1.3969,11858,7902,262.816,0.247609,11555,,,222.0,7.0,215,,,7.3836,3858.0,4748.0,81.0,3478.0,4019.0,77.0,380.0,729.0,4.0,1.0,0.0,0.0,0.0,1.0,0.0,6303.0,7235.0,118.0,5016.0,6001.0,113.0,1287.0,1234.0,5.0,3.0,1.0,0.0,0.0,1.0,1.0,8078.0,9726.0,158.0,7354.0,9034.0,157.0,724.0,692.0,1.0,3.0,1.0,0.0,1.0,2.0,1.0,10643.0,12936.0,198.0,9286.0,11319.0,177.0,1357.0,1617.0,21.0,5.0,2.0,1.0,1.0,7.0,3.0
LOLTMNT01_415791,complete,,MSI,2026,,0,2026-07-03 04:46:43,3,16.13,8,Red,mid,Dire,oe:player:b7a3b6176406a92dd089fe2f82a1d3f,Team Secret Whales,oe:team:740de582f50775c516c77ed7b923fd5,0.0,Hwei,Rumble,Gnar,Orianna,Vayne,K'Sante,,,,,,1804,0,3,5,3,9,18,0.0,0.0,0.0,0.0,0.0,0.0,0.0,0.0,0.2993,0.898,,,,,,,,,,,,,,,,,,,,,0.0,0.0,,,,,,,,,,0.0,0.0,20609,685.4435,0.25159,658.9024,285.9645,5960.0,15,0.4989,5,0.1663,7,37,1.2306,10333,6377,212.0953,0.199825,10425,,,232.0,232.0,0,,,7.7162,3414.0,4769.0,95.0,3531.0,5002.0,95.0,-117.0,-233.0,0.0,0.0,0.0,0.0,0.0,0.0,0.0,5823.0,7231.0,141.0,5544.0,8181.0,158.0,279.0,-950.0,-17.0,2.0,2.0,0.0,0.0,0.0,0.0,7986.0,10056.0,198.0,7954.0,10948.0,214.0,32.0,-892.0,-16.0,2.0,2.0,0.0,0.0,1.0,0.0,9415.0,11491.0,220.0,11365.0,14304.0,263.0,-1950.0,-2813.0,-43.0,3.0,3.0,3.0,4.0,1.0,0.0
LOLTMNT01_415791,complete,,MSI,2026,,0,2026-07-03 04:46:43,3,16.13,9,Red,bot,Eddie,oe:player:e5f6c83e6e97c74fc9e9760fc8972ae,Team Secret Whales,oe:team:740de582f50775c516c77ed7b923fd5,0.0,Caitlyn,Rumble,Gnar,Orianna,Vayne,K'Sante,,,,,,1804,0,0,2,4,9,18,0.0,0.0,0.0,0.0,0.0,0.0,0.0,0.0,0.2993,0.898,,,,,,,,,,,,,,,,,,,,,0.0,0.0,,,,,,,,,,0.0,0.0,18911,628.969,0.230861,410.9867,285.0,8448.0,13,0.4324,11,0.3659,5,46,1.5299,12822,8866,294.878,0.277815,11975,,,329.0,323.0,6,,,10.9424,3788.0,4334.0,100.0,3715.0,3942.0,90.0,73.0,392.0,10.0,0.0,0.0,0.0,1.0,0.0,0.0,6085.0,6585.0,145.0,5588.0,5730.0,127.0,497.0,855.0,18.0,0.0,2.0,0.0,1.0,0.0,3.0,8438.0,9299.0,215.0,8234.0,9061.0,201.0,204.0,238.0,14.0,0.0,2.0,0.0,1.0,0.0,3.0,10915.0,12514.0,281.0,11064.0,11953.0,274.0,-149.0,561.0,7.0,0.0,4.0,0.0,2.0,1.0,4.0
LOLTMNT01_415791,complete,,MSI,2026,,0,2026-07-03 04:46:43,3,16.13,10,Red,sup,Bie,oe:player:1f7d70f56b608b3137df2493949fdd0,Team Secret Whales,oe:team:740de582f50775c516c77ed7b923fd5,0.0,Karma,Rumble,Gnar,Orianna,Vayne,K'Sante,,,,,,1804,0,0,1,5,9,18,0.0,0.0,0.0,0.0,0.0,0.0,0.0,0.0,0.2993,0.898,,,,,,,,,,,,,,,,,,,,,0.0,0.0,,,,,,,,,,0.0,1.0,6623,220.2772,0.0808521,256.031,177.2395,597.0,72,2.3947,16,0.5322,21,136,4.5233,7499,3543,117.8381,0.111024,6610,,,36.0,36.0,0,,,1.1973,2424.0,2490.0,15.0,2531.0,2425.0,12.0,-107.0,65.0,3.0,0.0,0.0,0.0,0.0,2.0,0.0,4203.0,3712.0,20.0,3646.0,3046.0,18.0,557.0,666.0,2.0,0.0,4.0,0.0,0.0,2.0,1.0,5260.0,4710.0,24.0,5037.0,4413.0,20.0,223.0,297.0,4.0,0.0,4.0,1.0,0.0,4.0,1.0,6348.0,6437.0,28.0,6405.0,6828.0,20.0,-57.0,-391.0,8.0,0.0,5.0,1.0,0.0,8.0,1.0
LOLTMNT01_415791,complete,,MSI,2026,,0,2026-07-03 04:46:43,3,16.13,100,Blue,team,,,Hanwha Life Esports,oe:team:3a1d18f46bcb3716ebcfcf4ef068934,1.0,,Varus,Nautilus,Akali,Xin Zhao,Sylas,Bard,Miss Fortune,Nocturne,Dr. Mundo,Viktor,1804,1,18,9,43,18,9,3.0,1.0,0.0,0.0,1.0,,,,0.5987,0.898,0.0,1.0,2.0,1.0,2.0,0.0,0.0,0.0,0.0,1.0,0.0,,0.0,0.0,0.0,0.0,1.0,3.0,0.0,1.0,1.0,0.0,0.0,0.0,0.0,9.0,2.0,0.0,1.0,39.0,15.0,2.0,0.0,89895,2989.8559,,4144.357,3247.816,43051.0,112,3.7251,53,1.7627,37,311,10.3437,64486,44707,1486.929,,56290,0.12055,0.62,,915.0,214,,,37.5499,17187.0,20567.0,358.0,16736.0,21281.0,380.0,451.0,-714.0,-22.0,3.0,3.0,1.0,1.0,0.0,3.0,25315.0,31573.0,548.0,27320.0,32571.0,536.0,-2005.0,-998.0,12.0,3.0,3.0,6.0,6.0,9.0,3.0,36257.0,44981.0,770.0,35830.0,43465.0,734.0,427.0,1516.0,36.0,5.0,7.0,6.0,6.0,9.0,5.0,47787.0,59354.0,956.0,44944.0,55814.0,907.0,2843.0,3540.0,49.0,10.0,18.0,9.0,9.0,15.0,10.0
LOLTMNT01_415791,complete,,MSI,2026,,0,2026-07-03 04:46:43,3,16.13,200,Red,team,,,Team Secret Whales,oe:team:740de582f50775c516c77ed7b923fd5,0.0,,Rumble,Gnar,Orianna,Vayne,K'Sante,Caitlyn,Karma,Renekton,Naafiri,Hwei,1804,0,9,18,15,9,18,0.0,0.0,0.0,0.0,0.0,,,,0.2993,0.898,1.0,2.0,1.0,2.0,1.0,0.0,0.0,1.0,1.0,0.0,0.0,,0.0,0.0,1.0,1.0,0.0,0.0,3.0,0.0,0.0,1.0,0.0,0.0,1.0,2.0,9.0,1.0,0.0,15.0,39.0,0.0,2.0,81915,2724.4457,,3414.6785,2088.1264,19666.0,122,4.0576,43,1.4302,49,300,9.9778,51693,31914,1061.4412,,49890,-0.12055,-0.62,,818.0,221,,,34.5565,16736.0,21281.0,380.0,17187.0,20567.0,358.0,-451.0,714.0,22.0,1.0,0.0,3.0,3.0,3.0,1.0,27320.0,32571.0,536.0,25315.0,31573.0,548.0,2005.0,998.0,-12.0,6.0,9.0,3.0,3.0,3.0,6.0,35830.0,43465.0,734.0,36257.0,44981.0,770.0,-427.0,-1516.0,-36.0,6.0,9.0,5.0,5.0,7.0,6.0,44944.0,55814.0,907.0,47787.0,59354.0,956.0,-2843.0,-3540.0,-49.0,9.0,15.0,10.0,10.0,18.0,9.0
LOLTMNT01_415814,complete,,MSI,2026,,0,2026-07-03 05:45:08,1,16.13,1,Blue,top,ZUIAN,oe:player:f52533de1cc92487ab58b973cd2490e,Top Esports,oe:team:fcec508e780bbd1ad493852640f5b36,1.0,Ambessa,Bard,Camille,Anivia,Pantheon,Xin Zhao,,,,,,2045,1,8,1,3,17,8,1.0,0.0,0.0,0.0,0.0,0.0,0.0,0.0,0.4988,0.7335,,,,,,,,,,,,,,,,,,,,,0.0,0.0,,,,,,,,,,0.0,0.0,30411,892.2543,0.340541,740.4205,1233.5941,20753.0,10,0.2934,4,0.1174,2,34,0.9976,17409,12962,380.3032,0.271464,15850,,,326.0,326.0,0,,,9.5648,3519.0,5286.0,93.0,3212.0,4931.0,83.0,307.0,355.0,10.0,0.0,0.0,0.0,0.0,0.0,0.0,6196.0,9308.0,146.0,4612.0,8016.0,124.0,1584.0,1292.0,22.0,1.0,0.0,0.0,0.0,0.0,0.0,8953.0,13526.0,201.0,6636.0,11886.0,184.0,2317.0,1640.0,17.0,3.0,0.0,1.0,0.0,1.0,0.0,10818.0,15435.0,232.0,7962.0,13500.0,200.0,2856.0,1935.0,32.0,3.0,1.0,1.0,0.0,3.0,0.0
LOLTMNT01_415814,complete,,MSI,2026,,0,2026-07-03 05:45:08,1,16.13,2,Blue,jng,Tian,oe:player:0da0eeb199e8fa3ab773cf84f9de9ab,Top Esports,oe:team:fcec508e780bbd1ad493852640f5b36,1.0,Naafiri,Bard,Camille,Anivia,Pantheon,Xin Zhao,,,,,,2045,1,4,0,5,17,8,0.0,0.0,0.0,0.0,0.0,0.0,0.0,0.0,0.4988,0.7335,,,,,,,,,,,,,,,,,,,,,1.0,0.0,,,,,,,,,,1.0,0.0,18575,544.9878,0.208002,563.0611,630.8362,4006.0,11,0.3227,19,0.5575,9,72,2.1125,15739,11292,331.3056,0.236488,11825,,,302.0,37.0,265,,,8.8606,3291.0,3703.0,73.0,4121.0,4642.0,81.0,-830.0,-939.0,-8.0,0.0,0.0,0.0,2.0,0.0,0.0,5286.0,6666.0,121.0,5881.0,7124.0,126.0,-595.0,-458.0,-5.0,0.0,1.0,0.0,2.0,0.0,0.0,7738.0,9655.0,174.0,8204.0,10230.0,168.0,-466.0,-575.0,6.0,0.0,1.0,0.0,3.0,0.0,0.0,10077.0,12401.0,216.0,10226.0,12140.0,199.0,-149.0,261.0,17.0,1.0,1.0,0.0,4.0,1.0,1.0
LOLTMNT01_415814,complete,,MSI,2026,,0,2026-07-03 05:45:08,1,16.13,3,Blue,mid,Creme,oe:player:6e7908512cb309a43388bb464a312a2,Top Esports,oe:team:fcec508e780bbd1ad493852640f5b36,1.0,Cassiopeia,Bard,Camille,Anivia,Pantheon,Xin Zhao,,,,,,2045,1,4,0,6,17,8,1.0,0.0,0.0,0.0,1.0,1.0,0.0,0.0,0.4988,0.7335,,,,,,,,,,,,,,,,,,,,,0.0,0.0,,,,,,,,,,1.0,0.0,16744,491.2665,0.187499,507.2274,328.9878,6991.0,16,0.4694,9,0.2641,4,39,1.1443,14091,9644,282.9535,0.201973,12200,,,294.0,294.0,0,,,8.6259,3793.0,4912.0,87.0,3221.0,4530.0,86.0,572.0,382.0,1.0,1.0,0.0,0.0,0.0,0.0,1.0,5779.0,8048.0,151.0,4765.0,7172.0,139.0,1014.0,876.0,12.0,1.0,0.0,0.0,0.0,0.0,2.0,7644.0,12129.0,190.0,6451.0,9573.0,185.0,1193.0,2556.0,5.0,2.0,0.0,0.0,0.0,0.0,4.0,9173.0,13727.0,222.0,8813.0,11777.0,235.0,360.0,1950.0,-13.0,2.0,1.0,0.0,1.0,1.0,4.0
LOLTMNT01_415814,complete,,MSI,2026,,0,2026-07-03 05:45:08,1,16.13,4,Blue,bot,JackeyLove,oe:player:c54e1090ef1faa736b12493051c4855,Top Esports,oe:team:fcec508e780bbd1ad493852640f5b36,1.0,Varus,Bard,Camille,Anivia,Pantheon,Xin Zhao,,,,,,2045,1,1,4,3,17,8,0.0,0.0,0.0,0.0,0.0,0.0,0.0,0.0,0.4988,0.7335,,,,,,,,,,,,,,,,,,,,,0.0,0.0,,,,,,,,,,0.0,0.0,19850,582.3961,0.222279,492.8509,224.2445,1977.0,16,0.4694,17,0.4988,5,60,1.7604,13587,9140,268.1663,0.191417,13225,,,311.0,311.0,0,,,9.1247,3351.0,3436.0,83.0,3553.0,3418.0,87.0,-202.0,18.0,-4.0,0.0,0.0,1.0,0.0,2.0,0.0,5338.0,5757.0,136.0,5647.0,5867.0,136.0,-309.0,-110.0,0.0,0.0,0.0,1.0,0.0,2.0,0.0,7429.0,8305.0,197.0,7953.0,8380.0,196.0,-524.0,-75.0,1.0,0.0,0.0,1.0,0.0,2.0,0.0,9336.0,10483.0,244.0,10198.0,10595.0,249.0,-862.0,-112.0,-5.0,0.0,1.0,2.0,0.0,4.0,0.0
LOLTMNT01_415814,complete,,MSI,2026,,0,2026-07-03 05:45:08,1,16.13,5,Blue,sup,fengyue,oe:player:b777313deced54da2d2c1aa88f52e50,Top Esports,oe:team:fcec508e780bbd1ad493852640f5b36,1.0,Nautilus,Bard,Camille,Anivia,Pantheon,Xin Zhao,,,,,,2045,1,0,3,11,17,8,0.0,0.0,0.0,0.0,0.0,0.0,0.0,0.0,0.4988,0.7335,,,,,,,,,,,,,,,,,,,,,0.0,0.0,,,,,,,,,,0.0,0.0,3722,109.2029,0.0416788,421.467,670.2396,295.0,76,2.2298,14,0.4108,33,145,4.2543,9158,4711,138.22,0.0986575,8435,,,48.0,48.0,0,,,1.4083,2203.0,2471.0,20.0,2513.0,2809.0,10.0,-310.0,-338.0,10.0,0.0,0.0,1.0,0.0,2.0,0.0,3360.0,3532.0,34.0,3551.0,3570.0,14.0,-191.0,-38.0,20.0,0.0,0.0,1.0,0.0,2.0,0.0,4589.0,5344.0,39.0,4668.0,5428.0,17.0,-79.0,-84.0,22.0,0.0,1.0,1.0,0.0,3.0,1.0,5719.0,6134.0,41.0,5889.0,6249.0,20.0,-170.0,-115.0,21.0,0.0,2.0,2.0,0.0,5.0,1.0
LOLTMNT01_415814,complete,,MSI,2026,,0,2026-07-03 05:45:08,1,16.13,6,Red,top,BrokenBlade,oe:player:84bff3a326833c7c9181c698f676878,G2 Esports,oe:team:7d6673d3a9d00363c6bebc1a630da6e,0.0,Rumble,Orianna,Vi,Jarvan IV,Nocturne,Trundle,,,,,,2045,0,0,2,3,8,17,0.0,0.0,0.0,0.0,0.0,0.0,0.0,0.0,0.2347,0.7335,,,,,,,,,,,,,,,,,,,,,0.0,0.0,,,,,,,,,,0.0,0.0,18180,533.3985,0.27721,658.0049,798.7482,2017.0,15,0.4401,1,0.0293,6,43,1.2616,10820,6373,186.9829,0.176155,9800,,,263.0,259.0,4,,,7.7164,3212.0,4931.0,83.0,3519.0,5286.0,93.0,-307.0,-355.0,-10.0,0.0,0.0,0.0,0.0,0.0,0.0,4612.0,8016.0,124.0,6196.0,9308.0,146.0,-1584.0,-1292.0,-22.0,0.0,0.0,0.0,1.0,0.0,0.0,6636.0,11886.0,184.0,8953.0,13526.0,201.0,-2317.0,-1640.0,-17.0,0.0,1.0,0.0,3.0,0.0,1.0,7962.0,13500.0,200.0,10818.0,15435.0,232.0,-2856.0,-1935.0,-32.0,0.0,3.0,0.0,3.0,1.0,1.0
LOLTMNT01_415814,complete,,MSI,2026,,0,2026-07-03 05:45:08,1,16.13,7,Red,jng,SkewMond,oe:player:ab15060e5225b51592cd04b3aed1e09,G2 Esports,oe:team:7d6673d3a9d00363c6bebc1a630da6e,0.0,Olaf,Orianna,Vi,Jarvan IV,Nocturne,Trundle,,,,,,2045,0,6,3,2,8,17,1.0,0.0,0.0,0.0,0.0,0.0,0.0,0.0,0.2347,0.7335,,,,,,,,,,,,,,,,,,,,,0.0,1.0,,,,,,,,,,0.0,1.0,18635,546.7482,0.284148,738.3667,961.8191,0.0,10,0.2934,16,0.4694,8,66,1.9364,13585,9138,268.1076,0.252587,12700,,,246.0,31.0,215,,,7.2176,4121.0,4642.0,81.0,3291.0,3703.0,73.0,830.0,939.0,8.0,2.0,0.0,0.0,0.0,0.0,0.0,5881.0,7124.0,126.0,5286.0,6666.0,121.0,595.0,458.0,5.0,2.0,0.0,0.0,0.0,1.0,0.0,8204.0,10230.0,168.0,7738.0,9655.0,174.0,466.0,575.0,-6.0,3.0,0.0,0.0,0.0,1.0,0.0,10226.0,12140.0,199.0,10077.0,12401.0,216.0,149.0,-261.0,-17.0,4.0,1.0,1.0,1.0,1.0,0.0
LOLTMNT01_415814,complete,,MSI,2026,,0,2026-07-03 05:45:08,1,16.13,8,Red,mid,Caps,oe:player:55dd587cdc4a278be6a5c37f9e539de,G2 Esports,oe:team:7d6673d3a9d00363c6bebc1a630da6e,0.0,LeBlanc,Orianna,Vi,Jarvan IV,Nocturne,Trundle,,,,,,2045,0,2,6,3,8,17,0.0,0.0,0.0,0.0,0.0,0.0,0.0,1.0,0.2347,0.7335,,,,,,,,,,,,,,,,,,,,,0.0,0.0,,,,,,,,,,0.0,1.0,12542,367.9804,0.191242,680.7139,290.6112,4522.0,7,0.2054,16,0.4694,3,46,1.3496,11969,7522,220.6944,0.207917,11975,,,295.0,295.0,0,,,8.6553,3221.0,4530.0,86.0,3793.0,4912.0,87.0,-572.0,-382.0,-1.0,0.0,0.0,1.0,1.0,0.0,0.0,4765.0,7172.0,139.0,5779.0,8048.0,151.0,-1014.0,-876.0,-12.0,0.0,0.0,2.0,1.0,0.0,0.0,6451.0,9573.0,185.0,7644.0,12129.0,190.0,-1193.0,-2556.0,-5.0,0.0,0.0,4.0,2.0,0.0,0.0,8813.0,11777.0,235.0,9173.0,13727.0,222.0,-360.0,-1950.0,13.0,1.0,1.0,4.0,2.0,1.0,0.0
LOLTMNT01_415814,complete,,MSI,2026,,0,2026-07-03 05:45:08,1,16.13,9,Red,bot,Hans Sama,oe:player:c62a5235ad6bc113a1e64eb0e9aa8c8,G2 Esports,oe:team:7d6673d3a9d00363c6bebc1a630da6e,0.0,Ashe,Orianna,Vi,Jarvan IV,Nocturne,Trundle,,,,,,2045,0,0,2,6,8,17,0.0,0.0,0.0,0.0,0.0,0.0,0.0,0.0,0.2347,0.7335,,,,,,,,,,,,,,,,,,,,,0.0,0.0,,,,,,,,,,0.0,0.0,12491,366.4841,0.190464,440.5379,206.5526,4284.0,18,0.5281,16,0.4694,8,65,1.9071,14152,9705,284.7433,0.268261,13025,,,333.0,329.0,4,,,9.7702,3553.0,3418.0,87.0,3351.0,3436.0,83.0,202.0,-18.0,4.0,0.0,2.0,0.0,0.0,0.0,1.0,5647.0,5867.0,136.0,5338.0,5757.0,136.0,309.0,110.0,0.0,0.0,2.0,0.0,0.0,0.0,1.0,7953.0,8380.0,196.0,7429.0,8305.0,197.0,524.0,75.0,-1.0,0.0,2.0,0.0,0.0,0.0,1.0,10198.0,10595.0,249.0,9336.0,10483.0,244.0,862.0,112.0,5.0,0.0,4.0,0.0,0.0,1.0,2.0
LOLTMNT01_415814,complete,,MSI,2026,,0,2026-07-03 05:45:08,1,16.13,10,Red,sup,Labrov,oe:player:bb6ac5763c6576e104a7a2f59eb4ddf,G2 Esports,oe:team:7d6673d3a9d00363c6bebc1a630da6e,0.0,Braum,Orianna,Vi,Jarvan IV,Nocturne,Trundle,,,,,,2045,0,0,4,8,8,17,0.0,0.0,0.0,0.0,0.0,0.0,0.0,0.0,0.2347,0.7335,,,,,,,,,,,,,,,,,,,,,0.0,0.0,,,,,,,,,,0.0,0.0,3734,109.555,0.0569364,626.0831,645.9462,0.0,66,1.9364,15,0.4401,25,132,3.8729,7887,3440,100.9291,0.0950796,7425,,,24.0,24.0,0,,,0.7042,2513.0,2809.0,10.0,2203.0,2471.0,20.0,310.0,338.0,-10.0,0.0,2.0,0.0,0.0,0.0,1.0,3551.0,3570.0,14.0,3360.0,3532.0,34.0,191.0,38.0,-20.0,0.0,2.0,0.0,0.0,0.0,1.0,4668.0,5428.0,17.0,4589.0,5344.0,39.0,79.0,84.0,-22.0,0.0,3.0,1.0,0.0,1.0,1.0,5889.0,6249.0,20.0,5719.0,6134.0,41.0,170.0,115.0,-21.0,0.0,5.0,1.0,0.0,2.0,2.0
LOLTMNT01_415814,complete,,MSI,2026,,0,2026-07-03 05:45:08,1,16.13,100,Blue,team,,,Top Esports,oe:team:fcec508e780bbd1ad493852640f5b36,1.0,,Bard,Camille,Anivia,Pantheon,Xin Zhao,Varus,Nautilus,Ambessa,Naafiri,Cassiopeia,2045,1,17,8,28,17,8,2.0,0.0,0.0,0.0,1.0,,,,0.4988,0.7335,0.0,3.0,2.0,3.0,2.0,0.0,3.0,0.0,0.0,0.0,0.0,,0.0,0.0,1.0,1.0,0.0,3.0,0.0,1.0,1.0,0.0,0.0,0.0,1.0,11.0,2.0,1.0,1.0,45.0,13.0,2.0,0.0,89302,2620.1076,,2725.0269,3087.9022,34022.0,129,3.7848,63,1.8484,53,350,10.2689,69984,47747,1400.89,,61535,0.113515,1.5,,1016.0,265,,,37.5844,16157.0,19808.0,356.0,16620.0,20330.0,347.0,-463.0,-522.0,9.0,1.0,0.0,2.0,2.0,4.0,1.0,25959.0,33311.0,588.0,24456.0,31749.0,539.0,1503.0,1562.0,49.0,2.0,1.0,2.0,2.0,4.0,2.0,36353.0,48959.0,801.0,33912.0,45497.0,750.0,2441.0,3462.0,51.0,5.0,2.0,3.0,3.0,6.0,5.0,45123.0,58180.0,955.0,43088.0,54261.0,903.0,2035.0,3919.0,52.0,6.0,6.0,5.0,5.0,14.0,6.0
LOLTMNT01_415814,complete,,MSI,2026,,0,2026-07-03 05:45:08,1,16.13,200,Red,team,,,G2 Esports,oe:team:7d6673d3a9d00363c6bebc1a630da6e,0.0,,Orianna,Vi,Jarvan IV,Nocturne,Trundle,Rumble,Ashe,Braum,Olaf,LeBlanc,2045,0,8,17,22,8,17,1.0,0.0,0.0,0.0,0.0,,,,0.2347,0.7335,1.0,2.0,3.0,2.0,3.0,1.0,0.0,1.0,0.0,0.0,0.0,,0.0,0.0,0.0,0.0,1.0,0.0,3.0,0.0,0.0,1.0,0.0,0.0,0.0,2.0,11.0,0.0,0.0,13.0,45.0,0.0,2.0,65582,1924.1663,,3143.7066,2903.6773,10823.0,116,3.4034,64,1.8778,50,352,10.3276,58413,36176,1061.3985,,54925,-0.113515,-1.5,,938.0,223,,,34.0636,16620.0,20330.0,347.0,16157.0,19808.0,356.0,463.0,522.0,-9.0,2.0,4.0,1.0,1.0,0.0,2.0,24456.0,31749.0,539.0,25959.0,33311.0,588.0,-1503.0,-1562.0,-49.0,2.0,4.0,2.0,2.0,1.0,2.0,33912.0,45497.0,750.0,36353.0,48959.0,801.0,-2441.0,-3462.0,-51.0,3.0,6.0,5.0,5.0,2.0,3.0,43088.0,54261.0,903.0,45123.0,58180.0,955.0,-2035.0,-3919.0,-52.0,5.0,14.0,6.0,6.0,6.0,5.0
LOLTMNT01_415841,complete,,MSI,2026,,0,2026-07-03 06:38:10,2,16.13,1,Blue,top,ZUIAN,oe:player:f52533de1cc92487ab58b973cd2490e,Top Esports,oe:team:fcec508e780bbd1ad493852640f5b36,1.0,Renekton,Bard,Camille,Ryze,Poppy,Vi,,,,,,1924,1,1,4,10,27,11,0.0,0.0,0.0,0.0,0.0,0.0,0.0,0.0,0.842,1.185,,,,,,,,,,,,,,,,,,,,,0.0,0.0,,,,,,,,,,0.0,0.0,17658,550.6653,0.156046,1070.1455,1007.2765,5692.0,17,0.5301,3,0.0936,7,45,1.4033,11846,7645,238.4096,0.159455,11175,,,257.0,257.0,0,,,8.0146,3411.0,5224.0,92.0,3162.0,4876.0,76.0,249.0,348.0,16.0,0.0,0.0,0.0,0.0,0.0,0.0,4819.0,7995.0,129.0,4710.0,7831.0,106.0,109.0,164.0,23.0,0.0,1.0,2.0,1.0,0.0,2.0,6845.0,11653.0,168.0,6024.0,10066.0,139.0,821.0,1587.0,29.0,1.0,2.0,2.0,1.0,0.0,3.0,8873.0,15236.0,215.0,7349.0,12126.0,168.0,1524.0,3110.0,47.0,1.0,2.0,3.0,1.0,0.0,3.0
LOLTMNT01_415841,complete,,MSI,2026,,0,2026-07-03 06:38:10,2,16.13,2,Blue,jng,Tian,oe:player:0da0eeb199e8fa3ab773cf84f9de9ab,Top Esports,oe:team:fcec508e780bbd1ad493852640f5b36,1.0,Jarvan IV,Bard,Camille,Ryze,Poppy,Vi,,,,,,1924,1,8,2,16,27,11,1.0,0.0,0.0,0.0,0.0,0.0,0.0,1.0,0.842,1.185,,,,,,,,,,,,,,,,,,,,,2.0,0.0,,,,,,,,,,0.0,0.0,18747,584.6258,0.16567,914.8129,1686.7983,8346.0,11,0.343,10,0.3119,9,67,2.0894,15730,11529,359.5322,0.240461,14425,,,228.0,19.0,209,,,7.1102,3733.0,3840.0,67.0,3063.0,3374.0,60.0,670.0,466.0,7.0,1.0,1.0,1.0,0.0,0.0,0.0,6124.0,6313.0,104.0,4888.0,5363.0,87.0,1236.0,950.0,17.0,3.0,3.0,2.0,1.0,1.0,1.0,8725.0,8951.0,135.0,6631.0,7717.0,128.0,2094.0,1234.0,7.0,5.0,7.0,2.0,1.0,2.0,2.0,11073.0,12061.0,177.0,8538.0,10386.0,168.0,2535.0,1675.0,9.0,5.0,7.0,2.0,1.0,2.0,2.0
LOLTMNT01_415841,complete,,MSI,2026,,0,2026-07-03 06:38:10,2,16.13,3,Blue,mid,Creme,oe:player:6e7908512cb309a43388bb464a312a2,Top Esports,oe:team:fcec508e780bbd1ad493852640f5b36,1.0,Aurora,Bard,Camille,Ryze,Poppy,Vi,,,,,,1924,1,11,0,9,27,11,2.0,0.0,0.0,0.0,0.0,0.0,0.0,0.0,0.842,1.185,,,,,,,,,,,,,,,,,,,,,0.0,0.0,,,,,,,,,,1.0,0.0,31814,992.1206,0.281144,612.7547,342.9418,12725.0,18,0.5613,12,0.3742,8,59,1.8399,15997,11796,367.8586,0.24603,14800,,,257.0,257.0,0,,,8.0146,3863.0,5043.0,98.0,3757.0,4849.0,90.0,106.0,194.0,8.0,1.0,0.0,0.0,1.0,0.0,2.0,6461.0,7628.0,134.0,5920.0,7969.0,147.0,541.0,-341.0,-13.0,3.0,1.0,0.0,2.0,0.0,2.0,9569.0,10688.0,185.0,7390.0,9982.0,182.0,2179.0,706.0,3.0,5.0,5.0,0.0,2.0,1.0,4.0,11792.0,13444.0,225.0,9876.0,14056.0,239.0,1916.0,-612.0,-14.0,5.0,5.0,0.0,3.0,1.0,4.0
LOLTMNT01_415841,complete,,MSI,2026,,0,2026-07-03 06:38:10,2,16.13,4,Blue,bot,JackeyLove,oe:player:c54e1090ef1faa736b12493051c4855,Top Esports,oe:team:fcec508e780bbd1ad493852640f5b36,1.0,Ezreal,Bard,Camille,Ryze,Poppy,Vi,,,,,,1924,1,5,2,10,27,11,1.0,0.0,0.0,0.0,0.0,0.0,0.0,0.0,0.842,1.185,,,,,,,,,,,,,,,,,,,,,0.0,0.0,,,,,,,,,,0.0,0.0,31456,980.9563,0.277981,698.9189,395.8628,12666.0,13,0.4054,11,0.343,4,42,1.3098,15665,11464,357.5052,0.239106,14333,,,296.0,292.0,4,,,9.2308,3413.0,3412.0,86.0,3968.0,3923.0,91.0,-555.0,-511.0,-5.0,0.0,1.0,1.0,2.0,0.0,1.0,5753.0,5667.0,130.0,6725.0,6018.0,135.0,-972.0,-351.0,-5.0,0.0,4.0,1.0,2.0,2.0,2.0,8662.0,8351.0,180.0,9024.0,7749.0,184.0,-362.0,602.0,-4.0,2.0,7.0,1.0,3.0,2.0,3.0,11396.0,11681.0,239.0,11348.0,9776.0,240.0,48.0,1905.0,-1.0,2.0,7.0,1.0,3.0,2.0,3.0
LOLTMNT01_415841,complete,,MSI,2026,,0,2026-07-03 06:38:10,2,16.13,5,Blue,sup,fengyue,oe:player:b777313deced54da2d2c1aa88f52e50,Top Esports,oe:team:fcec508e780bbd1ad493852640f5b36,1.0,Neeko,Bard,Camille,Ryze,Poppy,Vi,,,,,,1924,1,2,3,17,27,11,0.0,0.0,0.0,0.0,0.0,0.0,0.0,0.0,0.842,1.185,,,,,,,,,,,,,,,,,,,,,0.0,0.0,,,,,,,,,,0.0,0.0,13484,420.499,0.11916,530.0208,248.1393,2537.0,70,2.183,22,0.6861,28,146,4.553,9712,5511,171.8607,0.114948,8705,,,40.0,40.0,0,,,1.2474,2829.0,2851.0,16.0,2913.0,3126.0,16.0,-84.0,-275.0,0.0,1.0,0.0,1.0,0.0,3.0,0.0,4268.0,3921.0,18.0,4143.0,4406.0,18.0,125.0,-485.0,0.0,1.0,3.0,1.0,0.0,5.0,0.0,5595.0,5211.0,21.0,5224.0,5785.0,19.0,371.0,-574.0,2.0,1.0,8.0,2.0,0.0,6.0,2.0,7006.0,6356.0,29.0,6341.0,7433.0,21.0,665.0,-1077.0,8.0,1.0,8.0,2.0,0.0,6.0,2.0
LOLTMNT01_415841,complete,,MSI,2026,,0,2026-07-03 06:38:10,2,16.13,6,Red,top,BrokenBlade,oe:player:84bff3a326833c7c9181c698f676878,G2 Esports,oe:team:7d6673d3a9d00363c6bebc1a630da6e,0.0,K'Sante,Orianna,Jayce,Karma,Caitlyn,Lucian,,,,,,1924,0,2,5,1,11,27,0.0,0.0,0.0,0.0,0.0,0.0,0.0,0.0,0.343,1.185,,,,,,,,,,,,,,,,,,,,,0.0,0.0,,,,,,,,,,0.0,0.0,14568,454.3035,0.163682,972.5052,1465.8212,2641.0,14,0.4366,10,0.3119,6,57,1.7775,10033,5832,181.8711,0.166123,9600,,,203.0,203.0,0,,,6.3306,3162.0,4876.0,76.0,3411.0,5224.0,92.0,-249.0,-348.0,-16.0,0.0,0.0,0.0,0.0,0.0,0.0,4710.0,7831.0,106.0,4819.0,7995.0,129.0,-109.0,-164.0,-23.0,1.0,0.0,2.0,0.0,1.0,2.0,6024.0,10066.0,139.0,6845.0,11653.0,168.0,-821.0,-1587.0,-29.0,1.0,0.0,3.0,1.0,2.0,2.0,7349.0,12126.0,168.0,8873.0,15236.0,215.0,-1524.0,-3110.0,-47.0,1.0,0.0,3.0,1.0,2.0,3.0
LOLTMNT01_415841,complete,,MSI,2026,,0,2026-07-03 06:38:10,2,16.13,7,Red,jng,SkewMond,oe:player:ab15060e5225b51592cd04b3aed1e09,G2 Esports,oe:team:7d6673d3a9d00363c6bebc1a630da6e,0.0,Xin Zhao,Orianna,Jayce,Karma,Caitlyn,Lucian,,,,,,1924,0,1,5,5,11,27,0.0,0.0,0.0,0.0,0.0,0.0,0.0,0.0,0.343,1.185,,,,,,,,,,,,,,,,,,,,,0.0,2.0,,,,,,,,,,0.0,0.0,15517,483.8981,0.174344,1245.2495,818.5447,0.0,11,0.343,19,0.5925,10,65,2.027,10600,6399,199.553,0.182272,9650,,,195.0,26.0,169,,,6.0811,3063.0,3374.0,60.0,3733.0,3840.0,67.0,-670.0,-466.0,-7.0,0.0,0.0,0.0,1.0,1.0,1.0,4888.0,5363.0,87.0,6124.0,6313.0,104.0,-1236.0,-950.0,-17.0,1.0,1.0,1.0,3.0,3.0,2.0,6631.0,7717.0,128.0,8725.0,8951.0,135.0,-2094.0,-1234.0,-7.0,1.0,2.0,2.0,5.0,7.0,2.0,8538.0,10386.0,168.0,11073.0,12061.0,177.0,-2535.0,-1675.0,-9.0,1.0,2.0,2.0,5.0,7.0,2.0
LOLTMNT01_415841,complete,,MSI,2026,,0,2026-07-03 06:38:10,2,16.13,8,Red,mid,Caps,oe:player:55dd587cdc4a278be6a5c37f9e539de,G2 Esports,oe:team:7d6673d3a9d00363c6bebc1a630da6e,0.0,Ahri,Orianna,Jayce,Karma,Caitlyn,Lucian,,,,,,1924,0,4,6,2,11,27,0.0,0.0,0.0,0.0,1.0,1.0,0.0,0.0,0.343,1.185,,,,,,,,,,,,,,,,,,,,,0.0,0.0,,,,,,,,,,0.0,1.0,24524,764.7817,0.275544,679.2723,283.0042,2742.0,8,0.2495,7,0.2183,4,39,1.2162,12503,8302,258.8981,0.236475,11350,,,289.0,287.0,2,,,9.0125,3757.0,4849.0,90.0,3863.0,5043.0,98.0,-106.0,-194.0,-8.0,1.0,0.0,2.0,1.0,0.0,0.0,5920.0,7969.0,147.0,6461.0,7628.0,134.0,-541.0,341.0,13.0,2.0,0.0,2.0,3.0,1.0,0.0,7390.0,9982.0,182.0,9569.0,10688.0,185.0,-2179.0,-706.0,-3.0,2.0,1.0,4.0,5.0,5.0,0.0,9876.0,14056.0,239.0,11792.0,13444.0,225.0,-1916.0,612.0,14.0,3.0,1.0,4.0,5.0,5.0,0.0
LOLTMNT01_415841,complete,,MSI,2026,,0,2026-07-03 06:38:10,2,16.13,9,Red,bot,Hans Sama,oe:player:c62a5235ad6bc113a1e64eb0e9aa8c8,G2 Esports,oe:team:7d6673d3a9d00363c6bebc1a630da6e,0.0,Yunara,Orianna,Jayce,Karma,Caitlyn,Lucian,,,,,,1924,0,4,6,4,11,27,1.0,0.0,0.0,0.0,0.0,0.0,0.0,0.0,0.343,1.185,,,,,,,,,,,,,,,,,,,,,0.0,0.0,,,,,,,,,,0.0,0.0,25918,808.2536,0.291207,759.8545,477.5364,4876.0,15,0.4678,13,0.4054,6,43,1.341,14917,10716,334.1788,0.305232,14600,,,300.0,300.0,0,,,9.3555,3968.0,3923.0,91.0,3413.0,3412.0,86.0,555.0,511.0,5.0,2.0,0.0,1.0,0.0,1.0,1.0,6725.0,6018.0,135.0,5753.0,5667.0,130.0,972.0,351.0,5.0,2.0,2.0,2.0,0.0,4.0,1.0,9024.0,7749.0,184.0,8662.0,8351.0,180.0,362.0,-602.0,4.0,3.0,2.0,3.0,2.0,7.0,1.0,11348.0,9776.0,240.0,11396.0,11681.0,239.0,-48.0,-1905.0,1.0,3.0,2.0,3.0,2.0,7.0,1.0
LOLTMNT01_415841,complete,,MSI,2026,,0,2026-07-03 06:38:10,2,16.13,10,Red,sup,Labrov,oe:player:bb6ac5763c6576e104a7a2f59eb4ddf,G2 Esports,oe:team:7d6673d3a9d00363c6bebc1a630da6e,0.0,Lulu,Orianna,Jayce,Karma,Caitlyn,Lucian,,,,,,1924,0,0,5,9,11,27,0.0,0.0,0.0,0.0,1.0,0.0,1.0,0.0,0.343,1.185,,,,,,,,,,,,,,,,,,,,,0.0,0.0,,,,,,,,,,0.0,0.0,8475,264.2931,0.0952226,549.1372,200.6445,917.0,58,1.8087,9,0.2807,22,111,3.4615,8059,3858,120.3119,0.109898,7600,,,25.0,25.0,0,,,0.7796,2913.0,3126.0,16.0,2829.0,2851.0,16.0,84.0,275.0,0.0,0.0,3.0,0.0,1.0,0.0,1.0,4143.0,4406.0,18.0,4268.0,3921.0,18.0,-125.0,485.0,0.0,0.0,5.0,0.0,1.0,3.0,1.0,5224.0,5785.0,19.0,5595.0,5211.0,21.0,-371.0,574.0,-2.0,0.0,6.0,2.0,1.0,8.0,2.0,6341.0,7433.0,21.0,7006.0,6356.0,29.0,-665.0,1077.0,-8.0,0.0,6.0,2.0,1.0,8.0,2.0
LOLTMNT01_415841,complete,,MSI,2026,,0,2026-07-03 06:38:10,2,16.13,100,Blue,team,,,Top Esports,oe:team:fcec508e780bbd1ad493852640f5b36,1.0,,Bard,Camille,Ryze,Poppy,Vi,Jarvan IV,Aurora,Renekton,Ezreal,Neeko,1924,1,27,11,62,27,11,4.0,0.0,0.0,0.0,0.0,,,,0.842,1.185,0.0,3.0,1.0,3.0,1.0,0.0,0.0,0.0,1.0,2.0,0.0,,0.0,0.0,0.0,0.0,1.0,3.0,0.0,1.0,2.0,0.0,0.0,0.0,1.0,8.0,2.0,1.0,1.0,37.0,12.0,1.0,0.0,113159,3528.8669,,3826.6528,3681.0187,41966.0,129,4.0229,58,1.8087,56,359,11.1954,68950,47947,1495.2287,,63438,0.183038,2.47,,865.0,213,,,33.6175,17249.0,20370.0,359.0,16863.0,20148.0,333.0,386.0,222.0,26.0,3.0,2.0,3.0,3.0,3.0,3.0,27425.0,31524.0,515.0,26386.0,31587.0,493.0,1039.0,-63.0,22.0,7.0,12.0,6.0,6.0,8.0,7.0,39396.0,44854.0,689.0,34293.0,41299.0,652.0,5103.0,3555.0,37.0,14.0,29.0,7.0,7.0,11.0,14.0,50140.0,58778.0,885.0,43452.0,53777.0,836.0,6688.0,5001.0,49.0,14.0,29.0,8.0,8.0,11.0,14.0
LOLTMNT01_415841,complete,,MSI,2026,,0,2026-07-03 06:38:10,2,16.13,200,Red,team,,,G2 Esports,oe:team:7d6673d3a9d00363c6bebc1a630da6e,0.0,,Orianna,Jayce,Karma,Caitlyn,Lucian,Yunara,Lulu,Ahri,K'Sante,Xin Zhao,1924,0,11,27,21,11,27,1.0,0.0,0.0,0.0,1.0,,,,0.343,1.185,1.0,1.0,3.0,1.0,3.0,0.0,0.0,1.0,0.0,0.0,0.0,,0.0,0.0,1.0,1.0,0.0,0.0,3.0,0.0,0.0,2.0,0.0,0.0,0.0,2.0,8.0,0.0,0.0,12.0,37.0,0.0,1.0,89002,2775.5301,,4206.0187,3245.5509,11176.0,106,3.3056,58,1.8087,48,315,9.8233,56112,35109,1094.8753,,52800,-0.183038,-2.47,,841.0,171,,,31.5593,16863.0,20148.0,333.0,17249.0,20370.0,359.0,-386.0,-222.0,-26.0,3.0,3.0,3.0,3.0,2.0,3.0,26386.0,31587.0,493.0,27425.0,31524.0,515.0,-1039.0,63.0,-22.0,6.0,8.0,7.0,7.0,12.0,6.0,34293.0,41299.0,652.0,39396.0,44854.0,689.0,-5103.0,-3555.0,-37.0,7.0,11.0,14.0,14.0,29.0,7.0,43452.0,53777.0,836.0,50140.0,58778.0,885.0,-6688.0,-5001.0,-49.0,8.0,11.0,14.0,14.0,29.0,8.0
LOLTMNT01_415852,complete,,MSI,2026,,0,2026-07-03 07:29:37,3,16.13,1,Blue,top,ZUIAN,oe:player:f52533de1cc92487ab58b973cd2490e,Top Esports,oe:team:fcec508e780bbd1ad493852640f5b36,1.0,Sion,Bard,Camille,Anivia,Trundle,Vi,,,,,,1624,0,3,4,5,10,29,0.0,0.0,0.0,0.0,1.0,1.0,0.0,0.0,0.3695,1.4409,,,,,,,,,,,,,,,,,,,,,0.0,0.0,,,,,,,,,,0.0,1.0,28984,1070.8374,0.315002,1547.9926,2588.7192,5197.0,9,0.3325,3,0.1108,3,22,0.8128,9672,6083,224.7414,0.21293,9625,,,187.0,187.0,0,,,6.9089,3387.0,4960.0,76.0,3756.0,4896.0,94.0,-369.0,64.0,-18.0,1.0,0.0,0.0,0.0,0.0,1.0,5407.0,8644.0,113.0,5563.0,8447.0,140.0,-156.0,197.0,-27.0,2.0,2.0,0.0,1.0,0.0,2.0,7430.0,12588.0,162.0,8303.0,11941.0,186.0,-873.0,647.0,-24.0,2.0,5.0,0.0,1.0,2.0,2.0,9297.0,14105.0,182.0,10927.0,16973.0,213.0,-1630.0,-2868.0,-31.0,3.0,5.0,3.0,3.0,12.0,2.0
LOLTMNT01_415852,complete,,MSI,2026,,0,2026-07-03 07:29:37,3,16.13,2,Blue,jng,Tian,oe:player:0da0eeb199e8fa3ab773cf84f9de9ab,Top Esports,oe:team:fcec508e780bbd1ad493852640f5b36,1.0,Wukong,Bard,Camille,Anivia,Trundle,Vi,,,,,,1624,0,4,7,6,10,29,0.0,0.0,0.0,0.0,1.0,0.0,1.0,0.0,0.3695,1.4409,,,,,,,,,,,,,,,,,,,,,0.0,1.0,,,,,,,,,,0.0,1.0,17478,645.7389,0.189953,1210.2709,1197.7833,3253.0,7,0.2586,7,0.2586,6,30,1.1084,10944,7355,271.7365,0.257451,10483,,,189.0,16.0,173,,,6.9828,3655.0,3930.0,74.0,3623.0,4497.0,82.0,32.0,-567.0,-8.0,0.0,2.0,1.0,0.0,2.0,0.0,6476.0,7211.0,115.0,6155.0,7956.0,132.0,321.0,-745.0,-17.0,2.0,4.0,3.0,2.0,3.0,0.0,8932.0,9784.0,154.0,8270.0,10687.0,161.0,662.0,-903.0,-7.0,4.0,5.0,3.0,3.0,6.0,0.0,10503.0,11779.0,183.0,10489.0,14828.0,190.0,14.0,-3049.0,-7.0,4.0,6.0,5.0,4.0,14.0,0.0
LOLTMNT01_415852,complete,,MSI,2026,,0,2026-07-03 07:29:37,3,16.13,3,Blue,mid,Creme,oe:player:6e7908512cb309a43388bb464a312a2,Top Esports,oe:team:fcec508e780bbd1ad493852640f5b36,1.0,Ryze,Bard,Camille,Anivia,Trundle,Vi,,,,,,1624,0,1,5,3,10,29,0.0,0.0,0.0,0.0,0.0,0.0,0.0,0.0,0.3695,1.4409,,,,,,,,,,,,,,,,,,,,,0.0,0.0,,,,,,,,,,0.0,0.0,23196,856.9951,0.252098,1115.6527,978.4729,2856.0,11,0.4064,3,0.1108,2,23,0.8498,9490,5901,218.0172,0.206559,8750,,,213.0,212.0,1,,,7.8695,3242.0,5007.0,81.0,3953.0,5240.0,105.0,-711.0,-233.0,-24.0,0.0,0.0,0.0,1.0,0.0,0.0,5136.0,8010.0,131.0,6190.0,8417.0,159.0,-1054.0,-407.0,-28.0,0.0,1.0,1.0,1.0,3.0,2.0,7725.0,10766.0,181.0,8951.0,11169.0,210.0,-1226.0,-403.0,-29.0,1.0,2.0,2.0,3.0,6.0,2.0,9087.0,12007.0,205.0,12476.0,14301.0,236.0,-3389.0,-2294.0,-31.0,1.0,3.0,5.0,11.0,8.0,2.0
LOLTMNT01_415852,complete,,MSI,2026,,0,2026-07-03 07:29:37,3,16.13,4,Blue,bot,JackeyLove,oe:player:c54e1090ef1faa736b12493051c4855,Top Esports,oe:team:fcec508e780bbd1ad493852640f5b36,1.0,Aphelios,Bard,Camille,Anivia,Trundle,Vi,,,,,,1624,0,2,7,3,10,29,0.0,0.0,0.0,0.0,0.0,0.0,0.0,0.0,0.3695,1.4409,,,,,,,,,,,,,,,,,,,,,0.0,0.0,,,,,,,,,,0.0,0.0,17041,629.5936,0.185204,697.5739,392.2167,3880.0,8,0.2956,9,0.3325,4,35,1.2931,10205,6616,244.4335,0.231585,9625,,,222.0,222.0,0,,,8.202,3880.0,3697.0,91.0,3501.0,4122.0,91.0,379.0,-425.0,0.0,1.0,0.0,0.0,1.0,0.0,1.0,6059.0,5449.0,133.0,6212.0,6593.0,144.0,-153.0,-1144.0,-11.0,2.0,0.0,1.0,2.0,0.0,1.0,8095.0,7698.0,181.0,8592.0,9160.0,197.0,-497.0,-1462.0,-16.0,2.0,2.0,3.0,2.0,0.0,3.0,9612.0,9232.0,208.0,11765.0,12665.0,233.0,-2153.0,-3433.0,-25.0,2.0,3.0,6.0,4.0,6.0,4.0
LOLTMNT01_415852,complete,,MSI,2026,,0,2026-07-03 07:29:37,3,16.13,5,Blue,sup,fengyue,oe:player:b777313deced54da2d2c1aa88f52e50,Top Esports,oe:team:fcec508e780bbd1ad493852640f5b36,1.0,Thresh,Bard,Camille,Anivia,Trundle,Vi,,,,,,1624,0,0,6,4,10,29,0.0,0.0,0.0,0.0,0.0,0.0,0.0,0.0,0.3695,1.4409,,,,,,,,,,,,,,,,,,,,,0.0,0.0,,,,,,,,,,0.0,0.0,5313,196.2931,0.0577425,759.6798,793.5961,0.0,41,1.5148,9,0.3325,19,90,3.3251,6202,2613,96.5394,0.0914743,6065,,,29.0,29.0,0,,,1.0714,2341.0,2433.0,14.0,2532.0,2564.0,21.0,-191.0,-131.0,-7.0,0.0,1.0,1.0,0.0,2.0,0.0,3557.0,4068.0,23.0,3974.0,4417.0,30.0,-417.0,-349.0,-7.0,0.0,2.0,1.0,0.0,4.0,1.0,4643.0,5335.0,23.0,5892.0,5852.0,32.0,-1249.0,-517.0,-9.0,0.0,3.0,3.0,2.0,7.0,2.0,5772.0,6259.0,27.0,7753.0,9340.0,35.0,-1981.0,-3081.0,-8.0,0.0,4.0,5.0,2.0,19.0,2.0
LOLTMNT01_415852,complete,,MSI,2026,,0,2026-07-03 07:29:37,3,16.13,6,Red,top,BrokenBlade,oe:player:84bff3a326833c7c9181c698f676878,G2 Esports,oe:team:7d6673d3a9d00363c6bebc1a630da6e,0.0,Kled,Jayce,Caitlyn,Orianna,Lucian,Kalista,,,,,,1624,1,5,2,14,29,10,2.0,0.0,0.0,0.0,0.0,0.0,0.0,1.0,1.0714,1.4409,,,,,,,,,,,,,,,,,,,,,0.0,0.0,,,,,,,,,,1.0,0.0,28094,1037.9557,0.220109,1444.4335,1170.9975,19304.0,14,0.5172,4,0.1478,6,43,1.5887,12360,8771,324.0517,0.209301,11100,,,223.0,223.0,0,,,8.2389,3756.0,4896.0,94.0,3387.0,4960.0,76.0,369.0,-64.0,18.0,0.0,0.0,1.0,1.0,0.0,0.0,5563.0,8447.0,140.0,5407.0,8644.0,113.0,156.0,-197.0,27.0,1.0,0.0,2.0,2.0,2.0,0.0,8303.0,11941.0,186.0,7430.0,12588.0,162.0,873.0,-647.0,24.0,1.0,2.0,2.0,2.0,5.0,0.0,10927.0,16973.0,213.0,9297.0,14105.0,182.0,1630.0,2868.0,31.0,3.0,12.0,2.0,3.0,5.0,3.0
LOLTMNT01_415852,complete,,MSI,2026,,0,2026-07-03 07:29:37,3,16.13,7,Red,jng,SkewMond,oe:player:ab15060e5225b51592cd04b3aed1e09,G2 Esports,oe:team:7d6673d3a9d00363c6bebc1a630da6e,0.0,Skarner,Jayce,Caitlyn,Orianna,Lucian,Kalista,,,,,,1624,1,5,0,18,29,10,0.0,0.0,0.0,0.0,0.0,0.0,0.0,0.0,1.0714,1.4409,,,,,,,,,,,,,,,,,,,,,1.0,0.0,,,,,,,,,,1.0,0.0,21874,808.1527,0.171377,910.4557,1748.9039,1957.0,8,0.2956,2,0.0739,5,35,1.2931,11952,8363,308.9778,0.199566,10175,,,203.0,15.0,188,,,7.5,3623.0,4497.0,82.0,3655.0,3930.0,74.0,-32.0,567.0,8.0,0.0,2.0,0.0,0.0,2.0,1.0,6155.0,7956.0,132.0,6476.0,7211.0,115.0,-321.0,745.0,17.0,2.0,3.0,0.0,2.0,4.0,3.0,8270.0,10687.0,161.0,8932.0,9784.0,154.0,-662.0,903.0,7.0,3.0,6.0,0.0,4.0,5.0,3.0,10489.0,14828.0,190.0,10503.0,11779.0,183.0,-14.0,3049.0,7.0,4.0,14.0,0.0,4.0,6.0,5.0
LOLTMNT01_415852,complete,,MSI,2026,,0,2026-07-03 07:29:37,3,16.13,8,Red,mid,Caps,oe:player:55dd587cdc4a278be6a5c37f9e539de,G2 Esports,oe:team:7d6673d3a9d00363c6bebc1a630da6e,0.0,Syndra,Jayce,Caitlyn,Orianna,Lucian,Kalista,,,,,,1624,1,12,2,11,29,10,1.0,1.0,1.0,1.0,0.0,0.0,0.0,0.0,1.0714,1.4409,,,,,,,,,,,,,,,,,,,,,0.0,0.0,,,,,,,,,,0.0,0.0,37270,1376.9704,0.292,551.8596,270.9975,4726.0,9,0.3325,3,0.1108,3,23,0.8498,13564,9975,368.5345,0.238031,11825,,,243.0,243.0,0,,,8.9778,3953.0,5240.0,105.0,3242.0,5007.0,81.0,711.0,233.0,24.0,1.0,0.0,0.0,0.0,0.0,0.0,6190.0,8417.0,159.0,5136.0,8010.0,131.0,1054.0,407.0,28.0,1.0,3.0,2.0,0.0,1.0,1.0,8951.0,11169.0,210.0,7725.0,10766.0,181.0,1226.0,403.0,29.0,3.0,6.0,2.0,1.0,2.0,2.0,12476.0,14301.0,236.0,9087.0,12007.0,205.0,3389.0,2294.0,31.0,11.0,8.0,2.0,1.0,3.0,5.0
LOLTMNT01_415852,complete,,MSI,2026,,0,2026-07-03 07:29:37,3,16.13,9,Red,bot,Hans Sama,oe:player:c62a5235ad6bc113a1e64eb0e9aa8c8,G2 Esports,oe:team:7d6673d3a9d00363c6bebc1a630da6e,0.0,Xayah,Jayce,Caitlyn,Orianna,Lucian,Kalista,,,,,,1624,1,5,4,9,29,10,0.0,0.0,0.0,0.0,0.0,0.0,0.0,0.0,1.0714,1.4409,,,,,,,,,,,,,,,,,,,,,0.0,0.0,,,,,,,,,,0.0,0.0,30671,1133.165,0.240299,764.335,371.601,5864.0,13,0.4803,8,0.2956,6,38,1.4039,13270,9681,357.6724,0.231015,11800,,,248.0,241.0,7,,,9.1626,3501.0,4122.0,91.0,3880.0,3697.0,91.0,-379.0,425.0,0.0,1.0,0.0,1.0,1.0,0.0,0.0,6212.0,6593.0,144.0,6059.0,5449.0,133.0,153.0,1144.0,11.0,2.0,0.0,1.0,2.0,0.0,1.0,8592.0,9160.0,197.0,8095.0,7698.0,181.0,497.0,1462.0,16.0,2.0,0.0,3.0,2.0,2.0,3.0,11765.0,12665.0,233.0,9612.0,9232.0,208.0,2153.0,3433.0,25.0,4.0,6.0,4.0,2.0,3.0,6.0
LOLTMNT01_415852,complete,,MSI,2026,,0,2026-07-03 07:29:37,3,16.13,10,Red,sup,Labrov,oe:player:bb6ac5763c6576e104a7a2f59eb4ddf,G2 Esports,oe:team:7d6673d3a9d00363c6bebc1a630da6e,0.0,Rakan,Jayce,Caitlyn,Orianna,Lucian,Kalista,,,,,,1624,1,2,2,24,29,10,0.0,0.0,0.0,0.0,0.0,0.0,0.0,0.0,1.0714,1.4409,,,,,,,,,,,,,,,,,,,,,0.0,0.0,,,,,,,,,,0.0,0.0,9728,359.4089,0.0762161,807.4877,813.4729,433.0,47,1.7365,16,0.5911,18,109,4.0271,8705,5116,189.0148,0.122087,7695,,,36.0,36.0,0,,,1.33,2532.0,2564.0,21.0,2341.0,2433.0,14.0,191.0,131.0,7.0,0.0,2.0,0.0,0.0,1.0,1.0,3974.0,4417.0,30.0,3557.0,4068.0,23.0,417.0,349.0,7.0,0.0,4.0,1.0,0.0,2.0,1.0,5892.0,5852.0,32.0,4643.0,5335.0,23.0,1249.0,517.0,9.0,2.0,7.0,2.0,0.0,3.0,3.0,7753.0,9340.0,35.0,5772.0,6259.0,27.0,1981.0,3081.0,8.0,2.0,19.0,2.0,0.0,4.0,5.0
LOLTMNT01_415852,complete,,MSI,2026,,0,2026-07-03 07:29:37,3,16.13,100,Blue,team,,,Top Esports,oe:team:fcec508e780bbd1ad493852640f5b36,1.0,,Bard,Camille,Anivia,Trundle,Vi,Ryze,Wukong,Sion,Aphelios,Thresh,1624,0,10,29,21,10,29,0.0,0.0,0.0,0.0,1.0,,,,0.3695,1.4409,0.0,0.0,4.0,0.0,4.0,0.0,0.0,0.0,0.0,0.0,0.0,,0.0,0.0,1.0,1.0,0.0,3.0,0.0,0.0,0.0,1.0,0.0,0.0,1.0,2.0,9.0,0.0,0.0,17.0,36.0,0.0,2.0,92012,3399.4581,,5331.17,5950.7882,15186.0,76,2.8079,31,1.1453,34,200,7.3892,46513,28570,1055.5419,,44548,-0.165673,-1.83,,666.0,174,,,31.0345,16505.0,20027.0,336.0,17365.0,21319.0,393.0,-860.0,-1292.0,-57.0,2.0,3.0,2.0,2.0,4.0,2.0,26635.0,33382.0,515.0,28094.0,35830.0,605.0,-1459.0,-2448.0,-90.0,6.0,9.0,6.0,6.0,10.0,6.0,36825.0,46171.0,701.0,40008.0,48809.0,786.0,-3183.0,-2638.0,-85.0,9.0,17.0,11.0,11.0,21.0,9.0,44271.0,53382.0,805.0,53410.0,68107.0,907.0,-9139.0,-14725.0,-102.0,10.0,21.0,24.0,24.0,59.0,10.0
LOLTMNT01_415852,complete,,MSI,2026,,0,2026-07-03 07:29:37,3,16.13,200,Red,team,,,G2 Esports,oe:team:7d6673d3a9d00363c6bebc1a630da6e,0.0,,Jayce,Caitlyn,Orianna,Lucian,Kalista,Xayah,Rakan,Kled,Skarner,Syndra,1624,1,29,10,76,29,10,3.0,1.0,1.0,1.0,0.0,,,,1.0714,1.4409,1.0,4.0,0.0,4.0,0.0,1.0,0.0,2.0,0.0,0.0,1.0,,0.0,0.0,0.0,0.0,1.0,0.0,3.0,1.0,1.0,0.0,0.0,0.0,0.0,9.0,2.0,1.0,1.0,36.0,17.0,2.0,0.0,127637,4715.6527,,4478.5714,4375.9729,32284.0,91,3.3621,33,1.2192,38,248,9.1626,59851,41908,1548.3251,,52595,0.165673,1.83,,758.0,195,,,35.2094,17365.0,21319.0,393.0,16505.0,20027.0,336.0,860.0,1292.0,57.0,2.0,4.0,2.0,2.0,3.0,2.0,28094.0,35830.0,605.0,26635.0,33382.0,515.0,1459.0,2448.0,90.0,6.0,10.0,6.0,6.0,9.0,6.0,40008.0,48809.0,786.0,36825.0,46171.0,701.0,3183.0,2638.0,85.0,11.0,21.0,9.0,9.0,17.0,11.0,53410.0,68107.0,907.0,44271.0,53382.0,805.0,9139.0,14725.0,102.0,24.0,59.0,10.0,10.0,21.0,24.0
LOLTMNT01_415864,complete,,MSI,2026,,0,2026-07-03 08:16:48,4,16.13,1,Blue,top,BrokenBlade,oe:player:84bff3a326833c7c9181c698f676878,G2 Esports,oe:team:7d6673d3a9d00363c6bebc1a630da6e,1.0,Gnar,Akali,Caitlyn,Yorick,Vayne,Sylas,,,,,,2476,1,4,2,6,14,12,1.0,0.0,0.0,0.0,0.0,0.0,0.0,0.0,0.3393,0.63,,,,,,,,,,,,,,,,,,,,,0.0,0.0,,,,,,,,,,2.0,0.0,24628,596.8013,0.237161,810.4362,932.2294,15913.0,16,0.3877,3,0.0727,3,42,1.0178,15623,10296,249.4992,0.195441,14208,,,261.0,258.0,3,,,6.3247,3151.0,4458.0,62.0,3013.0,4069.0,66.0,138.0,389.0,-4.0,0.0,2.0,0.0,0.0,0.0,2.0,4594.0,7529.0,95.0,4716.0,6644.0,99.0,-122.0,885.0,-4.0,0.0,4.0,1.0,1.0,0.0,2.0,6548.0,10741.0,149.0,6115.0,9093.0,137.0,433.0,1648.0,12.0,0.0,4.0,1.0,1.0,0.0,2.0,8187.0,12969.0,180.0,7514.0,11374.0,170.0,673.0,1595.0,10.0,0.0,5.0,2.0,1.0,1.0,3.0
LOLTMNT01_415864,complete,,MSI,2026,,0,2026-07-03 08:16:48,4,16.13,2,Blue,jng,SkewMond,oe:player:ab15060e5225b51592cd04b3aed1e09,G2 Esports,oe:team:7d6673d3a9d00363c6bebc1a630da6e,1.0,Vi,Akali,Caitlyn,Yorick,Vayne,Sylas,,,,,,2476,1,3,2,4,14,12,0.0,0.0,0.0,0.0,0.0,0.0,0.0,0.0,0.3393,0.63,,,,,,,,,,,,,,,,,,,,,1.0,0.0,,,,,,,,,,0.0,0.0,16193,392.399,0.155934,935.8401,1374.1115,852.0,17,0.412,16,0.3877,15,81,1.9628,15900,10573,256.2116,0.200699,14725,,,317.0,45.0,272,,,7.6817,3774.0,4178.0,80.0,3353.0,3846.0,75.0,421.0,332.0,5.0,1.0,0.0,0.0,0.0,0.0,0.0,5889.0,6466.0,122.0,4782.0,5648.0,103.0,1107.0,818.0,19.0,2.0,1.0,0.0,0.0,0.0,1.0,7532.0,8411.0,156.0,6108.0,7622.0,132.0,1424.0,789.0,24.0,2.0,1.0,0.0,0.0,0.0,1.0,9183.0,10747.0,193.0,8717.0,10452.0,162.0,466.0,295.0,31.0,2.0,1.0,1.0,2.0,3.0,1.0
LOLTMNT01_415864,complete,,MSI,2026,,0,2026-07-03 08:16:48,4,16.13,3,Blue,mid,Caps,oe:player:55dd587cdc4a278be6a5c37f9e539de,G2 Esports,oe:team:7d6673d3a9d00363c6bebc1a630da6e,1.0,Twisted Fate,Akali,Caitlyn,Yorick,Vayne,Sylas,,,,,,2476,1,3,1,7,14,12,0.0,0.0,0.0,0.0,0.0,0.0,0.0,0.0,0.3393,0.63,,,,,,,,,,,,,,,,,,,,,1.0,0.0,,,,,,,,,,2.0,0.0,32523,788.1179,0.313188,698.748,542.8352,16036.0,21,0.5089,7,0.1696,7,52,1.2601,18722,13395,324.5961,0.254264,18550,,,332.0,320.0,12,,,8.0452,4338.0,5243.0,99.0,4007.0,5390.0,106.0,331.0,-147.0,-7.0,1.0,0.0,0.0,1.0,0.0,0.0,6219.0,7960.0,147.0,5620.0,7917.0,153.0,599.0,43.0,-6.0,1.0,2.0,0.0,1.0,1.0,1.0,7983.0,10956.0,175.0,7086.0,10357.0,198.0,897.0,599.0,-23.0,1.0,2.0,0.0,1.0,1.0,1.0,10548.0,13677.0,222.0,8810.0,13128.0,247.0,1738.0,549.0,-25.0,2.0,2.0,0.0,1.0,3.0,1.0
LOLTMNT01_415864,complete,,MSI,2026,,0,2026-07-03 08:16:48,4,16.13,4,Blue,bot,Hans Sama,oe:player:c62a5235ad6bc113a1e64eb0e9aa8c8,G2 Esports,oe:team:7d6673d3a9d00363c6bebc1a630da6e,1.0,Lucian,Akali,Caitlyn,Yorick,Vayne,Sylas,,,,,,2476,1,4,2,1,14,12,0.0,0.0,0.0,0.0,1.0,1.0,0.0,0.0,0.3393,0.63,,,,,,,,,,,,,,,,,,,,,0.0,0.0,,,,,,,,,,1.0,0.0,24713,598.8611,0.23798,518.9661,353.1179,12752.0,19,0.4604,22,0.5331,5,69,1.6721,18688,13361,323.7722,0.253619,17125,,,385.0,361.0,24,,,9.3296,3543.0,3086.0,78.0,3507.0,3638.0,84.0,36.0,-552.0,-6.0,1.0,0.0,0.0,0.0,1.0,1.0,6614.0,5437.0,127.0,5911.0,6163.0,139.0,703.0,-726.0,-12.0,2.0,0.0,0.0,0.0,2.0,1.0,8424.0,7147.0,177.0,7626.0,8025.0,188.0,798.0,-878.0,-11.0,2.0,0.0,0.0,0.0,2.0,1.0,10359.0,9068.0,231.0,10959.0,10823.0,238.0,-600.0,-1755.0,-7.0,2.0,0.0,1.0,3.0,3.0,1.0
LOLTMNT01_415864,complete,,MSI,2026,,0,2026-07-03 08:16:48,4,16.13,5,Blue,sup,Labrov,oe:player:bb6ac5763c6576e104a7a2f59eb4ddf,G2 Esports,oe:team:7d6673d3a9d00363c6bebc1a630da6e,1.0,Milio,Akali,Caitlyn,Yorick,Vayne,Sylas,,,,,,2476,1,0,5,7,14,12,0.0,0.0,0.0,0.0,1.0,0.0,1.0,0.0,0.3393,0.63,,,,,,,,,,,,,,,,,,,,,0.0,0.0,,,,,,,,,,0.0,0.0,5788,140.2585,0.0557369,570.0969,225.4604,601.0,77,1.8659,15,0.3635,32,149,3.6107,10383,5056,122.5202,0.0959774,9770,,,33.0,33.0,0,,,0.7997,2460.0,2325.0,14.0,2637.0,2771.0,19.0,-177.0,-446.0,-5.0,0.0,1.0,2.0,1.0,0.0,0.0,3700.0,3608.0,20.0,3862.0,3985.0,27.0,-162.0,-377.0,-7.0,0.0,3.0,2.0,1.0,1.0,0.0,4737.0,4667.0,23.0,4934.0,4921.0,29.0,-197.0,-254.0,-6.0,0.0,3.0,2.0,1.0,1.0,0.0,5788.0,6298.0,25.0,6222.0,6664.0,36.0,-434.0,-366.0,-11.0,0.0,3.0,4.0,1.0,4.0,0.0
LOLTMNT01_415864,complete,,MSI,2026,,0,2026-07-03 08:16:48,4,16.13,6,Red,top,ZUIAN,oe:player:f52533de1cc92487ab58b973cd2490e,Top Esports,oe:team:fcec508e780bbd1ad493852640f5b36,0.0,Tristana,Orianna,Bard,Jayce,Taliyah,Annie,,,,,,2476,0,2,6,3,12,14,0.0,0.0,0.0,0.0,0.0,0.0,0.0,0.0,0.2908,0.63,,,,,,,,,,,,,,,,,,,,,0.0,0.0,,,,,,,,,,0.0,2.0,18608,450.9208,0.159542,567.7221,466.5751,5129.0,19,0.4604,13,0.315,5,62,1.5024,13307,7980,193.3764,0.177642,13225,,,292.0,284.0,8,,,7.0759,3013.0,4069.0,66.0,3151.0,4458.0,62.0,-138.0,-389.0,4.0,0.0,0.0,2.0,0.0,2.0,0.0,4716.0,6644.0,99.0,4594.0,7529.0,95.0,122.0,-885.0,4.0,1.0,0.0,2.0,0.0,4.0,1.0,6115.0,9093.0,137.0,6548.0,10741.0,149.0,-433.0,-1648.0,-12.0,1.0,0.0,2.0,0.0,4.0,1.0,7514.0,11374.0,170.0,8187.0,12969.0,180.0,-673.0,-1595.0,-10.0,1.0,1.0,3.0,0.0,5.0,2.0
LOLTMNT01_415864,complete,,MSI,2026,,0,2026-07-03 08:16:48,4,16.13,7,Red,jng,Tian,oe:player:0da0eeb199e8fa3ab773cf84f9de9ab,Top Esports,oe:team:fcec508e780bbd1ad493852640f5b36,0.0,Nocturne,Orianna,Bard,Jayce,Taliyah,Annie,,,,,,2476,0,2,3,4,12,14,0.0,0.0,0.0,0.0,0.0,0.0,0.0,0.0,0.2908,0.63,,,,,,,,,,,,,,,,,,,,,0.0,1.0,,,,,,,,,,0.0,0.0,17657,427.8756,0.151388,1222.8998,1035.7512,526.0,17,0.412,24,0.5816,17,86,2.084,13418,8091,196.0662,0.180113,13025,,,248.0,42.0,206,,,6.0097,3353.0,3846.0,75.0,3774.0,4178.0,80.0,-421.0,-332.0,-5.0,0.0,0.0,0.0,1.0,0.0,0.0,4782.0,5648.0,103.0,5889.0,6466.0,122.0,-1107.0,-818.0,-19.0,0.0,0.0,1.0,2.0,1.0,0.0,6108.0,7622.0,132.0,7532.0,8411.0,156.0,-1424.0,-789.0,-24.0,0.0,0.0,1.0,2.0,1.0,0.0,8717.0,10452.0,162.0,9183.0,10747.0,193.0,-466.0,-295.0,-31.0,2.0,3.0,1.0,2.0,1.0,1.0
LOLTMNT01_415864,complete,,MSI,2026,,0,2026-07-03 08:16:48,4,16.13,8,Red,mid,Creme,oe:player:6e7908512cb309a43388bb464a312a2,Top Esports,oe:team:fcec508e780bbd1ad493852640f5b36,0.0,Hwei,Orianna,Bard,Jayce,Taliyah,Annie,,,,,,2476,0,3,1,5,12,14,0.0,0.0,0.0,0.0,0.0,0.0,0.0,0.0,0.2908,0.63,,,,,,,,,,,,,,,,,,,,,0.0,1.0,,,,,,,,,,0.0,2.0,33698,816.5913,0.288921,426.1066,351.2763,2414.0,15,0.3635,7,0.1696,0,37,0.8966,15844,10517,254.8546,0.234116,15350,,,380.0,376.0,4,,,9.2084,4007.0,5390.0,106.0,4338.0,5243.0,99.0,-331.0,147.0,7.0,1.0,0.0,0.0,1.0,0.0,0.0,5620.0,7917.0,153.0,6219.0,7960.0,147.0,-599.0,-43.0,6.0,1.0,1.0,1.0,1.0,2.0,0.0,7086.0,10357.0,198.0,7983.0,10956.0,175.0,-897.0,-599.0,23.0,1.0,1.0,1.0,1.0,2.0,0.0,8810.0,13128.0,247.0,10548.0,13677.0,222.0,-1738.0,-549.0,25.0,1.0,3.0,1.0,2.0,2.0,0.0
LOLTMNT01_415864,complete,,MSI,2026,,0,2026-07-03 08:16:48,4,16.13,9,Red,bot,JackeyLove,oe:player:c54e1090ef1faa736b12493051c4855,Top Esports,oe:team:fcec508e780bbd1ad493852640f5b36,0.0,Jhin,Orianna,Bard,Jayce,Taliyah,Annie,,,,,,2476,0,4,2,6,12,14,0.0,0.0,0.0,0.0,0.0,0.0,0.0,1.0,0.2908,0.63,,,,,,,,,,,,,,,,,,,,,0.0,0.0,,,,,,,,,,0.0,1.0,38574,934.7496,0.330727,506.9952,575.3069,6800.0,13,0.315,18,0.4362,4,46,1.1147,19185,13858,335.8158,0.308486,18550,,,420.0,411.0,9,,,10.1777,3507.0,3638.0,84.0,3543.0,3086.0,78.0,-36.0,552.0,6.0,0.0,1.0,1.0,1.0,0.0,0.0,5911.0,6163.0,139.0,6614.0,5437.0,127.0,-703.0,726.0,12.0,0.0,2.0,1.0,2.0,0.0,0.0,7626.0,8025.0,188.0,8424.0,7147.0,177.0,-798.0,878.0,11.0,0.0,2.0,1.0,2.0,0.0,0.0,10959.0,10823.0,238.0,10359.0,9068.0,231.0,600.0,1755.0,7.0,3.0,3.0,1.0,2.0,0.0,1.0
LOLTMNT01_415864,complete,,MSI,2026,,0,2026-07-03 08:16:48,4,16.13,10,Red,sup,fengyue,oe:player:b777313deced54da2d2c1aa88f52e50,Top Esports,oe:team:fcec508e780bbd1ad493852640f5b36,0.0,Karma,Orianna,Bard,Jayce,Taliyah,Annie,,,,,,2476,0,1,2,6,12,14,0.0,0.0,0.0,0.0,0.0,0.0,0.0,0.0,0.2908,0.63,,,,,,,,,,,,,,,,,,,,,0.0,0.0,,,,,,,,,,0.0,0.0,8097,196.2116,0.0694223,492.1648,304.2407,483.0,86,2.084,15,0.3635,35,167,4.0468,9803,4476,108.4653,0.0996434,10525,,,48.0,48.0,0,,,1.1632,2637.0,2771.0,19.0,2460.0,2325.0,14.0,177.0,446.0,5.0,1.0,0.0,0.0,0.0,1.0,2.0,3862.0,3985.0,27.0,3700.0,3608.0,20.0,162.0,377.0,7.0,1.0,1.0,0.0,0.0,3.0,2.0,4934.0,4921.0,29.0,4737.0,4667.0,23.0,197.0,254.0,6.0,1.0,1.0,0.0,0.0,3.0,2.0,6222.0,6664.0,36.0,5788.0,6298.0,25.0,434.0,366.0,11.0,1.0,4.0,0.0,0.0,3.0,4.0
LOLTMNT01_415864,complete,,MSI,2026,,0,2026-07-03 08:16:48,4,16.13,100,Blue,team,,,G2 Esports,oe:team:7d6673d3a9d00363c6bebc1a630da6e,1.0,,Akali,Caitlyn,Yorick,Vayne,Sylas,Vi,Lucian,Milio,Gnar,Twisted Fate,2476,1,14,12,25,14,12,1.0,0.0,0.0,0.0,1.0,,,,0.3393,0.63,0.0,3.0,3.0,3.0,3.0,0.0,0.0,3.0,0.0,0.0,0.0,,0.0,0.0,1.0,1.0,0.0,3.0,0.0,1.0,2.0,0.0,0.0,0.0,1.0,12.0,3.0,1.0,1.0,45.0,18.0,5.0,0.0,103845,2516.4378,,3534.0872,3427.7544,46154.0,150,3.6349,63,1.5267,62,393,9.5234,79316,52683,1276.6478,,74378,0.0510572,1.61,,1017.0,311,,,32.1809,17266.0,19290.0,333.0,16517.0,19714.0,350.0,749.0,-424.0,-17.0,3.0,3.0,2.0,2.0,1.0,3.0,27016.0,31000.0,511.0,24891.0,30357.0,521.0,2125.0,643.0,-10.0,5.0,10.0,3.0,3.0,4.0,5.0,35224.0,41922.0,680.0,31869.0,40018.0,684.0,3355.0,1904.0,-4.0,5.0,10.0,3.0,3.0,4.0,5.0,44065.0,52759.0,851.0,42222.0,52441.0,853.0,1843.0,318.0,-2.0,6.0,11.0,8.0,8.0,14.0,6.0
LOLTMNT01_415864,complete,,MSI,2026,,0,2026-07-03 08:16:48,4,16.13,200,Red,team,,,Top Esports,oe:team:fcec508e780bbd1ad493852640f5b36,0.0,,Orianna,Bard,Jayce,Taliyah,Annie,Nocturne,Jhin,Karma,Hwei,Tristana,2476,0,12,14,24,12,14,0.0,0.0,0.0,0.0,0.0,,,,0.2908,0.63,1.0,3.0,3.0,3.0,3.0,1.0,0.0,1.0,1.0,0.0,0.0,,0.0,0.0,0.0,0.0,1.0,0.0,3.0,0.0,0.0,2.0,0.0,0.0,0.0,3.0,12.0,0.0,0.0,18.0,45.0,0.0,5.0,116634,2826.3489,,3215.8885,2733.1502,15352.0,150,3.6349,77,1.8659,61,398,9.6446,71557,44924,1088.6268,,70675,-0.0510572,-1.61,,1161.0,227,,,33.6349,16517.0,19714.0,350.0,17266.0,19290.0,333.0,-749.0,424.0,17.0,2.0,1.0,3.0,3.0,3.0,2.0,24891.0,30357.0,521.0,27016.0,31000.0,511.0,-2125.0,-643.0,10.0,3.0,4.0,5.0,5.0,10.0,3.0,31869.0,40018.0,684.0,35224.0,41922.0,680.0,-3355.0,-1904.0,4.0,3.0,4.0,5.0,5.0,10.0,3.0,42222.0,52441.0,853.0,44065.0,52759.0,851.0,-1843.0,-318.0,2.0,8.0,14.0,6.0,6.0,11.0,8.0
LOLTMNT01_416859,complete,,MSI,2026,,0,2026-07-03 09:30:44,5,16.13,1,Blue,top,BrokenBlade,oe:player:84bff3a326833c7c9181c698f676878,G2 Esports,oe:team:7d6673d3a9d00363c6bebc1a630da6e,1.0,Anivia,Akali,Caitlyn,Yorick,Aatrox,Leona,,,,,,2171,1,4,1,14,30,15,0.0,0.0,0.0,0.0,1.0,0.0,1.0,0.0,0.8291,1.216,,,,,,,,,,,,,,,,,,,,,0.0,0.0,,,,,,,,,,1.0,0.0,32456,896.9876,0.229811,903.5099,496.6651,8692.0,12,0.3316,5,0.1382,3,45,1.2437,14043,9339,258.1023,0.179765,13225,,,269.0,265.0,4,,,7.4344,3465.0,5126.0,84.0,3101.0,4734.0,61.0,364.0,392.0,23.0,0.0,1.0,0.0,1.0,0.0,1.0,5515.0,9233.0,138.0,4591.0,8630.0,109.0,924.0,603.0,29.0,1.0,1.0,0.0,1.0,0.0,1.0,7933.0,12371.0,187.0,6039.0,10560.0,147.0,1894.0,1811.0,40.0,2.0,2.0,1.0,1.0,0.0,2.0,9801.0,17865.0,227.0,7319.0,12431.0,172.0,2482.0,5434.0,55.0,2.0,5.0,1.0,1.0,1.0,3.0
LOLTMNT01_416859,complete,,MSI,2026,,0,2026-07-03 09:30:44,5,16.13,2,Blue,jng,SkewMond,oe:player:ab15060e5225b51592cd04b3aed1e09,G2 Esports,oe:team:7d6673d3a9d00363c6bebc1a630da6e,1.0,Poppy,Akali,Caitlyn,Yorick,Aatrox,Leona,,,,,,2171,1,8,3,15,30,15,0.0,0.0,0.0,0.0,1.0,1.0,0.0,0.0,0.8291,1.216,,,,,,,,,,,,,,,,,,,,,2.0,0.0,,,,,,,,,,0.0,0.0,26375,728.9268,0.186753,1112.3077,2348.7057,3138.0,16,0.4422,8,0.2211,14,62,1.7135,16142,11438,316.1124,0.22017,15300,,,251.0,32.0,219,,,6.9369,4188.0,4164.0,79.0,3529.0,3879.0,77.0,659.0,285.0,2.0,2.0,0.0,2.0,0.0,0.0,0.0,6252.0,6348.0,114.0,5950.0,6906.0,118.0,302.0,-558.0,-4.0,3.0,3.0,3.0,1.0,2.0,1.0,8576.0,9360.0,157.0,8294.0,9419.0,154.0,282.0,-59.0,3.0,4.0,4.0,3.0,2.0,3.0,1.0,11236.0,12820.0,189.0,9454.0,10273.0,165.0,1782.0,2547.0,24.0,6.0,7.0,3.0,2.0,3.0,3.0
LOLTMNT01_416859,complete,,MSI,2026,,0,2026-07-03 09:30:44,5,16.13,3,Blue,mid,Caps,oe:player:55dd587cdc4a278be6a5c37f9e539de,G2 Esports,oe:team:7d6673d3a9d00363c6bebc1a630da6e,1.0,Mel,Akali,Caitlyn,Yorick,Aatrox,Leona,,,,,,2171,1,13,4,10,30,15,1.0,0.0,0.0,0.0,0.0,0.0,0.0,0.0,0.8291,1.216,,,,,,,,,,,,,,,,,,,,,0.0,0.0,,,,,,,,,,1.0,0.0,32491,897.9549,0.230059,801.5845,388.8807,16647.0,13,0.3593,10,0.2764,2,31,0.8567,16702,11998,331.5891,0.23095,15350,,,270.0,256.0,14,,,7.462,3781.0,4741.0,101.0,3655.0,4940.0,88.0,126.0,-199.0,13.0,0.0,1.0,0.0,1.0,0.0,0.0,6371.0,7247.0,144.0,5576.0,7204.0,127.0,795.0,43.0,17.0,4.0,1.0,2.0,2.0,1.0,1.0,8300.0,9843.0,176.0,8414.0,10689.0,189.0,-114.0,-846.0,-13.0,5.0,3.0,2.0,3.0,2.0,1.0,11216.0,12664.0,201.0,10193.0,13012.0,239.0,1023.0,-348.0,-38.0,8.0,5.0,2.0,3.0,2.0,2.0
LOLTMNT01_416859,complete,,MSI,2026,,0,2026-07-03 09:30:44,5,16.13,4,Blue,bot,Hans Sama,oe:player:c62a5235ad6bc113a1e64eb0e9aa8c8,G2 Esports,oe:team:7d6673d3a9d00363c6bebc1a630da6e,1.0,Sivir,Akali,Caitlyn,Yorick,Aatrox,Leona,,,,,,2171,1,3,3,15,30,15,1.0,0.0,0.0,0.0,0.0,0.0,0.0,0.0,0.8291,1.216,,,,,,,,,,,,,,,,,,,,,0.0,0.0,,,,,,,,,,2.0,0.0,36804,1017.1534,0.260598,806.9185,381.8885,7186.0,21,0.5804,16,0.4422,7,67,1.8517,18137,13433,371.2483,0.258573,16275,,,348.0,317.0,31,,,9.6177,3740.0,4376.0,98.0,3384.0,4007.0,88.0,356.0,369.0,10.0,0.0,1.0,0.0,0.0,1.0,1.0,6728.0,7001.0,151.0,5999.0,6924.0,132.0,729.0,77.0,19.0,0.0,2.0,1.0,1.0,3.0,2.0,9140.0,10002.0,214.0,7864.0,9593.0,188.0,1276.0,409.0,26.0,0.0,4.0,1.0,1.0,3.0,3.0,11478.0,12927.0,258.0,9706.0,11355.0,229.0,1772.0,1572.0,29.0,0.0,7.0,2.0,2.0,3.0,4.0
LOLTMNT01_416859,complete,,MSI,2026,,0,2026-07-03 09:30:44,5,16.13,5,Blue,sup,Labrov,oe:player:bb6ac5763c6576e104a7a2f59eb4ddf,G2 Esports,oe:team:7d6673d3a9d00363c6bebc1a630da6e,1.0,Rell,Akali,Caitlyn,Yorick,Aatrox,Leona,,,,,,2171,1,2,4,21,30,15,0.0,0.0,0.0,0.0,0.0,0.0,0.0,0.0,0.8291,1.216,,,,,,,,,,,,,,,,,,,,,0.0,0.0,,,,,,,,,,0.0,0.0,13103,362.1281,0.0927784,908.1253,1415.3201,3474.0,72,1.9899,12,0.3316,28,149,4.1179,10447,5743,158.7195,0.110543,9755,,,26.0,26.0,0,,,0.7186,2746.0,2103.0,14.0,2366.0,2074.0,13.0,380.0,29.0,1.0,1.0,1.0,0.0,0.0,1.0,1.0,4170.0,3953.0,16.0,4217.0,3702.0,23.0,-47.0,251.0,-7.0,1.0,5.0,0.0,1.0,2.0,4.0,5523.0,4651.0,20.0,5455.0,4956.0,26.0,68.0,-305.0,-6.0,1.0,7.0,1.0,1.0,4.0,5.0,6945.0,6588.0,22.0,6392.0,5339.0,27.0,553.0,1249.0,-5.0,2.0,10.0,2.0,1.0,4.0,6.0
LOLTMNT01_416859,complete,,MSI,2026,,0,2026-07-03 09:30:44,5,16.13,6,Red,top,ZUIAN,oe:player:f52533de1cc92487ab58b973cd2490e,Top Esports,oe:team:fcec508e780bbd1ad493852640f5b36,0.0,Ornn,Orianna,Alistar,Jayce,Trundle,Dr. Mundo,,,,,,2171,0,1,8,5,14,30,0.0,0.0,0.0,0.0,0.0,0.0,0.0,1.0,0.3869,1.216,,,,,,,,,,,,,,,,,,,,,0.0,0.0,,,,,,,,,,0.0,1.0,13880,383.602,0.107629,1173.4684,2240.4514,628.0,12,0.3316,7,0.1935,2,43,1.1884,10090,5386,148.8531,0.131716,10300,,,208.0,208.0,0,,,5.7485,3101.0,4734.0,61.0,3465.0,5126.0,84.0,-364.0,-392.0,-23.0,1.0,0.0,1.0,0.0,1.0,0.0,4591.0,8630.0,109.0,5515.0,9233.0,138.0,-924.0,-603.0,-29.0,1.0,0.0,1.0,1.0,1.0,0.0,6039.0,10560.0,147.0,7933.0,12371.0,187.0,-1894.0,-1811.0,-40.0,1.0,0.0,2.0,2.0,2.0,1.0,7319.0,12431.0,172.0,9801.0,17865.0,227.0,-2482.0,-5434.0,-55.0,1.0,1.0,3.0,2.0,5.0,1.0
LOLTMNT01_416859,complete,,MSI,2026,,0,2026-07-03 09:30:44,5,16.13,7,Red,jng,Tian,oe:player:0da0eeb199e8fa3ab773cf84f9de9ab,Top Esports,oe:team:fcec508e780bbd1ad493852640f5b36,0.0,Maokai,Orianna,Alistar,Jayce,Trundle,Dr. Mundo,,,,,,2171,0,3,5,6,14,30,0.0,0.0,0.0,0.0,0.0,0.0,0.0,0.0,0.3869,1.216,,,,,,,,,,,,,,,,,,,,,0.0,2.0,,,,,,,,,,0.0,0.0,32854,907.9871,0.254757,1093.1,837.5127,0.0,12,0.3316,10,0.2764,11,50,1.3819,13942,9238,255.3109,0.225925,13825,,,203.0,23.0,180,,,5.6103,3529.0,3879.0,77.0,4188.0,4164.0,79.0,-659.0,-285.0,-2.0,0.0,0.0,0.0,2.0,0.0,2.0,5950.0,6906.0,118.0,6252.0,6348.0,114.0,-302.0,558.0,4.0,1.0,2.0,1.0,3.0,3.0,3.0,8294.0,9419.0,154.0,8576.0,9360.0,157.0,-282.0,59.0,-3.0,2.0,3.0,1.0,4.0,4.0,3.0,9454.0,10273.0,165.0,11236.0,12820.0,189.0,-1782.0,-2547.0,-24.0,2.0,3.0,3.0,6.0,7.0,3.0
LOLTMNT01_416859,complete,,MSI,2026,,0,2026-07-03 09:30:44,5,16.13,8,Red,mid,Creme,oe:player:6e7908512cb309a43388bb464a312a2,Top Esports,oe:team:fcec508e780bbd1ad493852640f5b36,0.0,Yone,Orianna,Alistar,Jayce,Trundle,Dr. Mundo,,,,,,2171,0,6,3,2,14,30,0.0,0.0,0.0,0.0,0.0,0.0,0.0,0.0,0.3869,1.216,,,,,,,,,,,,,,,,,,,,,0.0,0.0,,,,,,,,,,0.0,1.0,30734,849.3966,0.238318,1129.3597,1359.7697,6325.0,16,0.4422,8,0.2211,3,47,1.2989,16271,11567,319.6776,0.282885,16175,,,371.0,359.0,12,,,10.2533,3655.0,4940.0,88.0,3781.0,4741.0,101.0,-126.0,199.0,-13.0,1.0,0.0,0.0,0.0,1.0,0.0,5576.0,7204.0,127.0,6371.0,7247.0,144.0,-795.0,-43.0,-17.0,2.0,1.0,1.0,4.0,1.0,2.0,8414.0,10689.0,189.0,8300.0,9843.0,176.0,114.0,846.0,13.0,3.0,2.0,1.0,5.0,3.0,2.0,10193.0,13012.0,239.0,11216.0,12664.0,201.0,-1023.0,348.0,38.0,3.0,2.0,2.0,8.0,5.0,2.0
LOLTMNT01_416859,complete,,MSI,2026,,0,2026-07-03 09:30:44,5,16.13,9,Red,bot,JackeyLove,oe:player:c54e1090ef1faa736b12493051c4855,Top Esports,oe:team:fcec508e780bbd1ad493852640f5b36,0.0,Ziggs,Orianna,Alistar,Jayce,Trundle,Dr. Mundo,,,,,,2171,0,3,6,5,14,30,0.0,0.0,0.0,0.0,0.0,0.0,0.0,0.0,0.3869,1.216,,,,,,,,,,,,,,,,,,,,,0.0,0.0,,,,,,,,,,0.0,2.0,36021,995.5136,0.279315,514.5187,292.2064,3802.0,12,0.3316,4,0.1105,6,28,0.7738,15086,10382,286.9277,0.253904,14650,,,340.0,336.0,4,,,9.3966,3384.0,4007.0,88.0,3740.0,4376.0,98.0,-356.0,-369.0,-10.0,0.0,1.0,1.0,0.0,1.0,0.0,5999.0,6924.0,132.0,6728.0,7001.0,151.0,-729.0,-77.0,-19.0,1.0,3.0,2.0,0.0,2.0,1.0,7864.0,9593.0,188.0,9140.0,10002.0,214.0,-1276.0,-409.0,-26.0,1.0,3.0,3.0,0.0,4.0,1.0,9706.0,11355.0,229.0,11478.0,12927.0,258.0,-1772.0,-1572.0,-29.0,2.0,3.0,4.0,0.0,7.0,2.0
LOLTMNT01_416859,complete,,MSI,2026,,0,2026-07-03 09:30:44,5,16.13,10,Red,sup,fengyue,oe:player:b777313deced54da2d2c1aa88f52e50,Top Esports,oe:team:fcec508e780bbd1ad493852640f5b36,0.0,Pantheon,Orianna,Alistar,Jayce,Trundle,Dr. Mundo,,,,,,2171,0,1,8,5,14,30,0.0,0.0,0.0,0.0,0.0,0.0,0.0,0.0,0.3869,1.216,,,,,,,,,,,,,,,,,,,,,0.0,0.0,,,,,,,,,,0.0,0.0,15473,427.6278,0.119981,763.6389,426.0525,0.0,72,1.9899,20,0.5527,26,149,4.1179,9021,4317,119.3091,0.105571,8600,,,37.0,37.0,0,,,1.0226,2366.0,2074.0,13.0,2746.0,2103.0,14.0,-380.0,-29.0,-1.0,0.0,1.0,1.0,1.0,1.0,0.0,4217.0,3702.0,23.0,4170.0,3953.0,16.0,47.0,-251.0,7.0,1.0,2.0,4.0,1.0,5.0,0.0,5455.0,4956.0,26.0,5523.0,4651.0,20.0,-68.0,305.0,6.0,1.0,4.0,5.0,1.0,7.0,1.0,6392.0,5339.0,27.0,6945.0,6588.0,22.0,-553.0,-1249.0,5.0,1.0,4.0,6.0,2.0,10.0,2.0
LOLTMNT01_416859,complete,,MSI,2026,,0,2026-07-03 09:30:44,5,16.13,100,Blue,team,,,G2 Esports,oe:team:7d6673d3a9d00363c6bebc1a630da6e,1.0,,Akali,Caitlyn,Yorick,Aatrox,Leona,Anivia,Poppy,Sivir,Mel,Rell,2171,1,30,15,75,30,15,2.0,0.0,0.0,0.0,1.0,,,,0.8291,1.216,0.0,3.0,2.0,3.0,2.0,0.0,0.0,0.0,0.0,0.0,3.0,,0.0,0.0,1.0,1.0,0.0,3.0,0.0,1.0,2.0,0.0,0.0,0.0,1.0,11.0,1.0,1.0,1.0,45.0,11.0,4.0,0.0,141229,3903.1506,,4532.4459,5031.4602,39137.0,134,3.7034,51,1.4095,54,354,9.7835,75471,51949,1435.7163,,69905,0.0952381,3.06,,896.0,268,,,32.1695,17920.0,20510.0,376.0,16035.0,19634.0,327.0,1885.0,876.0,49.0,3.0,4.0,2.0,2.0,2.0,3.0,29036.0,33782.0,563.0,26333.0,33366.0,509.0,2703.0,416.0,54.0,9.0,12.0,6.0,6.0,8.0,9.0,39472.0,46227.0,754.0,36066.0,45217.0,704.0,3406.0,1010.0,50.0,12.0,20.0,8.0,8.0,12.0,12.0,50676.0,62864.0,897.0,43064.0,52410.0,832.0,7612.0,10454.0,65.0,18.0,34.0,10.0,9.0,13.0,18.0
LOLTMNT01_416859,complete,,MSI,2026,,0,2026-07-03 09:30:44,5,16.13,200,Red,team,,,Top Esports,oe:team:fcec508e780bbd1ad493852640f5b36,0.0,,Orianna,Alistar,Jayce,Trundle,Dr. Mundo,Pantheon,Ziggs,Yone,Maokai,Ornn,2171,0,14,30,23,14,30,0.0,0.0,0.0,0.0,0.0,,,,0.3869,1.216,1.0,2.0,3.0,2.0,3.0,0.0,1.0,0.0,0.0,1.0,0.0,,0.0,0.0,0.0,0.0,1.0,0.0,3.0,0.0,0.0,2.0,0.0,0.0,0.0,1.0,11.0,0.0,0.0,11.0,45.0,0.0,4.0,128962,3564.1271,,4674.0857,5155.9926,10755.0,124,3.427,49,1.3542,48,317,8.7609,64410,40888,1130.023,,63550,-0.0952381,-3.06,,963.0,196,,,32.0313,16035.0,19634.0,327.0,17920.0,20510.0,376.0,-1885.0,-876.0,-49.0,2.0,2.0,3.0,3.0,4.0,2.0,26333.0,33366.0,509.0,29036.0,33782.0,563.0,-2703.0,-416.0,-54.0,6.0,8.0,9.0,9.0,12.0,6.0,36066.0,45217.0,704.0,39472.0,46227.0,754.0,-3406.0,-1010.0,-50.0,8.0,12.0,12.0,12.0,20.0,8.0,43064.0,52410.0,832.0,50676.0,62864.0,897.0,-7612.0,-10454.0,-65.0,9.0,13.0,18.0,18.0,34.0,10.0
LOLTMNT01_417195,complete,,MSI,2026,,0,2026-07-04 03:14:14,1,16.13,1,Blue,top,Guigo,oe:player:d61d8a0b25028f787123bfff542d305,FURIA,oe:team:87e3e1e75839f75a10bbc66e894d806,1.0,Sion,Nocturne,Nautilus,Camille,Trundle,Cassiopeia,,,,,,2640,0,2,3,11,26,23,0.0,0.0,0.0,0.0,0.0,0.0,0.0,0.0,0.5909,1.1136,,,,,,,,,,,,,,,,,,,,,1.0,0.0,,,,,,,,,,0.0,1.0,33347,757.8864,0.227934,1745.3409,4937.9545,11007.0,19,0.4318,17,0.3864,13,72,1.6364,16132,10471,237.9773,0.18831,15925,,,325.0,320.0,5,,,7.3864,3423.0,5117.0,82.0,3344.0,4511.0,80.0,79.0,606.0,2.0,0.0,2.0,0.0,0.0,0.0,2.0,5349.0,8623.0,137.0,4595.0,7335.0,112.0,754.0,1288.0,25.0,0.0,2.0,0.0,0.0,0.0,2.0,7848.0,12989.0,192.0,6532.0,9918.0,149.0,1316.0,3071.0,43.0,1.0,5.0,0.0,1.0,0.0,4.0,10640.0,16704.0,242.0,10166.0,13052.0,204.0,474.0,3652.0,38.0,1.0,5.0,0.0,2.0,0.0,5.0
LOLTMNT01_417195,complete,,MSI,2026,,0,2026-07-04 03:14:14,1,16.13,2,Blue,jng,Tatu,oe:player:6625d682ed10ef5e0e7c6c9e4dd2fc1,FURIA,oe:team:87e3e1e75839f75a10bbc66e894d806,1.0,Naafiri,Nocturne,Nautilus,Camille,Trundle,Cassiopeia,,,,,,2640,0,5,5,10,26,23,0.0,0.0,0.0,0.0,0.0,0.0,0.0,0.0,0.5909,1.1136,,,,,,,,,,,,,,,,,,,,,2.0,0.0,,,,,,,,,,0.0,0.0,25921,589.1136,0.177176,914.9545,947.6364,566.0,13,0.2955,22,0.5,12,86,1.9545,16231,10570,240.2273,0.190091,15800,,,280.0,54.0,226,,,6.3636,3503.0,3843.0,67.0,3880.0,4065.0,81.0,-377.0,-222.0,-14.0,1.0,0.0,0.0,1.0,0.0,0.0,5183.0,6187.0,108.0,5693.0,6884.0,131.0,-510.0,-697.0,-23.0,1.0,0.0,0.0,1.0,0.0,0.0,6768.0,8073.0,135.0,7562.0,9429.0,170.0,-794.0,-1356.0,-35.0,1.0,2.0,1.0,1.0,2.0,1.0,9622.0,12555.0,189.0,9489.0,12075.0,211.0,133.0,480.0,-22.0,2.0,5.0,1.0,1.0,2.0,2.0
LOLTMNT01_417195,complete,,MSI,2026,,0,2026-07-04 03:14:14,1,16.13,3,Blue,mid,Tutsz,oe:player:886e8205ac1b091dbf67dbae83b1544,FURIA,oe:team:87e3e1e75839f75a10bbc66e894d806,1.0,Ryze,Nocturne,Nautilus,Camille,Trundle,Cassiopeia,,,,,,2640,0,3,5,12,26,23,0.0,0.0,0.0,0.0,1.0,1.0,0.0,0.0,0.5909,1.1136,,,,,,,,,,,,,,,,,,,,,0.0,0.0,,,,,,,,,,0.0,0.0,30667,696.9773,0.209616,857.0909,950.5682,2402.0,19,0.4318,23,0.5227,15,92,2.0909,16245,10584,240.5455,0.190342,15925,,,355.0,351.0,4,,,8.0682,3899.0,5184.0,86.0,3693.0,5384.0,97.0,206.0,-200.0,-11.0,2.0,0.0,1.0,0.0,1.0,1.0,5670.0,7796.0,145.0,5407.0,7907.0,154.0,263.0,-111.0,-9.0,2.0,0.0,1.0,0.0,1.0,1.0,7258.0,10175.0,185.0,7309.0,10849.0,211.0,-51.0,-674.0,-26.0,2.0,3.0,1.0,0.0,1.0,2.0,9352.0,15041.0,234.0,8948.0,12868.0,251.0,404.0,2173.0,-17.0,2.0,5.0,1.0,0.0,1.0,3.0
LOLTMNT01_417195,complete,,MSI,2026,,0,2026-07-04 03:14:14,1,16.13,4,Blue,bot,Ayu,oe:player:d7a904873d10637ef44afa9c1de83b3,FURIA,oe:team:87e3e1e75839f75a10bbc66e894d806,1.0,Jhin,Nocturne,Nautilus,Camille,Trundle,Cassiopeia,,,,,,2640,0,14,7,5,26,23,2.0,1.0,0.0,0.0,0.0,0.0,0.0,0.0,0.5909,1.1136,,,,,,,,,,,,,,,,,,,,,0.0,0.0,,,,,,,,,,0.0,0.0,43484,988.2727,0.297223,560.5455,481.6591,3369.0,17,0.3864,9,0.2045,5,39,0.8864,23293,17632,400.7273,0.317096,22075,,,357.0,345.0,12,,,8.1136,3401.0,3753.0,92.0,3399.0,3746.0,94.0,2.0,7.0,-2.0,0.0,0.0,0.0,0.0,0.0,0.0,5561.0,6175.0,142.0,5982.0,6402.0,156.0,-421.0,-227.0,-14.0,0.0,0.0,0.0,0.0,0.0,0.0,8687.0,8560.0,179.0,8270.0,8923.0,203.0,417.0,-363.0,-24.0,3.0,1.0,1.0,1.0,1.0,1.0,12448.0,11498.0,224.0,10636.0,11901.0,258.0,1812.0,-403.0,-34.0,6.0,2.0,2.0,1.0,2.0,1.0
LOLTMNT01_417195,complete,,MSI,2026,,0,2026-07-04 03:14:14,1,16.13,5,Blue,sup,JoJo,oe:player:cb4cd2fd258d5961d2f1c4815b04123,FURIA,oe:team:87e3e1e75839f75a10bbc66e894d806,1.0,Karma,Nocturne,Nautilus,Camille,Trundle,Cassiopeia,,,,,,2640,0,2,3,18,26,23,0.0,0.0,0.0,0.0,0.0,0.0,0.0,0.0,0.5909,1.1136,,,,,,,,,,,,,,,,,,,,,0.0,0.0,,,,,,,,,,0.0,0.0,12882,292.7727,0.0880513,587.25,403.9545,139.0,93,2.1136,26,0.5909,43,187,4.25,12009,6348,144.2727,0.114161,11655,,,49.0,49.0,0,,,1.1136,2296.0,1931.0,13.0,2286.0,2367.0,15.0,10.0,-436.0,-2.0,0.0,1.0,0.0,0.0,0.0,0.0,3348.0,2983.0,20.0,3378.0,3061.0,23.0,-30.0,-78.0,-3.0,0.0,1.0,0.0,0.0,0.0,0.0,5349.0,5176.0,26.0,4442.0,4014.0,29.0,907.0,1162.0,-3.0,2.0,4.0,0.0,0.0,0.0,1.0,6964.0,7451.0,28.0,5785.0,5011.0,36.0,1179.0,2440.0,-8.0,2.0,8.0,0.0,0.0,1.0,2.0
LOLTMNT01_417195,complete,,MSI,2026,,0,2026-07-04 03:14:14,1,16.13,6,Red,top,Dhokla,oe:player:5385f74da3e5deb5b66d9a1ee56cf97,LYON,oe:team:da1143bf9a245b78a8dc86417de85b3,0.0,Jayce,Seraphine,Bard,K'Sante,Lee Sin,Annie,,,,,,2640,1,4,11,9,23,26,0.0,0.0,0.0,0.0,0.0,0.0,0.0,0.0,0.5227,1.1136,,,,,,,,,,,,,,,,,,,,,0.0,1.0,,,,,,,,,,1.0,0.0,46718,1061.7727,0.265865,960.9773,915.2727,12520.0,20,0.4545,6,0.1364,4,45,1.0227,16873,11212,254.8182,0.186008,15150,,,293.0,276.0,17,,,6.6591,3344.0,4511.0,80.0,3423.0,5117.0,82.0,-79.0,-606.0,-2.0,0.0,0.0,2.0,0.0,2.0,0.0,4595.0,7335.0,112.0,5349.0,8623.0,137.0,-754.0,-1288.0,-25.0,0.0,0.0,2.0,0.0,2.0,0.0,6532.0,9918.0,149.0,7848.0,12989.0,192.0,-1316.0,-3071.0,-43.0,1.0,0.0,4.0,1.0,5.0,0.0,10166.0,13052.0,204.0,10640.0,16704.0,242.0,-474.0,-3652.0,-38.0,2.0,0.0,5.0,1.0,5.0,0.0
LOLTMNT01_417195,complete,,MSI,2026,,0,2026-07-04 03:14:14,1,16.13,7,Red,jng,Inspired,oe:player:a8307167f3a1c933295bb9e3d43700e,LYON,oe:team:da1143bf9a245b78a8dc86417de85b3,0.0,Jarvan IV,Seraphine,Bard,K'Sante,Lee Sin,Annie,,,,,,2640,1,7,3,13,23,26,1.0,0.0,0.0,0.0,0.0,0.0,0.0,0.0,0.5227,1.1136,,,,,,,,,,,,,,,,,,,,,0.0,2.0,,,,,,,,,,0.0,0.0,23909,543.3864,0.136062,1156.3864,2442.0455,2833.0,10,0.2273,15,0.3409,5,71,1.6136,20261,14600,331.8182,0.242216,17975,,,310.0,29.0,281,,,7.0455,3880.0,4065.0,81.0,3503.0,3843.0,67.0,377.0,222.0,14.0,1.0,0.0,0.0,1.0,0.0,0.0,5693.0,6884.0,131.0,5183.0,6187.0,108.0,510.0,697.0,23.0,1.0,0.0,0.0,1.0,0.0,0.0,7562.0,9429.0,170.0,6768.0,8073.0,135.0,794.0,1356.0,35.0,1.0,2.0,1.0,1.0,2.0,1.0,9489.0,12075.0,211.0,9622.0,12555.0,189.0,-133.0,-480.0,22.0,1.0,2.0,2.0,2.0,5.0,1.0
LOLTMNT01_417195,complete,,MSI,2026,,0,2026-07-04 03:14:14,1,16.13,8,Red,mid,Saint,oe:player:f45792335d83b10581da2f0cbdd6e8e,LYON,oe:team:da1143bf9a245b78a8dc86417de85b3,0.0,Syndra,Seraphine,Bard,K'Sante,Lee Sin,Annie,,,,,,2640,1,3,5,11,23,26,0.0,0.0,0.0,0.0,0.0,0.0,0.0,1.0,0.5227,1.1136,,,,,,,,,,,,,,,,,,,,,0.0,0.0,,,,,,,,,,0.0,0.0,35836,814.4545,0.203937,598.9091,324.5227,5069.0,23,0.5227,16,0.3636,9,71,1.6136,17072,11411,259.3409,0.189309,16400,,,382.0,378.0,4,,,8.6818,3693.0,5384.0,97.0,3899.0,5184.0,86.0,-206.0,200.0,11.0,0.0,1.0,1.0,2.0,0.0,1.0,5407.0,7907.0,154.0,5670.0,7796.0,145.0,-263.0,111.0,9.0,0.0,1.0,1.0,2.0,0.0,1.0,7309.0,10849.0,211.0,7258.0,10175.0,185.0,51.0,674.0,26.0,0.0,1.0,2.0,2.0,3.0,1.0,8948.0,12868.0,251.0,9352.0,15041.0,234.0,-404.0,-2173.0,17.0,0.0,1.0,3.0,2.0,5.0,1.0
LOLTMNT01_417195,complete,,MSI,2026,,0,2026-07-04 03:14:14,1,16.13,9,Red,bot,Berserker,oe:player:460ae5a7af8d68f7831b70307210ab3,LYON,oe:team:da1143bf9a245b78a8dc86417de85b3,0.0,Ezreal,Seraphine,Bard,K'Sante,Lee Sin,Annie,,,,,,2640,1,6,2,9,23,26,0.0,0.0,0.0,0.0,0.0,0.0,0.0,0.0,0.5227,1.1136,,,,,,,,,,,,,,,,,,,,,0.0,0.0,,,,,,,,,,0.0,0.0,54951,1248.8864,0.312717,703.7955,380.6591,13512.0,18,0.4091,8,0.1818,4,47,1.0682,21912,16251,369.3409,0.269606,18808,,,438.0,403.0,35,,,9.9545,3399.0,3746.0,94.0,3401.0,3753.0,92.0,-2.0,-7.0,2.0,0.0,0.0,0.0,0.0,0.0,0.0,5982.0,6402.0,156.0,5561.0,6175.0,142.0,421.0,227.0,14.0,0.0,0.0,0.0,0.0,0.0,0.0,8270.0,8923.0,203.0,8687.0,8560.0,179.0,-417.0,363.0,24.0,1.0,1.0,1.0,3.0,1.0,1.0,10636.0,11901.0,258.0,12448.0,11498.0,224.0,-1812.0,403.0,34.0,1.0,2.0,1.0,6.0,2.0,2.0
LOLTMNT01_417195,complete,,MSI,2026,,0,2026-07-04 03:14:14,1,16.13,10,Red,sup,Isles,oe:player:40704dfd2d966862568d29770de57bd,LYON,oe:team:da1143bf9a245b78a8dc86417de85b3,0.0,Neeko,Seraphine,Bard,K'Sante,Lee Sin,Annie,,,,,,2640,1,3,5,9,23,26,1.0,0.0,0.0,0.0,0.0,0.0,0.0,0.0,0.5227,1.1136,,,,,,,,,,,,,,,,,,,,,0.0,0.0,,,,,,,,,,0.0,0.0,14307,325.1591,0.0814188,527.9318,295.25,402.0,106,2.4091,23,0.5227,39,199,4.5227,12464,6803,154.6136,0.112861,10305,,,49.0,49.0,0,,,1.1136,2286.0,2367.0,15.0,2296.0,1931.0,13.0,-10.0,436.0,2.0,0.0,0.0,0.0,0.0,1.0,0.0,3378.0,3061.0,23.0,3348.0,2983.0,20.0,30.0,78.0,3.0,0.0,0.0,0.0,0.0,1.0,0.0,4442.0,4014.0,29.0,5349.0,5176.0,26.0,-907.0,-1162.0,3.0,0.0,0.0,1.0,2.0,4.0,0.0,5785.0,5011.0,36.0,6964.0,7451.0,28.0,-1179.0,-2440.0,8.0,0.0,1.0,2.0,2.0,8.0,0.0
LOLTMNT01_417195,complete,,MSI,2026,,0,2026-07-04 03:14:14,1,16.13,100,Blue,team,,,FURIA,oe:team:87e3e1e75839f75a10bbc66e894d806,1.0,,Nocturne,Nautilus,Camille,Trundle,Cassiopeia,Karma,Jhin,Sion,Naafiri,Ryze,2640,0,26,23,56,26,23,2.0,1.0,0.0,0.0,1.0,,,,0.5909,1.1136,0.0,4.0,3.0,4.0,2.0,0.0,0.0,4.0,0.0,0.0,0.0,,0.0,1.0,1.0,1.0,0.0,1.0,2.0,1.0,3.0,0.0,0.0,0.0,0.0,5.0,8.0,0.0,0.0,31.0,35.0,0.0,1.0,146301,3325.0227,,4665.1818,7721.7727,17483.0,161,3.6591,97,2.2045,88,476,10.8182,83910,55604,1263.7273,,81380,0.0342711,0.44,,1119.0,247,,,31.0455,16522.0,19828.0,340.0,16602.0,20073.0,367.0,-80.0,-245.0,-27.0,3.0,3.0,1.0,1.0,1.0,3.0,25111.0,31764.0,552.0,25055.0,31589.0,576.0,56.0,175.0,-24.0,3.0,3.0,1.0,1.0,1.0,3.0,35910.0,44973.0,717.0,34115.0,43133.0,762.0,1795.0,1840.0,-45.0,9.0,15.0,3.0,3.0,4.0,9.0,49026.0,63249.0,917.0,45024.0,54907.0,960.0,4002.0,8342.0,-43.0,13.0,25.0,4.0,4.0,6.0,13.0
LOLTMNT01_417195,complete,,MSI,2026,,0,2026-07-04 03:14:14,1,16.13,200,Red,team,,,LYON,oe:team:da1143bf9a245b78a8dc86417de85b3,0.0,,Seraphine,Bard,K'Sante,Lee Sin,Annie,Jayce,Ezreal,Neeko,Jarvan IV,Syndra,2640,1,23,26,51,23,26,2.0,0.0,0.0,0.0,0.0,,,,0.5227,1.1136,1.0,3.0,4.0,2.0,4.0,0.0,0.0,0.0,1.0,0.0,1.0,,1.0,0.0,0.0,0.0,1.0,2.0,1.0,0.0,0.0,3.0,0.0,0.0,1.0,8.0,5.0,1.0,1.0,35.0,31.0,1.0,0.0,175721,3993.6591,,3948.0,4357.75,34336.0,177,4.0227,68,1.5455,61,433,9.8409,88582,60276,1369.9091,,78638,-0.0342711,-0.44,,1135.0,337,,,33.4545,16602.0,20073.0,367.0,16522.0,19828.0,340.0,80.0,245.0,27.0,1.0,1.0,3.0,3.0,3.0,1.0,25055.0,31589.0,576.0,25111.0,31764.0,552.0,-56.0,-175.0,24.0,1.0,1.0,3.0,3.0,3.0,1.0,34115.0,43133.0,762.0,35910.0,44973.0,717.0,-1795.0,-1840.0,45.0,3.0,4.0,9.0,9.0,15.0,3.0,45024.0,54907.0,960.0,49026.0,63249.0,917.0,-4002.0,-8342.0,43.0,4.0,6.0,13.0,13.0,25.0,4.0
LOLTMNT01_417198,complete,,MSI,2026,,0,2026-07-04 04:22:58,2,16.13,1,Blue,top,Dhokla,oe:player:5385f74da3e5deb5b66d9a1ee56cf97,LYON,oe:team:da1143bf9a245b78a8dc86417de85b3,1.0,Gnar,Twisted Fate,Akali,Orianna,Rumble,Sivir,,,,,,2265,1,3,6,10,23,22,0.0,0.0,0.0,0.0,0.0,0.0,0.0,0.0,0.6093,1.1921,,,,,,,,,,,,,,,,,,,,,0.0,0.0,,,,,,,,,,2.0,0.0,24549,650.3046,0.184016,949.6689,1043.0993,4643.0,17,0.4503,7,0.1854,5,50,1.3245,14515,9619,254.8079,0.185953,14308,,,298.0,280.0,18,,,7.894,3676.0,4949.0,83.0,3130.0,4894.0,76.0,546.0,55.0,7.0,1.0,1.0,1.0,0.0,1.0,1.0,5337.0,8055.0,132.0,5161.0,8929.0,137.0,176.0,-874.0,-5.0,1.0,1.0,2.0,0.0,1.0,1.0,7412.0,10792.0,170.0,7262.0,11756.0,169.0,150.0,-964.0,1.0,2.0,2.0,3.0,2.0,3.0,2.0,9186.0,14062.0,215.0,9056.0,14528.0,219.0,130.0,-466.0,-4.0,2.0,2.0,4.0,2.0,4.0,2.0
LOLTMNT01_417198,complete,,MSI,2026,,0,2026-07-04 04:22:58,2,16.13,2,Blue,jng,Inspired,oe:player:a8307167f3a1c933295bb9e3d43700e,LYON,oe:team:da1143bf9a245b78a8dc86417de85b3,1.0,Wukong,Twisted Fate,Akali,Orianna,Rumble,Sivir,,,,,,2265,1,5,3,11,23,22,1.0,0.0,0.0,0.0,0.0,0.0,0.0,0.0,0.6093,1.1921,,,,,,,,,,,,,,,,,,,,,1.0,0.0,,,,,,,,,,0.0,0.0,16425,435.0993,0.123119,891.3907,677.5099,8624.0,8,0.2119,18,0.4768,4,72,1.9073,16466,11570,306.4901,0.22367,13083,,,290.0,29.0,261,,,7.6821,3450.0,3717.0,74.0,3543.0,3686.0,68.0,-93.0,31.0,6.0,0.0,2.0,0.0,1.0,2.0,0.0,5331.0,6039.0,115.0,5736.0,6578.0,119.0,-405.0,-539.0,-4.0,0.0,2.0,0.0,2.0,2.0,0.0,7192.0,8526.0,157.0,7518.0,9007.0,158.0,-326.0,-481.0,-1.0,0.0,3.0,1.0,2.0,5.0,1.0,9310.0,12017.0,202.0,9615.0,11593.0,189.0,-305.0,424.0,13.0,0.0,4.0,1.0,2.0,8.0,2.0
LOLTMNT01_417198,complete,,MSI,2026,,0,2026-07-04 04:22:58,2,16.13,3,Blue,mid,Saint,oe:player:f45792335d83b10581da2f0cbdd6e8e,LYON,oe:team:da1143bf9a245b78a8dc86417de85b3,1.0,Galio,Twisted Fate,Akali,Orianna,Rumble,Sivir,,,,,,2265,1,1,5,11,23,22,0.0,0.0,0.0,0.0,0.0,0.0,0.0,0.0,0.6093,1.1921,,,,,,,,,,,,,,,,,,,,,0.0,0.0,,,,,,,,,,0.0,0.0,25039,663.2848,0.187689,793.0596,1260.0265,7511.0,12,0.3179,11,0.2914,9,61,1.6159,13200,8304,219.9735,0.160531,12325,,,264.0,264.0,0,,,6.9934,3301.0,4920.0,83.0,3586.0,4465.0,80.0,-285.0,455.0,3.0,0.0,1.0,0.0,2.0,0.0,0.0,5459.0,7604.0,141.0,4940.0,6564.0,119.0,519.0,1040.0,22.0,0.0,1.0,0.0,2.0,0.0,0.0,6791.0,9436.0,175.0,7100.0,9658.0,166.0,-309.0,-222.0,9.0,0.0,1.0,1.0,3.0,4.0,0.0,8530.0,12279.0,213.0,9217.0,11820.0,197.0,-687.0,459.0,16.0,0.0,2.0,3.0,5.0,5.0,1.0
LOLTMNT01_417198,complete,,MSI,2026,,0,2026-07-04 04:22:58,2,16.13,4,Blue,bot,Berserker,oe:player:460ae5a7af8d68f7831b70307210ab3,LYON,oe:team:da1143bf9a245b78a8dc86417de85b3,1.0,Ziggs,Twisted Fate,Akali,Orianna,Rumble,Sivir,,,,,,2265,1,11,0,6,23,22,3.0,0.0,0.0,0.0,0.0,0.0,0.0,0.0,0.6093,1.1921,,,,,,,,,,,,,,,,,,,,,0.0,0.0,,,,,,,,,,0.0,0.0,52218,1383.2583,0.391419,171.6291,96.2384,15356.0,13,0.3444,7,0.1854,2,36,0.9536,20584,15688,415.5762,0.303281,19850,,,330.0,330.0,0,,,8.7417,3352.0,3614.0,67.0,3277.0,3872.0,66.0,75.0,-258.0,1.0,1.0,1.0,0.0,1.0,1.0,0.0,5973.0,6619.0,128.0,5412.0,6822.0,120.0,561.0,-203.0,8.0,1.0,1.0,0.0,1.0,2.0,0.0,8242.0,9702.0,185.0,8212.0,10057.0,178.0,30.0,-355.0,7.0,1.0,2.0,0.0,3.0,6.0,0.0,12000.0,13546.0,239.0,10331.0,12226.0,223.0,1669.0,1320.0,16.0,3.0,2.0,0.0,4.0,6.0,0.0
LOLTMNT01_417198,complete,,MSI,2026,,0,2026-07-04 04:22:58,2,16.13,5,Blue,sup,Isles,oe:player:40704dfd2d966862568d29770de57bd,LYON,oe:team:da1143bf9a245b78a8dc86417de85b3,1.0,Camille,Twisted Fate,Akali,Orianna,Rumble,Sivir,,,,,,2265,1,3,8,11,23,22,0.0,0.0,0.0,0.0,0.0,0.0,0.0,1.0,0.6093,1.1921,,,,,,,,,,,,,,,,,,,,,0.0,0.0,,,,,,,,,,0.0,0.0,15176,402.0132,0.113757,726.4106,597.5894,2366.0,92,2.4371,17,0.4503,37,184,4.8742,11443,6547,173.4305,0.126564,11020,,,34.0,34.0,0,,,0.9007,2432.0,1446.0,7.0,2481.0,1385.0,7.0,-49.0,61.0,0.0,0.0,1.0,3.0,0.0,4.0,1.0,3569.0,2597.0,17.0,3497.0,2412.0,16.0,72.0,185.0,1.0,0.0,1.0,3.0,0.0,4.0,1.0,5328.0,4098.0,22.0,5041.0,4202.0,21.0,287.0,-104.0,1.0,1.0,2.0,6.0,1.0,9.0,1.0,6806.0,7112.0,25.0,6235.0,5777.0,25.0,571.0,1335.0,0.0,1.0,3.0,6.0,1.0,11.0,1.0
LOLTMNT01_417198,complete,,MSI,2026,,0,2026-07-04 04:22:58,2,16.13,6,Red,top,Guigo,oe:player:d61d8a0b25028f787123bfff542d305,FURIA,oe:team:87e3e1e75839f75a10bbc66e894d806,0.0,Ambessa,Nocturne,Caitlyn,Poppy,Annie,Ahri,,,,,,2265,0,3,4,10,22,23,1.0,0.0,0.0,0.0,0.0,0.0,0.0,0.0,0.5828,1.1921,,,,,,,,,,,,,,,,,,,,,0.0,0.0,,,,,,,,,,0.0,2.0,24947,660.8477,0.236355,1020.9536,1463.6026,3068.0,8,0.2119,10,0.2649,5,43,1.1391,13742,8846,234.3311,0.205511,12950,,,311.0,295.0,16,,,8.2384,3130.0,4894.0,76.0,3676.0,4949.0,83.0,-546.0,-55.0,-7.0,0.0,1.0,1.0,1.0,1.0,1.0,5161.0,8929.0,137.0,5337.0,8055.0,132.0,-176.0,874.0,5.0,0.0,1.0,1.0,1.0,1.0,2.0,7262.0,11756.0,169.0,7412.0,10792.0,170.0,-150.0,964.0,-1.0,2.0,3.0,2.0,2.0,2.0,3.0,9056.0,14528.0,219.0,9186.0,14062.0,215.0,-130.0,466.0,4.0,2.0,4.0,2.0,2.0,2.0,4.0
LOLTMNT01_417198,complete,,MSI,2026,,0,2026-07-04 04:22:58,2,16.13,7,Red,jng,Tatu,oe:player:6625d682ed10ef5e0e7c6c9e4dd2fc1,FURIA,oe:team:87e3e1e75839f75a10bbc66e894d806,0.0,Vi,Nocturne,Caitlyn,Poppy,Annie,Ahri,,,,,,2265,0,2,5,14,22,23,0.0,0.0,0.0,0.0,0.0,0.0,0.0,0.0,0.5828,1.1921,,,,,,,,,,,,,,,,,,,,,0.0,1.0,,,,,,,,,,0.0,0.0,15081,399.4967,0.142882,1116.4503,1299.0993,5365.0,16,0.4238,17,0.4503,16,78,2.0662,13783,8887,235.4172,0.206463,13200,,,265.0,41.0,224,,,7.0199,3543.0,3686.0,68.0,3450.0,3717.0,74.0,93.0,-31.0,-6.0,1.0,2.0,0.0,0.0,2.0,0.0,5736.0,6578.0,119.0,5331.0,6039.0,115.0,405.0,539.0,4.0,2.0,2.0,0.0,0.0,2.0,0.0,7518.0,9007.0,158.0,7192.0,8526.0,157.0,326.0,481.0,1.0,2.0,5.0,1.0,0.0,3.0,1.0,9615.0,11593.0,189.0,9310.0,12017.0,202.0,305.0,-424.0,-13.0,2.0,8.0,2.0,0.0,4.0,1.0
LOLTMNT01_417198,complete,,MSI,2026,,0,2026-07-04 04:22:58,2,16.13,8,Red,mid,Tutsz,oe:player:886e8205ac1b091dbf67dbae83b1544,FURIA,oe:team:87e3e1e75839f75a10bbc66e894d806,0.0,Aurora,Nocturne,Caitlyn,Poppy,Annie,Ahri,,,,,,2265,0,6,7,8,22,23,0.0,0.0,0.0,0.0,0.0,0.0,0.0,0.0,0.5828,1.1921,,,,,,,,,,,,,,,,,,,,,0.0,0.0,,,,,,,,,,0.0,0.0,27161,719.4967,0.257331,793.5894,325.8013,2137.0,14,0.3709,4,0.106,12,40,1.0596,13208,8312,220.1854,0.193105,13290,,,266.0,266.0,0,,,7.0464,3586.0,4465.0,80.0,3301.0,4920.0,83.0,285.0,-455.0,-3.0,2.0,0.0,0.0,0.0,1.0,0.0,4940.0,6564.0,119.0,5459.0,7604.0,141.0,-519.0,-1040.0,-22.0,2.0,0.0,0.0,0.0,1.0,0.0,7100.0,9658.0,166.0,6791.0,9436.0,175.0,309.0,222.0,-9.0,3.0,4.0,0.0,0.0,1.0,1.0,9217.0,11820.0,197.0,8530.0,12279.0,213.0,687.0,-459.0,-16.0,5.0,5.0,1.0,0.0,2.0,3.0
LOLTMNT01_417198,complete,,MSI,2026,,0,2026-07-04 04:22:58,2,16.13,9,Red,bot,Ayu,oe:player:d7a904873d10637ef44afa9c1de83b3,FURIA,oe:team:87e3e1e75839f75a10bbc66e894d806,0.0,Cassiopeia,Nocturne,Caitlyn,Poppy,Annie,Ahri,,,,,,2265,0,10,2,8,22,23,1.0,0.0,0.0,0.0,1.0,1.0,0.0,0.0,0.5828,1.1921,,,,,,,,,,,,,,,,,,,,,0.0,0.0,,,,,,,,,,0.0,0.0,32238,853.9868,0.305432,728.9801,401.245,3262.0,13,0.3444,3,0.0795,2,26,0.6887,17511,12615,334.1722,0.293074,16600,,,316.0,308.0,8,,,8.3709,3277.0,3872.0,66.0,3352.0,3614.0,67.0,-75.0,258.0,-1.0,1.0,1.0,0.0,1.0,1.0,0.0,5412.0,6822.0,120.0,5973.0,6619.0,128.0,-561.0,203.0,-8.0,1.0,2.0,0.0,1.0,1.0,0.0,8212.0,10057.0,178.0,8242.0,9702.0,185.0,-30.0,355.0,-7.0,3.0,6.0,0.0,1.0,2.0,0.0,10331.0,12226.0,223.0,12000.0,13546.0,239.0,-1669.0,-1320.0,-16.0,4.0,6.0,0.0,3.0,2.0,0.0
LOLTMNT01_417198,complete,,MSI,2026,,0,2026-07-04 04:22:58,2,16.13,10,Red,sup,JoJo,oe:player:cb4cd2fd258d5961d2f1c4815b04123,FURIA,oe:team:87e3e1e75839f75a10bbc66e894d806,0.0,Rell,Nocturne,Caitlyn,Poppy,Annie,Ahri,,,,,,2265,0,1,5,19,22,23,0.0,0.0,0.0,0.0,1.0,0.0,1.0,0.0,0.5828,1.1921,,,,,,,,,,,,,,,,,,,,,0.0,0.0,,,,,,,,,,0.0,0.0,6122,162.1722,0.0580015,664.6093,1053.5099,0.0,93,2.4636,19,0.5033,35,195,5.1656,9280,4384,116.1325,0.101847,8480,,,29.0,29.0,0,,,0.7682,2481.0,1385.0,7.0,2432.0,1446.0,7.0,49.0,-61.0,0.0,0.0,4.0,1.0,0.0,1.0,3.0,3497.0,2412.0,16.0,3569.0,2597.0,17.0,-72.0,-185.0,-1.0,0.0,4.0,1.0,0.0,1.0,3.0,5041.0,4202.0,21.0,5328.0,4098.0,22.0,-287.0,104.0,-1.0,1.0,9.0,1.0,1.0,2.0,6.0,6235.0,5777.0,25.0,6806.0,7112.0,25.0,-571.0,-1335.0,0.0,1.0,11.0,1.0,1.0,3.0,6.0
LOLTMNT01_417198,complete,,MSI,2026,,0,2026-07-04 04:22:58,2,16.13,100,Blue,team,,,LYON,oe:team:da1143bf9a245b78a8dc86417de85b3,1.0,,Twisted Fate,Akali,Orianna,Rumble,Sivir,Camille,Ziggs,Wukong,Galio,Gnar,2265,1,23,22,49,23,22,4.0,0.0,0.0,0.0,0.0,,,,0.6093,1.1921,0.0,3.0,3.0,3.0,3.0,0.0,1.0,2.0,0.0,0.0,0.0,,0.0,0.0,0.0,0.0,1.0,3.0,0.0,1.0,1.0,0.0,0.0,0.0,1.0,9.0,2.0,1.0,1.0,36.0,18.0,2.0,0.0,133407,3533.9603,,3532.1589,3674.4636,38500.0,142,3.7616,60,1.5894,57,403,10.6755,76208,51727,1370.2517,,70586,0.0897962,0.47,,937.0,279,,,32.2119,16211.0,18646.0,314.0,16017.0,18302.0,297.0,194.0,344.0,17.0,2.0,6.0,4.0,4.0,8.0,2.0,25669.0,30914.0,533.0,24746.0,31305.0,511.0,923.0,-391.0,22.0,2.0,6.0,5.0,5.0,9.0,2.0,34965.0,42554.0,709.0,35133.0,44680.0,692.0,-168.0,-2126.0,17.0,4.0,10.0,11.0,11.0,27.0,4.0,45832.0,59016.0,894.0,44454.0,55944.0,853.0,1378.0,3072.0,41.0,6.0,13.0,14.0,14.0,34.0,6.0
LOLTMNT01_417198,complete,,MSI,2026,,0,2026-07-04 04:22:58,2,16.13,200,Red,team,,,FURIA,oe:team:87e3e1e75839f75a10bbc66e894d806,0.0,,Nocturne,Caitlyn,Poppy,Annie,Ahri,Cassiopeia,Rell,Vi,Aurora,Ambessa,2265,0,22,23,59,22,23,2.0,0.0,0.0,0.0,1.0,,,,0.5828,1.1921,1.0,3.0,3.0,3.0,3.0,0.0,0.0,2.0,0.0,0.0,1.0,,0.0,0.0,1.0,1.0,0.0,0.0,3.0,0.0,0.0,1.0,0.0,0.0,0.0,2.0,9.0,0.0,0.0,18.0,36.0,0.0,2.0,105549,2796.0,,4324.5828,4543.2583,13832.0,144,3.8146,53,1.404,70,382,10.1192,67524,43043,1140.2119,,64520,-0.0897962,-0.47,,939.0,248,,,31.4437,16017.0,18302.0,297.0,16211.0,18646.0,314.0,-194.0,-344.0,-17.0,4.0,8.0,2.0,2.0,6.0,4.0,24746.0,31305.0,511.0,25669.0,30914.0,533.0,-923.0,391.0,-22.0,5.0,9.0,2.0,2.0,6.0,5.0,35133.0,44680.0,692.0,34965.0,42554.0,709.0,168.0,2126.0,-17.0,11.0,27.0,4.0,4.0,10.0,11.0,44454.0,55944.0,853.0,45832.0,59016.0,894.0,-1378.0,-3072.0,-41.0,14.0,34.0,6.0,6.0,13.0,14.0
LOLTMNT01_417200,complete,,MSI,2026,,0,2026-07-04 05:20:00,3,16.13,1,Blue,top,Dhokla,oe:player:5385f74da3e5deb5b66d9a1ee56cf97,LYON,oe:team:da1143bf9a245b78a8dc86417de85b3,1.0,Varus,Bard,Poppy,Twisted Fate,Jax,Gragas,,,,,,1693,1,9,1,6,21,6,2.0,1.0,1.0,0.0,1.0,1.0,0.0,0.0,0.7442,0.9569,,,,,,,,,,,,,,,,,,,,,0.0,0.0,,,,,,,,,,1.0,0.0,24667,874.1996,0.232626,599.5038,450.4076,12644.0,10,0.3544,6,0.2126,2,28,0.9923,13441,9712,344.1937,0.224847,12000,,,224.0,220.0,4,,,7.9386,3569.0,3955.0,60.0,3364.0,4364.0,68.0,205.0,-409.0,-8.0,2.0,0.0,1.0,1.0,1.0,1.0,4945.0,6991.0,103.0,4807.0,7714.0,113.0,138.0,-723.0,-10.0,2.0,0.0,1.0,1.0,1.0,1.0,7368.0,10622.0,165.0,6739.0,11414.0,173.0,629.0,-792.0,-8.0,2.0,0.0,1.0,1.0,1.0,1.0,11569.0,16038.0,211.0,8576.0,13997.0,210.0,2993.0,2041.0,1.0,7.0,5.0,1.0,2.0,1.0,3.0
LOLTMNT01_417200,complete,,MSI,2026,,0,2026-07-04 05:20:00,3,16.13,2,Blue,jng,Inspired,oe:player:a8307167f3a1c933295bb9e3d43700e,LYON,oe:team:da1143bf9a245b78a8dc86417de85b3,1.0,Lee Sin,Bard,Poppy,Twisted Fate,Jax,Gragas,,,,,,1693,1,6,1,12,21,6,1.0,1.0,1.0,0.0,1.0,0.0,1.0,0.0,0.7442,0.9569,,,,,,,,,,,,,,,,,,,,,1.0,0.0,,,,,,,,,,0.0,0.0,16371,580.189,0.15439,885.0089,1117.3538,4388.0,16,0.567,5,0.1772,5,42,1.4885,13740,10011,354.7903,0.231769,12425,,,215.0,25.0,190,,,7.6196,3711.0,3919.0,71.0,3448.0,3396.0,71.0,263.0,523.0,0.0,0.0,2.0,1.0,0.0,2.0,1.0,5357.0,6200.0,112.0,5163.0,5929.0,117.0,194.0,271.0,-5.0,0.0,2.0,1.0,0.0,2.0,1.0,7339.0,9381.0,161.0,6905.0,8193.0,154.0,434.0,1188.0,7.0,0.0,3.0,1.0,0.0,2.0,2.0,11963.0,13892.0,190.0,8287.0,9639.0,169.0,3676.0,4253.0,21.0,5.0,9.0,1.0,0.0,4.0,5.0
LOLTMNT01_417200,complete,,MSI,2026,,0,2026-07-04 05:20:00,3,16.13,3,Blue,mid,Saint,oe:player:f45792335d83b10581da2f0cbdd6e8e,LYON,oe:team:da1143bf9a245b78a8dc86417de85b3,1.0,Viktor,Bard,Poppy,Twisted Fate,Jax,Gragas,,,,,,1693,1,4,2,13,21,6,1.0,0.0,0.0,0.0,0.0,0.0,0.0,0.0,0.7442,0.9569,,,,,,,,,,,,,,,,,,,,,0.0,0.0,,,,,,,,,,1.0,0.0,32694,1158.6769,0.308326,575.192,862.788,7139.0,13,0.4607,7,0.2481,3,38,1.3467,12759,9030,320.0236,0.209057,13335,,,271.0,271.0,0,,,9.6043,3423.0,4972.0,94.0,3665.0,4860.0,90.0,-242.0,112.0,4.0,0.0,0.0,0.0,1.0,0.0,0.0,5368.0,8024.0,157.0,5208.0,7755.0,141.0,160.0,269.0,16.0,0.0,0.0,0.0,1.0,0.0,0.0,7683.0,10803.0,214.0,7221.0,10810.0,201.0,462.0,-7.0,13.0,1.0,0.0,0.0,1.0,0.0,0.0,11729.0,15716.0,258.0,9392.0,11861.0,216.0,2337.0,3855.0,42.0,4.0,10.0,1.0,2.0,0.0,4.0
LOLTMNT01_417200,complete,,MSI,2026,,0,2026-07-04 05:20:00,3,16.13,4,Blue,bot,Berserker,oe:player:460ae5a7af8d68f7831b70307210ab3,LYON,oe:team:da1143bf9a245b78a8dc86417de85b3,1.0,Kog'Maw,Bard,Poppy,Twisted Fate,Jax,Gragas,,,,,,1693,1,2,1,8,21,6,0.0,0.0,0.0,0.0,0.0,0.0,0.0,0.0,0.7442,0.9569,,,,,,,,,,,,,,,,,,,,,0.0,0.0,,,,,,,,,,0.0,0.0,26271,931.0455,0.247753,456.5032,563.7448,15536.0,12,0.4253,10,0.3544,4,38,1.3467,13862,10133,359.114,0.234594,12050,,,283.0,271.0,12,,,10.0295,3341.0,3213.0,88.0,3241.0,3327.0,83.0,100.0,-114.0,5.0,0.0,0.0,0.0,0.0,0.0,0.0,5488.0,5370.0,144.0,4773.0,5313.0,129.0,715.0,57.0,15.0,0.0,0.0,0.0,0.0,0.0,0.0,7914.0,7760.0,207.0,6618.0,7410.0,168.0,1296.0,350.0,39.0,0.0,1.0,0.0,0.0,0.0,0.0,11603.0,11359.0,258.0,8209.0,9786.0,204.0,3394.0,1573.0,54.0,1.0,5.0,1.0,0.0,0.0,2.0
LOLTMNT01_417200,complete,,MSI,2026,,0,2026-07-04 05:20:00,3,16.13,5,Blue,sup,Isles,oe:player:40704dfd2d966862568d29770de57bd,LYON,oe:team:da1143bf9a245b78a8dc86417de85b3,1.0,Lulu,Bard,Poppy,Twisted Fate,Jax,Gragas,,,,,,1693,1,0,1,13,21,6,0.0,0.0,0.0,0.0,0.0,0.0,0.0,0.0,0.7442,0.9569,,,,,,,,,,,,,,,,,,,,,0.0,0.0,,,,,,,,,,0.0,0.0,6034,213.8452,0.0569047,377.6491,210.8328,3399.0,44,1.5594,3,0.1063,20,87,3.0833,8037,4308,152.6757,0.0997324,7135,,,25.0,25.0,0,,,0.886,2447.0,3368.0,17.0,2393.0,3037.0,14.0,54.0,331.0,3.0,0.0,0.0,0.0,0.0,0.0,0.0,3520.0,4502.0,24.0,3406.0,3967.0,19.0,114.0,535.0,5.0,0.0,0.0,0.0,0.0,0.0,0.0,4734.0,6248.0,25.0,4487.0,5466.0,22.0,247.0,782.0,3.0,0.0,1.0,0.0,0.0,0.0,0.0,7132.0,10038.0,25.0,5607.0,6930.0,24.0,1525.0,3108.0,1.0,0.0,10.0,0.0,0.0,2.0,3.0
LOLTMNT01_417200,complete,,MSI,2026,,0,2026-07-04 05:20:00,3,16.13,6,Red,top,Guigo,oe:player:d61d8a0b25028f787123bfff542d305,FURIA,oe:team:87e3e1e75839f75a10bbc66e894d806,0.0,Olaf,Nocturne,Nautilus,Akali,Alistar,Rakan,,,,,,1693,0,2,5,2,6,21,0.0,0.0,0.0,0.0,0.0,0.0,0.0,1.0,0.2126,0.9569,,,,,,,,,,,,,,,,,,,,,0.0,0.0,,,,,,,,,,0.0,1.0,10550,373.8925,0.194977,907.407,925.4105,1023.0,12,0.4253,4,0.1418,2,38,1.3467,9725,5996,212.4985,0.215956,9385,,,233.0,233.0,0,,,8.2575,3364.0,4364.0,68.0,3569.0,3955.0,60.0,-205.0,409.0,8.0,1.0,1.0,1.0,2.0,0.0,1.0,4807.0,7714.0,113.0,4945.0,6991.0,103.0,-138.0,723.0,10.0,1.0,1.0,1.0,2.0,0.0,1.0,6739.0,11414.0,173.0,7368.0,10622.0,165.0,-629.0,792.0,8.0,1.0,1.0,1.0,2.0,0.0,1.0,8576.0,13997.0,210.0,11569.0,16038.0,211.0,-2993.0,-2041.0,-1.0,2.0,1.0,3.0,7.0,5.0,1.0
LOLTMNT01_417200,complete,,MSI,2026,,0,2026-07-04 05:20:00,3,16.13,7,Red,jng,Tatu,oe:player:6625d682ed10ef5e0e7c6c9e4dd2fc1,FURIA,oe:team:87e3e1e75839f75a10bbc66e894d806,0.0,Xin Zhao,Nocturne,Nautilus,Akali,Alistar,Rakan,,,,,,1693,0,1,5,4,6,21,0.0,0.0,0.0,0.0,0.0,0.0,0.0,0.0,0.2126,0.9569,,,,,,,,,,,,,,,,,,,,,0.0,1.0,,,,,,,,,,0.0,0.0,10355,366.9817,0.191373,1214.176,775.1802,2066.0,9,0.319,6,0.2126,7,34,1.205,9378,5649,200.2008,0.203458,9125,,,171.0,10.0,161,,,6.0602,3448.0,3396.0,71.0,3711.0,3919.0,71.0,-263.0,-523.0,0.0,0.0,2.0,1.0,0.0,2.0,1.0,5163.0,5929.0,117.0,5357.0,6200.0,112.0,-194.0,-271.0,5.0,0.0,2.0,1.0,0.0,2.0,1.0,6905.0,8193.0,154.0,7339.0,9381.0,161.0,-434.0,-1188.0,-7.0,0.0,2.0,2.0,0.0,3.0,1.0,8287.0,9639.0,169.0,11963.0,13892.0,190.0,-3676.0,-4253.0,-21.0,0.0,4.0,5.0,5.0,9.0,1.0
LOLTMNT01_417200,complete,,MSI,2026,,0,2026-07-04 05:20:00,3,16.13,8,Red,mid,Tutsz,oe:player:886e8205ac1b091dbf67dbae83b1544,FURIA,oe:team:87e3e1e75839f75a10bbc66e894d806,0.0,Sylas,Nocturne,Nautilus,Akali,Alistar,Rakan,,,,,,1693,0,2,5,1,6,21,0.0,0.0,0.0,0.0,0.0,0.0,0.0,0.0,0.2126,0.9569,,,,,,,,,,,,,,,,,,,,,0.0,0.0,,,,,,,,,,0.0,1.0,13541,479.8937,0.250254,1141.453,1083.4731,9884.0,9,0.319,3,0.1063,5,28,0.9923,10804,7075,250.7383,0.25482,10975,,,245.0,245.0,0,,,8.6828,3665.0,4860.0,90.0,3423.0,4972.0,94.0,242.0,-112.0,-4.0,1.0,0.0,0.0,0.0,0.0,0.0,5208.0,7755.0,141.0,5368.0,8024.0,157.0,-160.0,-269.0,-16.0,1.0,0.0,0.0,0.0,0.0,0.0,7221.0,10810.0,201.0,7683.0,10803.0,214.0,-462.0,7.0,-13.0,1.0,0.0,0.0,1.0,0.0,0.0,9392.0,11861.0,216.0,11729.0,15716.0,258.0,-2337.0,-3855.0,-42.0,2.0,0.0,4.0,4.0,10.0,1.0
LOLTMNT01_417200,complete,,MSI,2026,,0,2026-07-04 05:20:00,3,16.13,9,Red,bot,Ayu,oe:player:d7a904873d10637ef44afa9c1de83b3,FURIA,oe:team:87e3e1e75839f75a10bbc66e894d806,0.0,Lucian,Nocturne,Nautilus,Akali,Alistar,Rakan,,,,,,1693,0,1,3,0,6,21,0.0,0.0,0.0,0.0,0.0,0.0,0.0,0.0,0.2126,0.9569,,,,,,,,,,,,,,,,,,,,,0.0,0.0,,,,,,,,,,0.0,0.0,15760,558.5351,0.291264,734.176,549.7815,2321.0,9,0.319,5,0.1772,1,24,0.8506,9860,6131,217.2829,0.220819,8225,,,228.0,228.0,0,,,8.0803,3241.0,3327.0,83.0,3341.0,3213.0,88.0,-100.0,114.0,-5.0,0.0,0.0,0.0,0.0,0.0,0.0,4773.0,5313.0,129.0,5488.0,5370.0,144.0,-715.0,-57.0,-15.0,0.0,0.0,0.0,0.0,0.0,0.0,6618.0,7410.0,168.0,7914.0,7760.0,207.0,-1296.0,-350.0,-39.0,0.0,0.0,0.0,0.0,1.0,0.0,8209.0,9786.0,204.0,11603.0,11359.0,258.0,-3394.0,-1573.0,-54.0,0.0,0.0,2.0,1.0,5.0,1.0
LOLTMNT01_417200,complete,,MSI,2026,,0,2026-07-04 05:20:00,3,16.13,10,Red,sup,JoJo,oe:player:cb4cd2fd258d5961d2f1c4815b04123,FURIA,oe:team:87e3e1e75839f75a10bbc66e894d806,0.0,Milio,Nocturne,Nautilus,Akali,Alistar,Rakan,,,,,,1693,0,0,3,4,6,21,0.0,0.0,0.0,0.0,0.0,0.0,0.0,0.0,0.2126,0.9569,,,,,,,,,,,,,,,,,,,,,0.0,0.0,,,,,,,,,,0.0,0.0,3903,138.3225,0.0721322,455.6172,227.0998,75.0,47,1.6657,9,0.319,19,100,3.544,6643,2914,103.2723,0.104947,6085,,,27.0,27.0,0,,,0.9569,2393.0,3037.0,14.0,2447.0,3368.0,17.0,-54.0,-331.0,-3.0,0.0,0.0,0.0,0.0,0.0,0.0,3406.0,3967.0,19.0,3520.0,4502.0,24.0,-114.0,-535.0,-5.0,0.0,0.0,0.0,0.0,0.0,0.0,4487.0,5466.0,22.0,4734.0,6248.0,25.0,-247.0,-782.0,-3.0,0.0,0.0,0.0,0.0,1.0,0.0,5607.0,6930.0,24.0,7132.0,10038.0,25.0,-1525.0,-3108.0,-1.0,0.0,2.0,3.0,0.0,10.0,0.0
LOLTMNT01_417200,complete,,MSI,2026,,0,2026-07-04 05:20:00,3,16.13,100,Blue,team,,,LYON,oe:team:da1143bf9a245b78a8dc86417de85b3,1.0,,Bard,Poppy,Twisted Fate,Jax,Gragas,Varus,Viktor,Lee Sin,Kog'Maw,Lulu,1693,1,21,6,52,21,6,4.0,2.0,2.0,0.0,1.0,,,,0.7442,0.9569,0.0,2.0,2.0,2.0,2.0,0.0,2.0,0.0,0.0,0.0,0.0,,0.0,0.0,0.0,0.0,1.0,0.0,3.0,1.0,1.0,0.0,0.0,0.0,1.0,11.0,2.0,1.0,1.0,45.0,14.0,2.0,0.0,106037,3757.9563,,2893.8571,3205.127,43106.0,95,3.3668,31,1.0986,34,233,8.2575,61839,43192,1530.7265,,56945,0.261068,2.74,,812.0,206,,,36.078,16491.0,19427.0,330.0,16111.0,18984.0,326.0,380.0,443.0,4.0,2.0,2.0,2.0,2.0,3.0,2.0,24678.0,31087.0,540.0,23357.0,30678.0,519.0,1321.0,409.0,21.0,2.0,2.0,2.0,2.0,3.0,2.0,35038.0,44814.0,772.0,31970.0,43293.0,718.0,3068.0,1521.0,54.0,3.0,5.0,2.0,2.0,3.0,3.0,53996.0,67043.0,942.0,40071.0,52213.0,823.0,13925.0,14830.0,119.0,17.0,39.0,4.0,4.0,7.0,17.0
LOLTMNT01_417200,complete,,MSI,2026,,0,2026-07-04 05:20:00,3,16.13,200,Red,team,,,FURIA,oe:team:87e3e1e75839f75a10bbc66e894d806,0.0,,Nocturne,Nautilus,Akali,Alistar,Rakan,Lucian,Milio,Xin Zhao,Sylas,Olaf,1693,0,6,21,11,6,21,0.0,0.0,0.0,0.0,0.0,,,,0.2126,0.9569,1.0,2.0,2.0,2.0,2.0,0.0,0.0,1.0,0.0,1.0,0.0,,0.0,0.0,1.0,1.0,0.0,3.0,0.0,0.0,0.0,1.0,0.0,0.0,0.0,2.0,11.0,0.0,0.0,14.0,45.0,0.0,2.0,54109,1917.6255,,4452.8293,3560.9451,15369.0,86,3.0478,27,0.9569,34,224,7.9386,46410,27763,983.922,,43795,-0.261068,-2.74,,743.0,161,,,32.0378,16111.0,18984.0,326.0,16491.0,19427.0,330.0,-380.0,-443.0,-4.0,2.0,3.0,2.0,2.0,2.0,2.0,23357.0,30678.0,519.0,24678.0,31087.0,540.0,-1321.0,-409.0,-21.0,2.0,3.0,2.0,2.0,2.0,2.0,31970.0,43293.0,718.0,35038.0,44814.0,772.0,-3068.0,-1521.0,-54.0,2.0,3.0,3.0,3.0,5.0,2.0,40071.0,52213.0,823.0,53996.0,67043.0,942.0,-13925.0,-14830.0,-119.0,4.0,7.0,17.0,17.0,39.0,4.0
LOLTMNT01_418185,complete,,MSI,2026,,0,2026-07-04 06:21:19,1,16.13,1,Blue,top,Doran,oe:player:a1f3b2bb3f36e5113237f92d76dc4c8,T1,oe:team:ce499dea30cfce118f4fe85da0227e8,0.0,Yorick,Orianna,Camille,Syndra,Jarvan IV,Trundle,,,,,,2476,1,3,4,4,16,15,0.0,0.0,0.0,0.0,0.0,0.0,0.0,0.0,0.3877,0.7512,,,,,,,,,,,,,,,,,,,,,0.0,0.0,,,,,,,,,,0.0,0.0,15623,378.5864,0.16228,830.1373,882.2859,15099.0,13,0.315,11,0.2666,8,56,1.357,17255,11928,289.0468,0.217751,15883,,,360.0,347.0,13,,,8.7237,3481.0,5038.0,91.0,3994.0,5005.0,102.0,-513.0,33.0,-11.0,0.0,0.0,0.0,0.0,0.0,0.0,5436.0,8261.0,133.0,5928.0,8009.0,142.0,-492.0,252.0,-9.0,1.0,0.0,0.0,0.0,1.0,1.0,7505.0,11577.0,177.0,8045.0,10609.0,195.0,-540.0,968.0,-18.0,1.0,2.0,2.0,0.0,1.0,1.0,9350.0,15018.0,220.0,9917.0,13792.0,247.0,-567.0,1226.0,-27.0,1.0,2.0,2.0,0.0,1.0,1.0
LOLTMNT01_418185,complete,,MSI,2026,,0,2026-07-04 06:21:19,1,16.13,2,Blue,jng,Oner,oe:player:f8b68f268106124fc4bc1c946adc9b0,T1,oe:team:ce499dea30cfce118f4fe85da0227e8,0.0,Vi,Orianna,Camille,Syndra,Jarvan IV,Trundle,,,,,,2476,1,2,4,2,16,15,0.0,0.0,0.0,0.0,0.0,0.0,0.0,0.0,0.3877,0.7512,,,,,,,,,,,,,,,,,,,,,2.0,1.0,,,,,,,,,,1.0,0.0,6721,162.8675,0.0698126,848.9176,1036.7932,4381.0,15,0.3635,25,0.6058,11,97,2.3506,14779,9452,229.0468,0.172552,13375,,,273.0,47.0,226,,,6.6155,3438.0,3948.0,77.0,3426.0,4032.0,80.0,12.0,-84.0,-3.0,0.0,0.0,0.0,0.0,0.0,0.0,5039.0,6327.0,115.0,5197.0,6517.0,121.0,-158.0,-190.0,-6.0,0.0,0.0,1.0,0.0,1.0,0.0,7349.0,9325.0,157.0,7236.0,8897.0,154.0,113.0,428.0,3.0,1.0,0.0,1.0,1.0,2.0,1.0,9369.0,12140.0,194.0,8947.0,10689.0,181.0,422.0,1451.0,13.0,1.0,0.0,1.0,2.0,2.0,2.0
LOLTMNT01_418185,complete,,MSI,2026,,0,2026-07-04 06:21:19,1,16.13,3,Blue,mid,Faker,oe:player:e1edfc5cea461399a63cb813cf795cc,T1,oe:team:ce499dea30cfce118f4fe85da0227e8,0.0,Cassiopeia,Orianna,Camille,Syndra,Jarvan IV,Trundle,,,,,,2476,1,5,1,6,16,15,1.0,0.0,0.0,0.0,1.0,1.0,0.0,0.0,0.3877,0.7512,,,,,,,,,,,,,,,,,,,,,0.0,0.0,,,,,,,,,,0.0,0.0,23819,577.1971,0.247414,816.8578,484.895,5737.0,19,0.4604,11,0.2666,6,62,1.5024,16903,11576,280.517,0.211325,15000,,,370.0,340.0,30,,,8.9661,4023.0,5011.0,100.0,3433.0,4881.0,95.0,590.0,130.0,5.0,1.0,0.0,0.0,0.0,0.0,0.0,5871.0,7421.0,159.0,5585.0,7833.0,153.0,286.0,-412.0,6.0,1.0,0.0,0.0,1.0,0.0,0.0,7816.0,10035.0,214.0,8311.0,10954.0,209.0,-495.0,-919.0,5.0,1.0,0.0,0.0,3.0,1.0,1.0,9296.0,13655.0,235.0,10184.0,13455.0,256.0,-888.0,200.0,-21.0,1.0,1.0,1.0,3.0,3.0,1.0
LOLTMNT01_418185,complete,,MSI,2026,,0,2026-07-04 06:21:19,1,16.13,4,Blue,bot,Peyz,oe:player:5bbc2b92348d930ebd500cb9ce71bb7,T1,oe:team:ce499dea30cfce118f4fe85da0227e8,0.0,Jhin,Orianna,Camille,Syndra,Jarvan IV,Trundle,,,,,,2476,1,6,1,6,16,15,0.0,0.0,0.0,0.0,0.0,0.0,0.0,0.0,0.3877,0.7512,,,,,,,,,,,,,,,,,,,,,0.0,0.0,,,,,,,,,,0.0,0.0,45640,1105.9774,0.474073,533.5299,317.7383,9088.0,15,0.3635,15,0.3635,2,52,1.2601,22340,17013,412.2698,0.310577,20650,,,458.0,430.0,28,,,11.0985,3609.0,4214.0,99.0,3741.0,4716.0,94.0,-132.0,-502.0,5.0,0.0,0.0,0.0,0.0,0.0,0.0,6196.0,7393.0,161.0,6285.0,7288.0,148.0,-89.0,105.0,13.0,0.0,1.0,0.0,0.0,0.0,0.0,9054.0,10985.0,232.0,8858.0,9840.0,213.0,196.0,1145.0,19.0,1.0,1.0,0.0,0.0,1.0,0.0,11529.0,13597.0,276.0,11814.0,12737.0,264.0,-285.0,860.0,12.0,2.0,1.0,0.0,1.0,2.0,0.0
LOLTMNT01_418185,complete,,MSI,2026,,0,2026-07-04 06:21:19,1,16.13,5,Blue,sup,Keria,oe:player:db79ce6ad35451c938fbe2995dabd37,T1,oe:team:ce499dea30cfce118f4fe85da0227e8,0.0,Nautilus,Orianna,Camille,Syndra,Jarvan IV,Trundle,,,,,,2476,1,0,5,6,16,15,0.0,0.0,0.0,0.0,0.0,0.0,0.0,0.0,0.3877,0.7512,,,,,,,,,,,,,,,,,,,,,0.0,0.0,,,,,,,,,,0.0,0.0,4469,108.2956,0.0464206,705.1696,1007.9806,3227.0,100,2.4233,22,0.5331,42,197,4.7738,10136,4809,116.5347,0.0877944,9065,,,57.0,55.0,2,,,1.3813,2350.0,2155.0,23.0,2137.0,2227.0,17.0,213.0,-72.0,6.0,0.0,0.0,0.0,0.0,0.0,1.0,3435.0,3229.0,33.0,3186.0,2658.0,20.0,249.0,571.0,13.0,0.0,0.0,0.0,0.0,1.0,1.0,4800.0,4711.0,42.0,4478.0,5062.0,26.0,322.0,-351.0,16.0,0.0,2.0,1.0,0.0,3.0,1.0,6072.0,6288.0,44.0,5841.0,6434.0,34.0,231.0,-146.0,10.0,0.0,2.0,2.0,0.0,5.0,1.0
LOLTMNT01_418185,complete,,MSI,2026,,0,2026-07-04 06:21:19,1,16.13,6,Red,top,Bin,oe:player:fb66ef5885b4be9323905b821dc3a42,Bilibili Gaming,oe:team:d356a144644879dabb5f34cd99c886d,1.0,Jayce,Nocturne,Vayne,Bard,Karma,Akali,,,,,,2476,0,0,3,6,15,16,0.0,0.0,0.0,0.0,0.0,0.0,0.0,0.0,0.3635,0.7512,,,,,,,,,,,,,,,,,,,,,0.0,0.0,,,,,,,,,,0.0,0.0,22236,538.8368,0.18048,520.8805,460.7108,5784.0,22,0.5331,8,0.1939,3,68,1.6478,15724,10397,251.9467,0.212071,15025,,,376.0,326.0,50,,,9.1115,3994.0,5005.0,102.0,3481.0,5038.0,91.0,513.0,-33.0,11.0,0.0,0.0,0.0,0.0,0.0,0.0,5928.0,8009.0,142.0,5436.0,8261.0,133.0,492.0,-252.0,9.0,0.0,1.0,1.0,1.0,0.0,0.0,8045.0,10609.0,195.0,7505.0,11577.0,177.0,540.0,-968.0,18.0,0.0,1.0,1.0,1.0,2.0,2.0,9917.0,13792.0,247.0,9350.0,15018.0,220.0,567.0,-1226.0,27.0,0.0,1.0,1.0,1.0,2.0,2.0
LOLTMNT01_418185,complete,,MSI,2026,,0,2026-07-04 06:21:19,1,16.13,7,Red,jng,Xun,oe:player:fbdc4428b2d095c83aebeed5da4e4b2,Bilibili Gaming,oe:team:d356a144644879dabb5f34cd99c886d,1.0,Poppy,Nocturne,Vayne,Bard,Karma,Akali,,,,,,2476,0,4,5,9,15,16,0.0,0.0,0.0,0.0,0.0,0.0,0.0,0.0,0.3635,0.7512,,,,,,,,,,,,,,,,,,,,,1.0,2.0,,,,,,,,,,0.0,1.0,14903,361.1389,0.120961,948.2714,1669.0468,421.0,22,0.5331,20,0.4847,21,85,2.0598,13712,8385,203.1906,0.171033,13225,,,237.0,24.0,213,,,5.7431,3426.0,4032.0,80.0,3438.0,3948.0,77.0,-12.0,84.0,3.0,0.0,0.0,0.0,0.0,0.0,0.0,5197.0,6517.0,121.0,5039.0,6327.0,115.0,158.0,190.0,6.0,0.0,1.0,0.0,0.0,0.0,1.0,7236.0,8897.0,154.0,7349.0,9325.0,157.0,-113.0,-428.0,-3.0,1.0,2.0,1.0,1.0,0.0,1.0,8947.0,10689.0,181.0,9369.0,12140.0,194.0,-422.0,-1451.0,-13.0,2.0,2.0,2.0,1.0,0.0,1.0
LOLTMNT01_418185,complete,,MSI,2026,,0,2026-07-04 06:21:19,1,16.13,8,Red,mid,Knight,oe:player:ed29043422e3c515e1cb292464b990b,Bilibili Gaming,oe:team:d356a144644879dabb5f34cd99c886d,1.0,Viktor,Nocturne,Vayne,Bard,Karma,Akali,,,,,,2476,0,6,3,9,15,16,0.0,0.0,0.0,0.0,0.0,0.0,0.0,0.0,0.3635,0.7512,,,,,,,,,,,,,,,,,,,,,0.0,0.0,,,,,,,,,,0.0,0.0,38835,941.0743,0.315206,434.5396,795.727,7245.0,16,0.3877,11,0.2666,1,48,1.1632,16552,11225,272.0113,0.228959,17575,,,353.0,342.0,11,,,8.5541,3433.0,4881.0,95.0,4023.0,5011.0,100.0,-590.0,-130.0,-5.0,0.0,0.0,0.0,1.0,0.0,0.0,5585.0,7833.0,153.0,5871.0,7421.0,159.0,-286.0,412.0,-6.0,1.0,0.0,0.0,1.0,0.0,0.0,8311.0,10954.0,209.0,7816.0,10035.0,214.0,495.0,919.0,-5.0,3.0,1.0,1.0,1.0,0.0,0.0,10184.0,13455.0,256.0,9296.0,13655.0,235.0,888.0,-200.0,21.0,3.0,3.0,1.0,1.0,1.0,1.0
LOLTMNT01_418185,complete,,MSI,2026,,0,2026-07-04 06:21:19,1,16.13,9,Red,bot,Viper,oe:player:9573154ad8bc9459b4c0d940315054f,Bilibili Gaming,oe:team:d356a144644879dabb5f34cd99c886d,1.0,Ziggs,Nocturne,Vayne,Bard,Karma,Akali,,,,,,2476,0,5,2,6,15,16,0.0,0.0,0.0,0.0,0.0,0.0,0.0,0.0,0.3635,0.7512,,,,,,,,,,,,,,,,,,,,,0.0,0.0,,,,,,,,,,0.0,0.0,43124,1045.0081,0.350018,270.2181,194.9031,12017.0,20,0.4847,13,0.315,6,50,1.2116,19935,14608,353.9903,0.297961,18250,,,393.0,393.0,0,,,9.5234,3741.0,4716.0,94.0,3609.0,4214.0,99.0,132.0,502.0,-5.0,0.0,0.0,0.0,0.0,0.0,0.0,6285.0,7288.0,148.0,6196.0,7393.0,161.0,89.0,-105.0,-13.0,0.0,0.0,0.0,0.0,1.0,0.0,8858.0,9840.0,213.0,9054.0,10985.0,232.0,-196.0,-1145.0,-19.0,0.0,1.0,0.0,1.0,1.0,0.0,11814.0,12737.0,264.0,11529.0,13597.0,276.0,285.0,-860.0,-12.0,1.0,2.0,0.0,2.0,1.0,0.0
LOLTMNT01_418185,complete,,MSI,2026,,0,2026-07-04 06:21:19,1,16.13,10,Red,sup,ON,oe:player:90651ebea9a35ec4e018c8157492e17,Bilibili Gaming,oe:team:d356a144644879dabb5f34cd99c886d,1.0,Shen,Nocturne,Vayne,Bard,Karma,Akali,,,,,,2476,0,0,3,11,15,16,0.0,0.0,0.0,0.0,0.0,0.0,0.0,1.0,0.3635,0.7512,,,,,,,,,,,,,,,,,,,,,0.0,0.0,,,,,,,,,,0.0,0.0,4107,99.5234,0.0333347,657.6494,845.4766,0.0,109,2.6414,23,0.5574,56,200,4.8465,9738,4411,106.8901,0.0899767,9235,,,54.0,54.0,0,,,1.3086,2137.0,2227.0,17.0,2350.0,2155.0,23.0,-213.0,72.0,-6.0,0.0,0.0,1.0,0.0,0.0,0.0,3186.0,2658.0,20.0,3435.0,3229.0,33.0,-249.0,-571.0,-13.0,0.0,1.0,1.0,0.0,0.0,0.0,4478.0,5062.0,26.0,4800.0,4711.0,42.0,-322.0,351.0,-16.0,0.0,3.0,1.0,0.0,2.0,1.0,5841.0,6434.0,34.0,6072.0,6288.0,44.0,-231.0,146.0,-10.0,0.0,5.0,1.0,0.0,2.0,2.0
LOLTMNT01_418185,complete,,MSI,2026,,0,2026-07-04 06:21:19,1,16.13,100,Blue,team,,,T1,oe:team:ce499dea30cfce118f4fe85da0227e8,0.0,,Orianna,Camille,Syndra,Jarvan IV,Trundle,Cassiopeia,Vi,Yorick,Nautilus,Jhin,2476,1,16,15,24,16,15,1.0,0.0,0.0,0.0,1.0,,,,0.3877,0.7512,0.0,3.0,3.0,3.0,3.0,0.0,0.0,0.0,0.0,2.0,1.0,,0.0,0.0,1.0,1.0,0.0,3.0,0.0,1.0,2.0,1.0,0.0,0.0,0.0,9.0,4.0,1.0,1.0,35.0,22.0,1.0,0.0,96272,2332.9241,,3734.6123,3729.6931,37532.0,162,3.9257,84,2.0355,69,464,11.2439,81413,54780,1327.4637,,73973,0.00900308,-0.24,,1219.0,299,,,36.7851,16901.0,20366.0,390.0,16731.0,20861.0,388.0,170.0,-495.0,2.0,1.0,0.0,0.0,0.0,0.0,1.0,25977.0,32631.0,601.0,26181.0,32305.0,584.0,-204.0,326.0,17.0,2.0,1.0,1.0,1.0,3.0,2.0,36524.0,46633.0,822.0,36928.0,45362.0,797.0,-404.0,1271.0,25.0,4.0,5.0,4.0,4.0,8.0,4.0,45616.0,60698.0,969.0,46703.0,57107.0,982.0,-1087.0,3591.0,-13.0,5.0,6.0,6.0,6.0,13.0,5.0
LOLTMNT01_418185,complete,,MSI,2026,,0,2026-07-04 06:21:19,1,16.13,200,Red,team,,,Bilibili Gaming,oe:team:d356a144644879dabb5f34cd99c886d,1.0,,Nocturne,Vayne,Bard,Karma,Akali,Jayce,Ziggs,Poppy,Viktor,Shen,2476,0,15,16,41,15,16,0.0,0.0,0.0,0.0,0.0,,,,0.3635,0.7512,1.0,3.0,3.0,3.0,3.0,0.0,1.0,0.0,0.0,2.0,0.0,,0.0,0.0,0.0,0.0,1.0,0.0,3.0,0.0,1.0,2.0,0.0,0.0,1.0,4.0,9.0,0.0,0.0,22.0,35.0,0.0,1.0,123205,2985.5816,,2831.559,3965.8643,25467.0,189,4.58,75,1.8174,87,451,10.9289,75661,49028,1188.0775,,73310,-0.00900308,0.24,,1139.0,274,,,34.2407,16731.0,20861.0,388.0,16901.0,20366.0,390.0,-170.0,495.0,-2.0,0.0,0.0,1.0,1.0,0.0,0.0,26181.0,32305.0,584.0,25977.0,32631.0,601.0,204.0,-326.0,-17.0,1.0,3.0,2.0,2.0,1.0,1.0,36928.0,45362.0,797.0,36524.0,46633.0,822.0,404.0,-1271.0,-25.0,4.0,8.0,4.0,4.0,5.0,4.0,46703.0,57107.0,982.0,45616.0,60698.0,969.0,1087.0,-3591.0,13.0,6.0,13.0,5.0,5.0,6.0,6.0
LOLTMNT01_417230,complete,,MSI,2026,,0,2026-07-04 07:24:15,2,16.13,1,Blue,top,Bin,oe:player:fb66ef5885b4be9323905b821dc3a42,Bilibili Gaming,oe:team:d356a144644879dabb5f34cd99c886d,0.0,Renekton,Orianna,Gnar,Ryze,Mel,Lissandra,,,,,,1746,1,0,4,6,20,7,0.0,0.0,0.0,0.0,0.0,0.0,0.0,1.0,0.6873,0.9278,,,,,,,,,,,,,,,,,,,,,0.0,0.0,,,,,,,,,,0.0,0.0,14608,501.9931,0.172563,844.2612,794.2612,2254.0,14,0.4811,2,0.0687,4,34,1.1684,10619,6782,233.0584,0.157752,9650,,,263.0,263.0,0,,,9.0378,3581.0,5272.0,94.0,3598.0,5434.0,88.0,-17.0,-162.0,6.0,0.0,1.0,2.0,0.0,2.0,0.0,5654.0,8612.0,149.0,5251.0,8744.0,126.0,403.0,-132.0,23.0,0.0,1.0,2.0,1.0,2.0,1.0,7358.0,11521.0,200.0,7008.0,11845.0,180.0,350.0,-324.0,20.0,0.0,1.0,2.0,1.0,2.0,2.0,8847.0,14275.0,231.0,8989.0,14677.0,215.0,-142.0,-402.0,16.0,0.0,2.0,4.0,2.0,4.0,3.0
LOLTMNT01_417230,complete,,MSI,2026,,0,2026-07-04 07:24:15,2,16.13,2,Blue,jng,Xun,oe:player:fbdc4428b2d095c83aebeed5da4e4b2,Bilibili Gaming,oe:team:d356a144644879dabb5f34cd99c886d,0.0,Naafiri,Orianna,Gnar,Ryze,Mel,Lissandra,,,,,,1746,1,9,0,5,20,7,1.0,0.0,0.0,0.0,0.0,0.0,0.0,0.0,0.6873,0.9278,,,,,,,,,,,,,,,,,,,,,1.0,0.0,,,,,,,,,,1.0,0.0,17421,598.6598,0.205793,674.6048,431.0309,13325.0,13,0.4467,9,0.3093,9,52,1.7869,14121,10284,353.4021,0.239215,12875,,,228.0,22.0,206,,,7.8351,4020.0,4191.0,79.0,3859.0,3999.0,78.0,161.0,192.0,1.0,2.0,0.0,0.0,1.0,0.0,1.0,6187.0,6771.0,122.0,5551.0,6484.0,119.0,636.0,287.0,3.0,3.0,0.0,0.0,1.0,0.0,1.0,8213.0,9529.0,160.0,7555.0,9894.0,170.0,658.0,-365.0,-10.0,4.0,0.0,0.0,1.0,0.0,1.0,11169.0,13803.0,199.0,9333.0,11614.0,194.0,1836.0,2189.0,5.0,6.0,2.0,0.0,2.0,1.0,3.0
LOLTMNT01_417230,complete,,MSI,2026,,0,2026-07-04 07:24:15,2,16.13,3,Blue,mid,Knight,oe:player:ed29043422e3c515e1cb292464b990b,Bilibili Gaming,oe:team:d356a144644879dabb5f34cd99c886d,0.0,Swain,Orianna,Gnar,Ryze,Mel,Lissandra,,,,,,1746,1,8,0,9,20,7,1.0,1.0,0.0,0.0,0.0,0.0,0.0,0.0,0.6873,0.9278,,,,,,,,,,,,,,,,,,,,,0.0,0.0,,,,,,,,,,0.0,0.0,22746,781.6495,0.268697,700.3436,619.1065,10844.0,7,0.2405,3,0.1031,1,25,0.8591,14586,10749,369.3814,0.250032,13325,,,280.0,276.0,4,,,9.622,3626.0,4920.0,95.0,3547.0,4959.0,99.0,79.0,-39.0,-4.0,1.0,1.0,0.0,0.0,0.0,0.0,5422.0,7254.0,140.0,5106.0,7155.0,146.0,316.0,99.0,-6.0,1.0,1.0,0.0,0.0,0.0,0.0,7611.0,10465.0,201.0,7390.0,10835.0,221.0,221.0,-370.0,-20.0,1.0,2.0,0.0,0.0,0.0,0.0,11524.0,14788.0,247.0,8955.0,12760.0,251.0,2569.0,2028.0,-4.0,6.0,5.0,0.0,0.0,3.0,2.0
LOLTMNT01_417230,complete,,MSI,2026,,0,2026-07-04 07:24:15,2,16.13,4,Blue,bot,Viper,oe:player:9573154ad8bc9459b4c0d940315054f,Bilibili Gaming,oe:team:d356a144644879dabb5f34cd99c886d,0.0,Ezreal,Orianna,Gnar,Ryze,Mel,Lissandra,,,,,,1746,1,3,2,13,20,7,0.0,0.0,0.0,0.0,0.0,0.0,0.0,0.0,0.6873,0.9278,,,,,,,,,,,,,,,,,,,,,0.0,0.0,,,,,,,,,,0.0,0.0,22849,785.189,0.269914,418.1443,228.3849,13245.0,16,0.5498,4,0.1375,5,40,1.3746,14741,10904,374.7079,0.253637,12708,,,266.0,262.0,4,,,9.1409,3519.0,4155.0,91.0,3652.0,3938.0,90.0,-133.0,217.0,1.0,0.0,2.0,0.0,1.0,0.0,0.0,5793.0,6180.0,130.0,6439.0,6453.0,148.0,-646.0,-273.0,-18.0,0.0,3.0,1.0,1.0,0.0,0.0,8211.0,9205.0,200.0,8823.0,9333.0,214.0,-612.0,-128.0,-14.0,0.0,3.0,1.0,1.0,0.0,0.0,11568.0,13093.0,238.0,11319.0,11480.0,239.0,249.0,1613.0,-1.0,1.0,9.0,2.0,3.0,0.0,2.0
LOLTMNT01_417230,complete,,MSI,2026,,0,2026-07-04 07:24:15,2,16.13,5,Blue,sup,ON,oe:player:90651ebea9a35ec4e018c8157492e17,Bilibili Gaming,oe:team:d356a144644879dabb5f34cd99c886d,0.0,Bard,Orianna,Gnar,Ryze,Mel,Lissandra,,,,,,1746,1,0,1,13,20,7,0.0,0.0,0.0,0.0,0.0,0.0,0.0,0.0,0.6873,0.9278,,,,,,,,,,,,,,,,,,,,,0.0,0.0,,,,,,,,,,0.0,0.0,7029,241.5464,0.0830331,334.6048,236.0137,497.0,71,2.4399,23,0.7904,34,153,5.2577,8109,4272,146.8041,0.0993645,7165,,,28.0,28.0,0,,,0.9622,2422.0,1983.0,5.0,2414.0,2546.0,17.0,8.0,-563.0,-12.0,0.0,2.0,0.0,0.0,1.0,2.0,3565.0,3357.0,12.0,3475.0,3225.0,23.0,90.0,132.0,-11.0,0.0,2.0,0.0,0.0,1.0,2.0,4777.0,4694.0,20.0,4426.0,3838.0,25.0,351.0,856.0,-5.0,0.0,2.0,0.0,0.0,1.0,2.0,6548.0,7678.0,26.0,5732.0,5212.0,29.0,816.0,2466.0,-3.0,0.0,7.0,1.0,0.0,3.0,3.0
LOLTMNT01_417230,complete,,MSI,2026,,0,2026-07-04 07:24:15,2,16.13,6,Red,top,Doran,oe:player:a1f3b2bb3f36e5113237f92d76dc4c8,T1,oe:team:ce499dea30cfce118f4fe85da0227e8,1.0,Ambessa,Annie,Vayne,Nocturne,Jarvan IV,Ahri,,,,,,1746,0,2,4,4,7,20,0.0,0.0,0.0,0.0,1.0,0.0,1.0,0.0,0.2405,0.9278,,,,,,,,,,,,,,,,,,,,,0.0,0.0,,,,,,,,,,0.0,0.0,17097,587.5258,0.279907,878.9003,1042.543,7346.0,10,0.3436,5,0.1718,4,36,1.2371,11467,7630,262.1993,0.235119,11350,,,273.0,273.0,0,,,9.3814,3598.0,5434.0,88.0,3581.0,5272.0,94.0,17.0,162.0,-6.0,0.0,2.0,0.0,0.0,1.0,2.0,5251.0,8744.0,126.0,5654.0,8612.0,149.0,-403.0,132.0,-23.0,1.0,2.0,1.0,0.0,1.0,2.0,7008.0,11845.0,180.0,7358.0,11521.0,200.0,-350.0,324.0,-20.0,1.0,2.0,2.0,0.0,1.0,2.0,8989.0,14677.0,215.0,8847.0,14275.0,231.0,142.0,402.0,-16.0,2.0,4.0,3.0,0.0,2.0,4.0
LOLTMNT01_417230,complete,,MSI,2026,,0,2026-07-04 07:24:15,2,16.13,7,Red,jng,Oner,oe:player:f8b68f268106124fc4bc1c946adc9b0,T1,oe:team:ce499dea30cfce118f4fe85da0227e8,1.0,Lee Sin,Annie,Vayne,Nocturne,Jarvan IV,Ahri,,,,,,1746,0,2,4,1,7,20,0.0,0.0,0.0,0.0,1.0,1.0,0.0,0.0,0.2405,0.9278,,,,,,,,,,,,,,,,,,,,,0.0,1.0,,,,,,,,,,0.0,1.0,8133,279.4845,0.133151,1038.5567,1002.3024,2047.0,15,0.5155,4,0.1375,6,37,1.2715,10578,6741,231.6495,0.207723,9650,,,212.0,11.0,201,,,7.2852,3859.0,3999.0,78.0,4020.0,4191.0,79.0,-161.0,-192.0,-1.0,1.0,0.0,1.0,2.0,0.0,0.0,5551.0,6484.0,119.0,6187.0,6771.0,122.0,-636.0,-287.0,-3.0,1.0,0.0,1.0,3.0,0.0,0.0,7555.0,9894.0,170.0,8213.0,9529.0,160.0,-658.0,365.0,10.0,1.0,0.0,1.0,4.0,0.0,0.0,9333.0,11614.0,194.0,11169.0,13803.0,199.0,-1836.0,-2189.0,-5.0,2.0,1.0,3.0,6.0,2.0,0.0
LOLTMNT01_417230,complete,,MSI,2026,,0,2026-07-04 07:24:15,2,16.13,8,Red,mid,Faker,oe:player:e1edfc5cea461399a63cb813cf795cc,T1,oe:team:ce499dea30cfce118f4fe85da0227e8,1.0,Galio,Annie,Vayne,Nocturne,Jarvan IV,Ahri,,,,,,1746,0,0,4,3,7,20,0.0,0.0,0.0,0.0,0.0,0.0,0.0,0.0,0.2405,0.9278,,,,,,,,,,,,,,,,,,,,,0.0,0.0,,,,,,,,,,0.0,0.0,15731,540.5842,0.257543,703.8832,848.1443,3864.0,6,0.2062,13,0.4467,3,39,1.3402,9838,6001,206.2199,0.184918,9500,,,263.0,263.0,0,,,9.0378,3547.0,4959.0,99.0,3626.0,4920.0,95.0,-79.0,39.0,4.0,0.0,0.0,0.0,1.0,1.0,0.0,5106.0,7155.0,146.0,5422.0,7254.0,140.0,-316.0,-99.0,6.0,0.0,0.0,0.0,1.0,1.0,0.0,7390.0,10835.0,221.0,7611.0,10465.0,201.0,-221.0,370.0,20.0,0.0,0.0,0.0,1.0,2.0,0.0,8955.0,12760.0,251.0,11524.0,14788.0,247.0,-2569.0,-2028.0,4.0,0.0,3.0,2.0,6.0,5.0,0.0
LOLTMNT01_417230,complete,,MSI,2026,,0,2026-07-04 07:24:15,2,16.13,9,Red,bot,Peyz,oe:player:5bbc2b92348d930ebd500cb9ce71bb7,T1,oe:team:ce499dea30cfce118f4fe85da0227e8,1.0,Kai'Sa,Annie,Vayne,Nocturne,Jarvan IV,Ahri,,,,,,1746,0,3,3,0,7,20,0.0,0.0,0.0,0.0,0.0,0.0,0.0,0.0,0.2405,0.9278,,,,,,,,,,,,,,,,,,,,,0.0,0.0,,,,,,,,,,0.0,0.0,12045,413.9175,0.197197,480.7216,314.3643,664.0,11,0.378,8,0.2749,2,33,1.134,13200,9363,321.7526,0.288524,12900,,,287.0,283.0,4,,,9.8625,3652.0,3938.0,90.0,3519.0,4155.0,91.0,133.0,-217.0,-1.0,1.0,0.0,0.0,0.0,2.0,0.0,6439.0,6453.0,148.0,5793.0,6180.0,130.0,646.0,273.0,18.0,1.0,0.0,0.0,0.0,3.0,1.0,8823.0,9333.0,214.0,8211.0,9205.0,200.0,612.0,128.0,14.0,1.0,0.0,0.0,0.0,3.0,1.0,11319.0,11480.0,239.0,11568.0,13093.0,238.0,-249.0,-1613.0,1.0,3.0,0.0,2.0,1.0,9.0,2.0
LOLTMNT01_417230,complete,,MSI,2026,,0,2026-07-04 07:24:15,2,16.13,10,Red,sup,Keria,oe:player:db79ce6ad35451c938fbe2995dabd37,T1,oe:team:ce499dea30cfce118f4fe85da0227e8,1.0,Camille,Annie,Vayne,Nocturne,Jarvan IV,Ahri,,,,,,1746,0,0,5,3,7,20,0.0,0.0,0.0,0.0,0.0,0.0,0.0,0.0,0.2405,0.9278,,,,,,,,,,,,,,,,,,,,,0.0,0.0,,,,,,,,,,0.0,0.0,8075,277.4914,0.132202,678.9003,396.1512,645.0,62,2.1306,12,0.4124,28,123,4.2268,6554,2717,93.3677,0.0837158,6245,,,31.0,31.0,0,,,1.0653,2414.0,2546.0,17.0,2422.0,1983.0,5.0,-8.0,563.0,12.0,0.0,1.0,2.0,0.0,2.0,0.0,3475.0,3225.0,23.0,3565.0,3357.0,12.0,-90.0,-132.0,11.0,0.0,1.0,2.0,0.0,2.0,0.0,4426.0,3838.0,25.0,4777.0,4694.0,20.0,-351.0,-856.0,5.0,0.0,1.0,2.0,0.0,2.0,0.0,5732.0,5212.0,29.0,6548.0,7678.0,26.0,-816.0,-2466.0,3.0,0.0,3.0,3.0,0.0,7.0,1.0
LOLTMNT01_417230,complete,,MSI,2026,,0,2026-07-04 07:24:15,2,16.13,100,Blue,team,,,Bilibili Gaming,oe:team:d356a144644879dabb5f34cd99c886d,0.0,,Orianna,Gnar,Ryze,Mel,Lissandra,Bard,Ezreal,Renekton,Naafiri,Swain,1746,1,20,7,46,20,7,2.0,1.0,0.0,0.0,0.0,,,,0.6873,0.9278,0.0,2.0,2.0,2.0,2.0,0.0,0.0,1.0,0.0,0.0,1.0,,0.0,0.0,1.0,1.0,0.0,2.0,1.0,1.0,1.0,0.0,0.0,0.0,1.0,9.0,2.0,1.0,1.0,39.0,17.0,1.0,0.0,84653,2909.0378,,2971.9588,2308.7973,40165.0,121,4.1581,41,1.4089,53,304,10.4467,62176,42989,1477.2852,,55723,0.115367,1.17,,851.0,214,,,36.5979,17168.0,20521.0,364.0,17070.0,20876.0,372.0,98.0,-355.0,-8.0,3.0,6.0,2.0,2.0,3.0,3.0,26621.0,32174.0,553.0,25822.0,32061.0,562.0,799.0,113.0,-9.0,4.0,7.0,3.0,3.0,3.0,4.0,36170.0,45414.0,781.0,35202.0,45745.0,810.0,968.0,-331.0,-29.0,5.0,8.0,3.0,3.0,3.0,5.0,49656.0,63637.0,941.0,44328.0,55743.0,928.0,5328.0,7894.0,13.0,13.0,25.0,7.0,7.0,11.0,13.0
LOLTMNT01_417230,complete,,MSI,2026,,0,2026-07-04 07:24:15,2,16.13,200,Red,team,,,T1,oe:team:ce499dea30cfce118f4fe85da0227e8,1.0,,Annie,Vayne,Nocturne,Jarvan IV,Ahri,Camille,Lee Sin,Ambessa,Galio,Kai'Sa,1746,0,7,20,11,7,20,0.0,0.0,0.0,0.0,1.0,,,,0.2405,0.9278,1.0,2.0,2.0,2.0,2.0,0.0,0.0,1.0,1.0,0.0,0.0,,0.0,0.0,0.0,0.0,1.0,1.0,2.0,0.0,0.0,1.0,0.0,0.0,0.0,2.0,9.0,0.0,0.0,17.0,39.0,0.0,1.0,61081,2099.0034,,3780.9622,3603.5052,14566.0,104,3.5739,42,1.4433,43,268,9.2096,51637,32450,1115.1203,,49645,-0.115367,-1.17,,861.0,205,,,36.6323,17070.0,20876.0,372.0,17168.0,20521.0,364.0,-98.0,355.0,8.0,2.0,3.0,3.0,3.0,6.0,2.0,25822.0,32061.0,562.0,26621.0,32174.0,553.0,-799.0,-113.0,9.0,3.0,3.0,4.0,4.0,7.0,3.0,35202.0,45745.0,810.0,36170.0,45414.0,781.0,-968.0,331.0,29.0,3.0,3.0,5.0,5.0,8.0,3.0,44328.0,55743.0,928.0,49656.0,63637.0,941.0,-5328.0,-7894.0,-13.0,7.0,11.0,13.0,13.0,25.0,7.0
LOLTMNT01_418217,complete,,MSI,2026,,0,2026-07-04 08:13:54,3,16.13,1,Blue,top,Doran,oe:player:a1f3b2bb3f36e5113237f92d76dc4c8,T1,oe:team:ce499dea30cfce118f4fe85da0227e8,0.0,Zaahen,Orianna,Gnar,Rumble,Varus,Seraphine,,,,,,2037,0,1,4,0,3,14,0.0,0.0,0.0,0.0,0.0,0.0,0.0,0.0,0.0884,0.5007,,,,,,,,,,,,,,,,,,,,,0.0,0.0,,,,,,,,,,0.0,0.0,21036,619.6171,0.323442,1308.1296,1209.1605,6031.0,9,0.2651,7,0.2062,2,37,1.0898,11131,6700,197.349,0.202448,10283,,,284.0,282.0,2,,,8.3652,3015.0,4945.0,75.0,3636.0,4821.0,88.0,-621.0,124.0,-13.0,0.0,0.0,0.0,0.0,0.0,0.0,4514.0,8303.0,121.0,5718.0,8738.0,144.0,-1204.0,-435.0,-23.0,0.0,0.0,1.0,0.0,1.0,0.0,6714.0,11867.0,175.0,8671.0,12726.0,215.0,-1957.0,-859.0,-40.0,1.0,0.0,1.0,0.0,1.0,0.0,8887.0,15620.0,245.0,10349.0,15840.0,264.0,-1462.0,-220.0,-19.0,1.0,0.0,1.0,0.0,1.0,0.0
LOLTMNT01_418217,complete,,MSI,2026,,0,2026-07-04 08:13:54,3,16.13,2,Blue,jng,Oner,oe:player:f8b68f268106124fc4bc1c946adc9b0,T1,oe:team:ce499dea30cfce118f4fe85da0227e8,0.0,Wukong,Orianna,Gnar,Rumble,Varus,Seraphine,,,,,,2037,0,1,2,1,3,14,0.0,0.0,0.0,0.0,0.0,0.0,0.0,0.0,0.0884,0.5007,,,,,,,,,,,,,,,,,,,,,0.0,1.0,,,,,,,,,,0.0,0.0,7670,225.9205,0.117931,704.8601,640.648,0.0,8,0.2356,19,0.5596,5,67,1.9735,11773,7342,216.2592,0.221846,11358,,,254.0,41.0,213,,,7.4816,3636.0,4140.0,75.0,3338.0,3597.0,63.0,298.0,543.0,12.0,1.0,0.0,0.0,0.0,1.0,0.0,5472.0,6570.0,120.0,5927.0,6585.0,111.0,-455.0,-15.0,9.0,1.0,1.0,0.0,1.0,2.0,0.0,7276.0,9038.0,162.0,7990.0,9262.0,156.0,-714.0,-224.0,6.0,1.0,1.0,0.0,1.0,2.0,0.0,9060.0,11415.0,201.0,10343.0,12461.0,211.0,-1283.0,-1046.0,-10.0,1.0,1.0,0.0,1.0,2.0,0.0
LOLTMNT01_418217,complete,,MSI,2026,,0,2026-07-04 08:13:54,3,16.13,3,Blue,mid,Faker,oe:player:e1edfc5cea461399a63cb813cf795cc,T1,oe:team:ce499dea30cfce118f4fe85da0227e8,0.0,Annie,Orianna,Gnar,Rumble,Varus,Seraphine,,,,,,2037,0,0,5,2,3,14,0.0,0.0,0.0,0.0,0.0,0.0,0.0,1.0,0.0884,0.5007,,,,,,,,,,,,,,,,,,,,,0.0,0.0,,,,,,,,,,0.0,2.0,15647,460.8837,0.240582,518.9102,359.0574,6796.0,6,0.1767,16,0.4713,2,38,1.1193,11530,7099,209.1016,0.214504,11050,,,294.0,294.0,0,,,8.6598,3528.0,4633.0,92.0,4576.0,5473.0,110.0,-1048.0,-840.0,-18.0,0.0,1.0,2.0,2.0,0.0,1.0,5178.0,7092.0,137.0,6442.0,8255.0,163.0,-1264.0,-1163.0,-26.0,0.0,2.0,3.0,2.0,1.0,2.0,7343.0,10332.0,201.0,8690.0,12694.0,228.0,-1347.0,-2362.0,-27.0,0.0,2.0,3.0,2.0,1.0,3.0,9229.0,12763.0,250.0,10668.0,15758.0,290.0,-1439.0,-2995.0,-40.0,0.0,2.0,3.0,2.0,1.0,3.0
LOLTMNT01_418217,complete,,MSI,2026,,0,2026-07-04 08:13:54,3,16.13,4,Blue,bot,Peyz,oe:player:5bbc2b92348d930ebd500cb9ce71bb7,T1,oe:team:ce499dea30cfce118f4fe85da0227e8,0.0,Senna,Orianna,Gnar,Rumble,Varus,Seraphine,,,,,,2037,0,1,1,1,3,14,0.0,0.0,0.0,0.0,0.0,0.0,0.0,0.0,0.0884,0.5007,,,,,,,,,,,,,,,,,,,,,0.0,0.0,,,,,,,,,,0.0,0.0,16640,490.1325,0.25585,391.2518,152.106,1812.0,15,0.4418,12,0.3535,4,48,1.4138,13473,9042,266.3328,0.273214,13400,,,333.0,333.0,0,,,9.8085,3364.0,3667.0,91.0,3493.0,4000.0,96.0,-129.0,-333.0,-5.0,0.0,0.0,0.0,0.0,0.0,0.0,5711.0,6170.0,142.0,5606.0,6848.0,147.0,105.0,-678.0,-5.0,1.0,0.0,0.0,0.0,1.0,0.0,8265.0,9716.0,214.0,7729.0,9788.0,211.0,536.0,-72.0,3.0,1.0,1.0,0.0,0.0,1.0,0.0,10470.0,12249.0,273.0,9640.0,12549.0,268.0,830.0,-300.0,5.0,1.0,1.0,0.0,0.0,1.0,0.0
LOLTMNT01_418217,complete,,MSI,2026,,0,2026-07-04 08:13:54,3,16.13,5,Blue,sup,Keria,oe:player:db79ce6ad35451c938fbe2995dabd37,T1,oe:team:ce499dea30cfce118f4fe85da0227e8,0.0,Leona,Orianna,Gnar,Rumble,Varus,Seraphine,,,,,,2037,0,0,2,1,3,14,0.0,0.0,0.0,0.0,0.0,0.0,0.0,0.0,0.0884,0.5007,,,,,,,,,,,,,,,,,,,,,0.0,0.0,,,,,,,,,,0.0,0.0,4045,119.1458,0.0621944,503.9764,592.0177,0.0,83,2.4448,17,0.5007,35,154,4.5361,7343,2912,85.7732,0.0879878,6750,,,40.0,40.0,0,,,1.1782,2164.0,2356.0,20.0,2290.0,2464.0,14.0,-126.0,-108.0,6.0,0.0,0.0,0.0,0.0,1.0,0.0,3265.0,3442.0,26.0,3715.0,3476.0,20.0,-450.0,-34.0,6.0,0.0,1.0,0.0,1.0,2.0,0.0,4501.0,4863.0,36.0,4900.0,4441.0,27.0,-399.0,422.0,9.0,0.0,1.0,0.0,1.0,2.0,0.0,5543.0,5955.0,37.0,5972.0,5875.0,29.0,-429.0,80.0,8.0,0.0,1.0,0.0,1.0,2.0,0.0
LOLTMNT01_418217,complete,,MSI,2026,,0,2026-07-04 08:13:54,3,16.13,6,Red,top,Bin,oe:player:fb66ef5885b4be9323905b821dc3a42,Bilibili Gaming,oe:team:d356a144644879dabb5f34cd99c886d,1.0,Jax,Nocturne,Vayne,Xin Zhao,Lucian,Lulu,,,,,,2037,1,1,0,7,14,3,0.0,0.0,0.0,0.0,0.0,0.0,0.0,0.0,0.4124,0.5007,,,,,,,,,,,,,,,,,,,,,0.0,0.0,,,,,,,,,,0.0,0.0,22254,655.4934,0.236174,752.2533,766.7747,18529.0,18,0.5302,2,0.0589,4,40,1.1782,15330,10899,321.0309,0.227817,15533,,,330.0,320.0,10,,,9.7202,3636.0,4821.0,88.0,3015.0,4945.0,75.0,621.0,-124.0,13.0,0.0,0.0,0.0,0.0,0.0,0.0,5718.0,8738.0,144.0,4514.0,8303.0,121.0,1204.0,435.0,23.0,0.0,1.0,0.0,0.0,0.0,1.0,8671.0,12726.0,215.0,6714.0,11867.0,175.0,1957.0,859.0,40.0,0.0,1.0,0.0,1.0,0.0,1.0,10349.0,15840.0,264.0,8887.0,15620.0,245.0,1462.0,220.0,19.0,0.0,1.0,0.0,1.0,0.0,1.0
LOLTMNT01_418217,complete,,MSI,2026,,0,2026-07-04 08:13:54,3,16.13,7,Red,jng,Xun,oe:player:fbdc4428b2d095c83aebeed5da4e4b2,Bilibili Gaming,oe:team:d356a144644879dabb5f34cd99c886d,1.0,Qiyana,Nocturne,Vayne,Xin Zhao,Lucian,Lulu,,,,,,2037,1,3,0,8,14,3,0.0,0.0,0.0,0.0,0.0,0.0,0.0,0.0,0.4124,0.5007,,,,,,,,,,,,,,,,,,,,,1.0,0.0,,,,,,,,,,0.0,0.0,16825,495.5817,0.178558,664.8601,431.3108,2666.0,14,0.4124,13,0.3829,11,63,1.8557,15186,10755,316.7894,0.224807,13275,,,264.0,22.0,242,,,7.7761,3338.0,3597.0,63.0,3636.0,4140.0,75.0,-298.0,-543.0,-12.0,0.0,1.0,0.0,1.0,0.0,0.0,5927.0,6585.0,111.0,5472.0,6570.0,120.0,455.0,15.0,-9.0,1.0,2.0,0.0,1.0,1.0,0.0,7990.0,9262.0,156.0,7276.0,9038.0,162.0,714.0,224.0,-6.0,1.0,2.0,0.0,1.0,1.0,0.0,10343.0,12461.0,211.0,9060.0,11415.0,201.0,1283.0,1046.0,10.0,1.0,2.0,0.0,1.0,1.0,0.0
LOLTMNT01_418217,complete,,MSI,2026,,0,2026-07-04 08:13:54,3,16.13,8,Red,mid,Knight,oe:player:ed29043422e3c515e1cb292464b990b,Bilibili Gaming,oe:team:d356a144644879dabb5f34cd99c886d,1.0,Ryze,Nocturne,Vayne,Xin Zhao,Lucian,Lulu,,,,,,2037,1,6,3,4,14,3,0.0,0.0,0.0,0.0,1.0,1.0,0.0,0.0,0.4124,0.5007,,,,,,,,,,,,,,,,,,,,,0.0,0.0,,,,,,,,,,2.0,0.0,24280,715.1694,0.257676,662.9161,496.6421,11652.0,20,0.5891,13,0.3829,8,54,1.5906,16163,11732,345.567,0.245229,15050,,,360.0,344.0,16,,,10.6038,4576.0,5473.0,110.0,3528.0,4633.0,92.0,1048.0,840.0,18.0,2.0,0.0,1.0,0.0,1.0,2.0,6442.0,8255.0,163.0,5178.0,7092.0,137.0,1264.0,1163.0,26.0,2.0,1.0,2.0,0.0,2.0,3.0,8690.0,12694.0,228.0,7343.0,10332.0,201.0,1347.0,2362.0,27.0,2.0,1.0,3.0,0.0,2.0,3.0,10668.0,15758.0,290.0,9229.0,12763.0,250.0,1439.0,2995.0,40.0,2.0,1.0,3.0,0.0,2.0,3.0
LOLTMNT01_418217,complete,,MSI,2026,,0,2026-07-04 08:13:54,3,16.13,9,Red,bot,Viper,oe:player:9573154ad8bc9459b4c0d940315054f,Bilibili Gaming,oe:team:d356a144644879dabb5f34cd99c886d,1.0,Vel'Koz,Nocturne,Vayne,Xin Zhao,Lucian,Lulu,,,,,,2037,1,3,0,4,14,3,1.0,0.0,0.0,0.0,0.0,0.0,0.0,0.0,0.4124,0.5007,,,,,,,,,,,,,,,,,,,,,0.0,0.0,,,,,,,,,,0.0,0.0,27743,817.1723,0.294427,268.5714,165.3903,6073.0,18,0.5302,4,0.1178,7,40,1.1782,14065,9634,283.7703,0.201375,12675,,,299.0,293.0,6,,,8.8071,3493.0,4000.0,96.0,3364.0,3667.0,91.0,129.0,333.0,5.0,0.0,0.0,0.0,0.0,0.0,0.0,5606.0,6848.0,147.0,5711.0,6170.0,142.0,-105.0,678.0,5.0,0.0,1.0,0.0,1.0,0.0,0.0,7729.0,9788.0,211.0,8265.0,9716.0,214.0,-536.0,72.0,-3.0,0.0,1.0,0.0,1.0,1.0,0.0,9640.0,12549.0,268.0,10470.0,12249.0,273.0,-830.0,300.0,-5.0,0.0,1.0,0.0,1.0,1.0,0.0
LOLTMNT01_418217,complete,,MSI,2026,,0,2026-07-04 08:13:54,3,16.13,10,Red,sup,ON,oe:player:90651ebea9a35ec4e018c8157492e17,Bilibili Gaming,oe:team:d356a144644879dabb5f34cd99c886d,1.0,Alistar,Nocturne,Vayne,Xin Zhao,Lucian,Lulu,,,,,,2037,1,1,0,11,14,3,0.0,0.0,0.0,0.0,0.0,0.0,0.0,0.0,0.4124,0.5007,,,,,,,,,,,,,,,,,,,,,0.0,0.0,,,,,,,,,,0.0,0.0,3125,92.0471,0.0331646,504.8012,767.8645,129.0,86,2.5331,18,0.5302,40,152,4.4772,9252,4821,142.0029,0.10077,8470,,,35.0,35.0,0,,,1.0309,2290.0,2464.0,14.0,2164.0,2356.0,20.0,126.0,108.0,-6.0,0.0,1.0,0.0,0.0,0.0,0.0,3715.0,3476.0,20.0,3265.0,3442.0,26.0,450.0,34.0,-6.0,1.0,2.0,0.0,0.0,1.0,0.0,4900.0,4441.0,27.0,4501.0,4863.0,36.0,399.0,-422.0,-9.0,1.0,2.0,0.0,0.0,1.0,0.0,5972.0,5875.0,29.0,5543.0,5955.0,37.0,429.0,-80.0,-8.0,1.0,2.0,0.0,0.0,1.0,0.0
LOLTMNT01_418217,complete,,MSI,2026,,0,2026-07-04 08:13:54,3,16.13,100,Blue,team,,,T1,oe:team:ce499dea30cfce118f4fe85da0227e8,0.0,,Orianna,Gnar,Rumble,Varus,Seraphine,Wukong,Zaahen,Annie,Senna,Leona,2037,0,3,14,5,3,14,0.0,0.0,0.0,0.0,0.0,,,,0.0884,0.5007,0.0,0.0,4.0,0.0,4.0,0.0,0.0,0.0,0.0,0.0,0.0,,0.0,0.0,1.0,1.0,0.0,2.0,1.0,0.0,0.0,1.0,0.0,0.0,0.0,2.0,10.0,1.0,0.0,16.0,43.0,0.0,2.0,65038,1915.6996,,3427.1281,2952.9897,14639.0,121,3.5641,71,2.0913,48,344,10.1325,55250,33095,974.8159,,52841,-0.206408,-2.75,,990.0,215,,,35.4934,15707.0,19741.0,353.0,17333.0,20355.0,371.0,-1626.0,-614.0,-18.0,1.0,1.0,2.0,2.0,2.0,1.0,24140.0,31577.0,546.0,27408.0,33902.0,585.0,-3268.0,-2325.0,-39.0,2.0,4.0,4.0,4.0,7.0,2.0,34099.0,45816.0,788.0,37980.0,48911.0,837.0,-3881.0,-3095.0,-49.0,3.0,5.0,4.0,4.0,7.0,3.0,43189.0,58002.0,1006.0,46972.0,62483.0,1062.0,-3783.0,-4481.0,-56.0,3.0,5.0,4.0,4.0,7.0,3.0
LOLTMNT01_418217,complete,,MSI,2026,,0,2026-07-04 08:13:54,3,16.13,200,Red,team,,,Bilibili Gaming,oe:team:d356a144644879dabb5f34cd99c886d,1.0,,Nocturne,Vayne,Xin Zhao,Lucian,Lulu,Ryze,Jax,Qiyana,Vel'Koz,Alistar,2037,1,14,3,34,14,3,1.0,0.0,0.0,0.0,1.0,,,,0.4124,0.5007,1.0,4.0,0.0,4.0,0.0,1.0,1.0,0.0,0.0,2.0,0.0,,0.0,0.0,0.0,0.0,1.0,1.0,2.0,1.0,1.0,0.0,0.0,0.0,1.0,10.0,2.0,0.0,1.0,43.0,16.0,2.0,0.0,94227,2775.4639,,2853.4021,2627.9823,39049.0,156,4.595,50,1.4728,70,349,10.2798,69996,47841,1409.1605,,65003,0.206408,2.75,,1014.0,274,,,37.9381,17333.0,20355.0,371.0,15707.0,19741.0,353.0,1626.0,614.0,18.0,2.0,2.0,1.0,1.0,1.0,2.0,27408.0,33902.0,585.0,24140.0,31577.0,546.0,3268.0,2325.0,39.0,4.0,7.0,2.0,2.0,4.0,4.0,37980.0,48911.0,837.0,34099.0,45816.0,788.0,3881.0,3095.0,49.0,4.0,7.0,3.0,3.0,5.0,4.0,46972.0,62483.0,1062.0,43189.0,58002.0,1006.0,3783.0,4481.0,56.0,4.0,7.0,3.0,3.0,5.0,4.0
LOLTMNT01_418239,complete,,MSI,2026,,0,2026-07-04 09:18:33,4,16.13,1,Blue,top,Bin,oe:player:fb66ef5885b4be9323905b821dc3a42,Bilibili Gaming,oe:team:d356a144644879dabb5f34cd99c886d,0.0,Gwen,Orianna,Gnar,Rumble,Twisted Fate,Olaf,,,,,,1998,0,3,6,1,10,23,0.0,0.0,0.0,0.0,0.0,0.0,0.0,0.0,0.3003,0.991,,,,,,,,,,,,,,,,,,,,,0.0,0.0,,,,,,,,,,0.0,0.0,14270,428.5285,0.195316,846.4565,673.033,4958.0,16,0.4805,3,0.0901,3,34,1.021,12241,7889,236.9069,0.206908,12135,,,277.0,277.0,0,,,8.3183,4451.0,5716.0,96.0,3004.0,4628.0,74.0,1447.0,1088.0,22.0,2.0,0.0,0.0,0.0,0.0,2.0,6624.0,9501.0,155.0,4848.0,8347.0,132.0,1776.0,1154.0,23.0,2.0,0.0,0.0,0.0,0.0,2.0,8074.0,11451.0,190.0,7145.0,11785.0,188.0,929.0,-334.0,2.0,2.0,0.0,3.0,0.0,2.0,2.0,9260.0,13094.0,219.0,9195.0,16034.0,221.0,65.0,-2940.0,-2.0,2.0,0.0,5.0,0.0,5.0,2.0
LOLTMNT01_418239,complete,,MSI,2026,,0,2026-07-04 09:18:33,4,16.13,2,Blue,jng,Xun,oe:player:fbdc4428b2d095c83aebeed5da4e4b2,Bilibili Gaming,oe:team:d356a144644879dabb5f34cd99c886d,0.0,Skarner,Orianna,Gnar,Rumble,Twisted Fate,Olaf,,,,,,1998,0,1,4,6,10,23,0.0,0.0,0.0,0.0,0.0,0.0,0.0,0.0,0.3003,0.991,,,,,,,,,,,,,,,,,,,,,0.0,2.0,,,,,,,,,,0.0,0.0,8426,253.033,0.115328,737.5075,1599.7898,588.0,16,0.4805,8,0.2402,14,45,1.3514,11372,7020,210.8108,0.184118,10600,,,202.0,10.0,192,,,6.0661,3284.0,3564.0,64.0,3572.0,3649.0,69.0,-288.0,-85.0,-5.0,0.0,2.0,0.0,0.0,3.0,1.0,4933.0,5850.0,103.0,5666.0,6788.0,120.0,-733.0,-938.0,-17.0,0.0,2.0,1.0,0.0,5.0,1.0,6580.0,8241.0,138.0,8089.0,10108.0,158.0,-1509.0,-1867.0,-20.0,0.0,2.0,2.0,1.0,8.0,1.0,9273.0,11392.0,168.0,10845.0,13273.0,194.0,-1572.0,-1881.0,-26.0,1.0,4.0,3.0,2.0,9.0,2.0
LOLTMNT01_418239,complete,,MSI,2026,,0,2026-07-04 09:18:33,4,16.13,3,Blue,mid,Knight,oe:player:ed29043422e3c515e1cb292464b990b,Bilibili Gaming,oe:team:d356a144644879dabb5f34cd99c886d,0.0,Aurora,Orianna,Gnar,Rumble,Twisted Fate,Olaf,,,,,,1998,0,2,3,4,10,23,0.0,0.0,0.0,0.0,0.0,0.0,0.0,0.0,0.3003,0.991,,,,,,,,,,,,,,,,,,,,,0.0,0.0,,,,,,,,,,0.0,0.0,19114,573.994,0.261617,643.7838,297.2072,7032.0,9,0.2703,5,0.1502,5,34,1.021,12909,8557,256.967,0.224427,12975,,,300.0,300.0,0,,,9.009,3668.0,4623.0,81.0,3937.0,5530.0,106.0,-269.0,-907.0,-25.0,1.0,1.0,0.0,0.0,0.0,0.0,5548.0,7575.0,138.0,5697.0,8225.0,159.0,-149.0,-650.0,-21.0,1.0,1.0,0.0,0.0,1.0,0.0,7874.0,11014.0,203.0,8670.0,11651.0,216.0,-796.0,-637.0,-13.0,1.0,1.0,0.0,1.0,4.0,0.0,10093.0,12987.0,238.0,11364.0,15857.0,281.0,-1271.0,-2870.0,-43.0,2.0,2.0,2.0,3.0,5.0,0.0
LOLTMNT01_418239,complete,,MSI,2026,,0,2026-07-04 09:18:33,4,16.13,4,Blue,bot,Viper,oe:player:9573154ad8bc9459b4c0d940315054f,Bilibili Gaming,oe:team:d356a144644879dabb5f34cd99c886d,0.0,Caitlyn,Orianna,Gnar,Rumble,Twisted Fate,Olaf,,,,,,1998,0,1,4,4,10,23,0.0,0.0,0.0,0.0,1.0,0.0,1.0,0.0,0.3003,0.991,,,,,,,,,,,,,,,,,,,,,0.0,0.0,,,,,,,,,,0.0,1.0,20033,601.5916,0.274196,460.961,211.2613,4657.0,19,0.5706,9,0.2703,7,50,1.5015,13701,9349,280.7508,0.245198,13325,,,327.0,315.0,12,,,9.8198,3393.0,3639.0,85.0,4385.0,3452.0,87.0,-992.0,187.0,-2.0,0.0,1.0,1.0,3.0,0.0,1.0,5225.0,5622.0,127.0,7789.0,6223.0,150.0,-2564.0,-601.0,-23.0,0.0,1.0,2.0,5.0,1.0,1.0,7470.0,8069.0,188.0,10838.0,9593.0,210.0,-3368.0,-1524.0,-22.0,0.0,1.0,3.0,8.0,1.0,1.0,9428.0,10798.0,238.0,13316.0,12627.0,236.0,-3888.0,-1829.0,2.0,0.0,2.0,3.0,10.0,2.0,2.0
LOLTMNT01_418239,complete,,MSI,2026,,0,2026-07-04 09:18:33,4,16.13,5,Blue,sup,ON,oe:player:90651ebea9a35ec4e018c8157492e17,Bilibili Gaming,oe:team:d356a144644879dabb5f34cd99c886d,0.0,Elise,Orianna,Gnar,Rumble,Twisted Fate,Olaf,,,,,,1998,0,3,6,5,10,23,0.0,0.0,0.0,0.0,1.0,1.0,0.0,0.0,0.3003,0.991,,,,,,,,,,,,,,,,,,,,,0.0,0.0,,,,,,,,,,0.0,0.0,11218,336.8769,0.153543,617.2973,278.2583,799.0,78,2.3423,16,0.4805,32,139,4.1742,9665,5313,159.5495,0.13935,9460,,,37.0,37.0,0,,,1.1111,2806.0,2279.0,9.0,2346.0,2279.0,7.0,460.0,0.0,2.0,1.0,1.0,2.0,0.0,3.0,0.0,3907.0,3308.0,18.0,3971.0,3423.0,12.0,-64.0,-115.0,6.0,1.0,1.0,3.0,1.0,4.0,0.0,5239.0,5059.0,27.0,5717.0,5484.0,15.0,-478.0,-425.0,12.0,1.0,1.0,4.0,2.0,7.0,0.0,7286.0,7270.0,33.0,7524.0,8316.0,21.0,-238.0,-1046.0,12.0,2.0,3.0,5.0,3.0,9.0,1.0
LOLTMNT01_418239,complete,,MSI,2026,,0,2026-07-04 09:18:33,4,16.13,6,Red,top,Doran,oe:player:a1f3b2bb3f36e5113237f92d76dc4c8,T1,oe:team:ce499dea30cfce118f4fe85da0227e8,1.0,K'Sante,Varus,Vayne,Nocturne,Akali,Sylas,,,,,,1998,1,1,3,9,23,10,0.0,0.0,0.0,0.0,0.0,0.0,0.0,0.0,0.6907,0.991,,,,,,,,,,,,,,,,,,,,,0.0,0.0,,,,,,,,,,0.0,0.0,14200,426.4264,0.159705,814.7748,1904.8649,5599.0,12,0.3604,4,0.1201,7,40,1.2012,12569,8217,246.7568,0.162908,11225,,,265.0,257.0,8,,,7.958,3004.0,4628.0,74.0,4451.0,5716.0,96.0,-1447.0,-1088.0,-22.0,0.0,0.0,2.0,2.0,0.0,0.0,4848.0,8347.0,132.0,6624.0,9501.0,155.0,-1776.0,-1154.0,-23.0,0.0,0.0,2.0,2.0,0.0,0.0,7145.0,11785.0,188.0,8074.0,11451.0,190.0,-929.0,334.0,-2.0,0.0,2.0,2.0,2.0,0.0,3.0,9195.0,16034.0,221.0,9260.0,13094.0,219.0,-65.0,2940.0,2.0,0.0,5.0,2.0,2.0,0.0,5.0
LOLTMNT01_418239,complete,,MSI,2026,,0,2026-07-04 09:18:33,4,16.13,7,Red,jng,Oner,oe:player:f8b68f268106124fc4bc1c946adc9b0,T1,oe:team:ce499dea30cfce118f4fe85da0227e8,1.0,Jarvan IV,Varus,Vayne,Nocturne,Akali,Sylas,,,,,,1998,1,2,2,14,23,10,0.0,0.0,0.0,0.0,0.0,0.0,0.0,0.0,0.6907,0.991,,,,,,,,,,,,,,,,,,,,,2.0,0.0,,,,,,,,,,0.0,0.0,13976,419.6997,0.157186,838.4384,1194.2643,2336.0,11,0.3303,19,0.5706,10,75,2.2523,15020,10668,320.3604,0.211498,12800,,,255.0,29.0,226,,,7.6577,3572.0,3649.0,69.0,3284.0,3564.0,64.0,288.0,85.0,5.0,0.0,3.0,1.0,0.0,2.0,0.0,5666.0,6788.0,120.0,4933.0,5850.0,103.0,733.0,938.0,17.0,0.0,5.0,1.0,0.0,2.0,1.0,8089.0,10108.0,158.0,6580.0,8241.0,138.0,1509.0,1867.0,20.0,1.0,8.0,1.0,0.0,2.0,2.0,10845.0,13273.0,194.0,9273.0,11392.0,168.0,1572.0,1881.0,26.0,2.0,9.0,2.0,1.0,4.0,3.0
LOLTMNT01_418239,complete,,MSI,2026,,0,2026-07-04 09:18:33,4,16.13,8,Red,mid,Faker,oe:player:e1edfc5cea461399a63cb813cf795cc,T1,oe:team:ce499dea30cfce118f4fe85da0227e8,1.0,Ahri,Varus,Vayne,Nocturne,Akali,Sylas,,,,,,1998,1,3,0,9,23,10,0.0,0.0,0.0,0.0,0.0,0.0,0.0,0.0,0.6907,0.991,,,,,,,,,,,,,,,,,,,,,0.0,0.0,,,,,,,,,,0.0,0.0,24403,732.8228,0.274456,478.9489,298.3483,16848.0,5,0.1502,8,0.2402,1,29,0.8709,15921,11569,347.4174,0.22936,13775,,,363.0,359.0,4,,,10.9009,3937.0,5530.0,106.0,3668.0,4623.0,81.0,269.0,907.0,25.0,0.0,0.0,0.0,1.0,1.0,0.0,5697.0,8225.0,159.0,5548.0,7575.0,138.0,149.0,650.0,21.0,0.0,1.0,0.0,1.0,1.0,0.0,8670.0,11651.0,216.0,7874.0,11014.0,203.0,796.0,637.0,13.0,1.0,4.0,0.0,1.0,1.0,0.0,11364.0,15857.0,281.0,10093.0,12987.0,238.0,1271.0,2870.0,43.0,3.0,5.0,0.0,2.0,2.0,2.0
LOLTMNT01_418239,complete,,MSI,2026,,0,2026-07-04 09:18:33,4,16.13,9,Red,bot,Peyz,oe:player:5bbc2b92348d930ebd500cb9ce71bb7,T1,oe:team:ce499dea30cfce118f4fe85da0227e8,1.0,Mel,Varus,Vayne,Nocturne,Akali,Sylas,,,,,,1998,1,13,3,4,23,10,3.0,1.0,0.0,0.0,0.0,0.0,0.0,1.0,0.6907,0.991,,,,,,,,,,,,,,,,,,,,,0.0,0.0,,,,,,,,,,1.0,0.0,23639,709.8799,0.265864,503.7538,286.1261,8919.0,15,0.4505,6,0.1802,5,36,1.0811,18479,14127,424.2342,0.280072,15025,,,302.0,297.0,5,,,9.0691,4385.0,3452.0,87.0,3393.0,3639.0,85.0,992.0,-187.0,2.0,3.0,0.0,1.0,0.0,1.0,1.0,7789.0,6223.0,150.0,5225.0,5622.0,127.0,2564.0,601.0,23.0,5.0,1.0,1.0,0.0,1.0,2.0,10838.0,9593.0,210.0,7470.0,8069.0,188.0,3368.0,1524.0,22.0,8.0,1.0,1.0,0.0,1.0,3.0,13316.0,12627.0,236.0,9428.0,10798.0,238.0,3888.0,1829.0,-2.0,10.0,2.0,2.0,0.0,2.0,3.0
LOLTMNT01_418239,complete,,MSI,2026,,0,2026-07-04 09:18:33,4,16.13,10,Red,sup,Keria,oe:player:db79ce6ad35451c938fbe2995dabd37,T1,oe:team:ce499dea30cfce118f4fe85da0227e8,1.0,Pyke,Varus,Vayne,Nocturne,Akali,Sylas,,,,,,1998,1,4,2,10,23,10,0.0,0.0,0.0,0.0,0.0,0.0,0.0,0.0,0.6907,0.991,,,,,,,,,,,,,,,,,,,,,0.0,0.0,,,,,,,,,,0.0,0.0,12696,381.2613,0.14279,475.1952,249.9099,999.0,79,2.3724,15,0.4505,42,144,4.3243,10211,5859,175.9459,0.116162,9700,,,32.0,32.0,0,,,0.961,2346.0,2279.0,7.0,2806.0,2279.0,9.0,-460.0,0.0,-2.0,0.0,3.0,0.0,1.0,1.0,2.0,3971.0,3423.0,12.0,3907.0,3308.0,18.0,64.0,115.0,-6.0,1.0,4.0,0.0,1.0,1.0,3.0,5717.0,5484.0,15.0,5239.0,5059.0,27.0,478.0,425.0,-12.0,2.0,7.0,0.0,1.0,1.0,4.0,7524.0,8316.0,21.0,7286.0,7270.0,33.0,238.0,1046.0,-12.0,3.0,9.0,1.0,2.0,3.0,5.0
LOLTMNT01_418239,complete,,MSI,2026,,0,2026-07-04 09:18:33,4,16.13,100,Blue,team,,,Bilibili Gaming,oe:team:d356a144644879dabb5f34cd99c886d,0.0,,Orianna,Gnar,Rumble,Twisted Fate,Olaf,Caitlyn,Skarner,Elise,Aurora,Gwen,1998,0,10,23,20,10,23,0.0,0.0,0.0,0.0,1.0,,,,0.3003,0.991,0.0,0.0,5.0,0.0,4.0,0.0,0.0,0.0,0.0,0.0,0.0,,0.0,1.0,0.0,0.0,1.0,3.0,0.0,0.0,0.0,2.0,0.0,0.0,1.0,3.0,9.0,0.0,0.0,15.0,41.0,0.0,1.0,73061,2194.024,,3306.006,3059.5495,18034.0,138,4.1441,41,1.2312,61,302,9.0691,59888,38130,1145.045,,58495,-0.0666006,-1.53,,939.0,204,,,34.3243,17602.0,19821.0,335.0,17244.0,19538.0,343.0,358.0,283.0,-8.0,4.0,5.0,3.0,3.0,6.0,4.0,26237.0,31856.0,541.0,27971.0,33006.0,573.0,-1734.0,-1150.0,-32.0,4.0,5.0,6.0,6.0,11.0,4.0,35237.0,43834.0,746.0,40459.0,48621.0,787.0,-5222.0,-4787.0,-41.0,4.0,5.0,12.0,12.0,22.0,4.0,45340.0,55541.0,896.0,52244.0,66107.0,953.0,-6904.0,-10566.0,-57.0,7.0,11.0,18.0,18.0,30.0,7.0
LOLTMNT01_418239,complete,,MSI,2026,,0,2026-07-04 09:18:33,4,16.13,200,Red,team,,,T1,oe:team:ce499dea30cfce118f4fe85da0227e8,1.0,,Varus,Vayne,Nocturne,Akali,Sylas,Jarvan IV,Mel,Pyke,K'Sante,Ahri,1998,1,23,10,46,23,10,3.0,1.0,0.0,0.0,0.0,,,,0.6907,0.991,1.0,5.0,0.0,4.0,0.0,0.0,1.0,2.0,0.0,0.0,1.0,,1.0,0.0,1.0,1.0,0.0,0.0,3.0,1.0,2.0,0.0,0.0,0.0,0.0,9.0,3.0,1.0,1.0,41.0,15.0,1.0,0.0,88914,2670.0901,,3111.1111,3933.5135,34701.0,122,3.6637,52,1.5616,65,324,9.7297,72200,50442,1514.7748,,62525,0.0666006,1.53,,974.0,243,,,36.5465,17244.0,19538.0,343.0,17602.0,19821.0,335.0,-358.0,-283.0,8.0,3.0,6.0,4.0,4.0,5.0,3.0,27971.0,33006.0,573.0,26237.0,31856.0,541.0,1734.0,1150.0,32.0,6.0,11.0,4.0,4.0,5.0,6.0,40459.0,48621.0,787.0,35237.0,43834.0,746.0,5222.0,4787.0,41.0,12.0,22.0,4.0,4.0,5.0,12.0,52244.0,66107.0,953.0,45340.0,55541.0,896.0,6904.0,10566.0,57.0,18.0,30.0,7.0,7.0,11.0,18.0
LOLTMNT01_417281,complete,,MSI,2026,,0,2026-07-04 10:12:57,5,16.13,1,Blue,top,Doran,oe:player:a1f3b2bb3f36e5113237f92d76dc4c8,T1,oe:team:ce499dea30cfce118f4fe85da0227e8,0.0,Gnar,Yone,Orianna,Varus,Xin Zhao,Pantheon,,,,,,1617,0,0,2,0,3,10,0.0,0.0,0.0,0.0,0.0,0.0,0.0,0.0,0.1113,0.4824,,,,,,,,,,,,,,,,,,,,,0.0,0.0,,,,,,,,,,0.0,1.0,7071,262.3748,0.219767,700.7792,711.3915,7255.0,12,0.4453,6,0.2226,5,40,1.4842,10435,6861,254.5826,0.231706,9578,,,257.0,257.0,0,,,9.5362,3632.0,5224.0,95.0,3501.0,5100.0,89.0,131.0,124.0,6.0,0.0,0.0,0.0,0.0,0.0,0.0,5983.0,9075.0,160.0,4915.0,8557.0,136.0,1068.0,518.0,24.0,0.0,0.0,0.0,0.0,0.0,0.0,7771.0,12816.0,217.0,6640.0,11883.0,193.0,1131.0,933.0,24.0,0.0,0.0,0.0,0.0,0.0,0.0,10037.0,14766.0,250.0,8883.0,15955.0,241.0,1154.0,-1189.0,9.0,0.0,0.0,1.0,0.0,3.0,0.0
LOLTMNT01_417281,complete,,MSI,2026,,0,2026-07-04 10:12:57,5,16.13,2,Blue,jng,Oner,oe:player:f8b68f268106124fc4bc1c946adc9b0,T1,oe:team:ce499dea30cfce118f4fe85da0227e8,0.0,Trundle,Yone,Orianna,Varus,Xin Zhao,Pantheon,,,,,,1617,0,0,3,1,3,10,0.0,0.0,0.0,0.0,0.0,0.0,0.0,1.0,0.1113,0.4824,,,,,,,,,,,,,,,,,,,,,0.0,1.0,,,,,,,,,,0.0,1.0,2762,102.4861,0.085843,970.4267,697.8479,2523.0,10,0.3711,13,0.4824,9,45,1.6698,8522,4948,183.5993,0.167099,8158,,,173.0,19.0,154,,,6.4193,3285.0,3701.0,72.0,3933.0,4313.0,82.0,-648.0,-612.0,-10.0,0.0,0.0,1.0,1.0,0.0,0.0,4670.0,5500.0,100.0,5854.0,7496.0,136.0,-1184.0,-1996.0,-36.0,0.0,0.0,1.0,1.0,0.0,0.0,6457.0,8611.0,143.0,8032.0,10580.0,199.0,-1575.0,-1969.0,-56.0,0.0,0.0,1.0,1.0,0.0,0.0,8169.0,10409.0,172.0,10611.0,14140.0,237.0,-2442.0,-3731.0,-65.0,0.0,0.0,2.0,1.0,5.0,0.0
LOLTMNT01_417281,complete,,MSI,2026,,0,2026-07-04 10:12:57,5,16.13,3,Blue,mid,Faker,oe:player:e1edfc5cea461399a63cb813cf795cc,T1,oe:team:ce499dea30cfce118f4fe85da0227e8,0.0,Taliyah,Yone,Orianna,Varus,Xin Zhao,Pantheon,,,,,,1617,0,2,1,1,3,10,0.0,0.0,0.0,0.0,0.0,0.0,0.0,0.0,0.1113,0.4824,,,,,,,,,,,,,,,,,,,,,0.0,0.0,,,,,,,,,,0.0,0.0,10502,389.6846,0.326402,585.3432,515.5844,6200.0,13,0.4824,10,0.3711,4,37,1.3729,10938,7364,273.2468,0.248694,9650,,,245.0,245.0,0,,,9.0909,3111.0,4761.0,84.0,3691.0,5613.0,102.0,-580.0,-852.0,-18.0,0.0,0.0,0.0,0.0,0.0,0.0,4786.0,7374.0,133.0,5892.0,8619.0,161.0,-1106.0,-1245.0,-28.0,0.0,0.0,1.0,1.0,0.0,0.0,7096.0,10376.0,188.0,7545.0,11072.0,212.0,-449.0,-696.0,-24.0,1.0,0.0,1.0,1.0,0.0,1.0,9545.0,12567.0,235.0,10987.0,13846.0,257.0,-1442.0,-1279.0,-22.0,1.0,0.0,1.0,3.0,0.0,1.0
LOLTMNT01_417281,complete,,MSI,2026,,0,2026-07-04 10:12:57,5,16.13,4,Blue,bot,Peyz,oe:player:5bbc2b92348d930ebd500cb9ce71bb7,T1,oe:team:ce499dea30cfce118f4fe85da0227e8,0.0,Yunara,Yone,Orianna,Varus,Xin Zhao,Pantheon,,,,,,1617,0,1,2,1,3,10,0.0,0.0,0.0,0.0,0.0,0.0,0.0,0.0,0.1113,0.4824,,,,,,,,,,,,,,,,,,,,,0.0,0.0,,,,,,,,,,0.0,0.0,9039,335.3989,0.280932,529.6846,318.8126,5388.0,9,0.334,13,0.4824,2,35,1.2987,11497,7923,293.9889,0.267573,10750,,,274.0,274.0,0,,,10.167,3360.0,3518.0,84.0,3762.0,3507.0,99.0,-402.0,11.0,-15.0,0.0,0.0,0.0,0.0,1.0,0.0,5950.0,5388.0,147.0,6070.0,5975.0,157.0,-120.0,-587.0,-10.0,0.0,0.0,0.0,0.0,1.0,0.0,8284.0,7722.0,217.0,8154.0,8487.0,220.0,130.0,-765.0,-3.0,0.0,0.0,0.0,0.0,1.0,0.0,10427.0,9749.0,267.0,11583.0,11338.0,248.0,-1156.0,-1589.0,19.0,0.0,0.0,1.0,3.0,2.0,0.0
LOLTMNT01_417281,complete,,MSI,2026,,0,2026-07-04 10:12:57,5,16.13,5,Blue,sup,Keria,oe:player:db79ce6ad35451c938fbe2995dabd37,T1,oe:team:ce499dea30cfce118f4fe85da0227e8,0.0,Lulu,Yone,Orianna,Varus,Xin Zhao,Pantheon,,,,,,1617,0,0,2,2,3,10,0.0,0.0,0.0,0.0,0.0,0.0,0.0,0.0,0.1113,0.4824,,,,,,,,,,,,,,,,,,,,,0.0,0.0,,,,,,,,,,0.0,0.0,2801,103.9332,0.0870552,426.0482,225.8256,0.0,56,2.0779,2,0.0742,25,87,3.2282,6089,2515,93.321,0.0849292,5565,,,32.0,32.0,0,,,1.1874,2230.0,2872.0,19.0,2563.0,2877.0,15.0,-333.0,-5.0,4.0,0.0,0.0,0.0,0.0,1.0,0.0,3416.0,4773.0,31.0,3927.0,3927.0,21.0,-511.0,846.0,10.0,0.0,0.0,0.0,0.0,2.0,0.0,4433.0,6212.0,31.0,5059.0,5570.0,26.0,-626.0,642.0,5.0,0.0,0.0,0.0,0.0,2.0,0.0,5575.0,8187.0,31.0,7069.0,8424.0,34.0,-1494.0,-237.0,-3.0,0.0,0.0,2.0,0.0,7.0,0.0
LOLTMNT01_417281,complete,,MSI,2026,,0,2026-07-04 10:12:57,5,16.13,6,Red,top,Bin,oe:player:fb66ef5885b4be9323905b821dc3a42,Bilibili Gaming,oe:team:d356a144644879dabb5f34cd99c886d,1.0,Rumble,Nocturne,Lucian,Vayne,Zeri,Blitzcrank,,,,,,1617,1,0,0,5,10,3,0.0,0.0,0.0,0.0,0.0,0.0,0.0,0.0,0.3711,0.4824,,,,,,,,,,,,,,,,,,,,,0.0,0.0,,,,,,,,,,1.0,0.0,11740,435.6215,0.174978,335.6957,707.1614,3872.0,13,0.4824,2,0.0742,4,28,1.039,9926,6352,235.6957,0.168953,7975,,,256.0,252.0,4,,,9.4991,3501.0,5100.0,89.0,3632.0,5224.0,95.0,-131.0,-124.0,-6.0,0.0,0.0,0.0,0.0,0.0,0.0,4915.0,8557.0,136.0,5983.0,9075.0,160.0,-1068.0,-518.0,-24.0,0.0,0.0,0.0,0.0,0.0,0.0,6640.0,11883.0,193.0,7771.0,12816.0,217.0,-1131.0,-933.0,-24.0,0.0,0.0,0.0,0.0,0.0,0.0,8883.0,15955.0,241.0,10037.0,14766.0,250.0,-1154.0,1189.0,-9.0,0.0,3.0,0.0,0.0,0.0,1.0
LOLTMNT01_417281,complete,,MSI,2026,,0,2026-07-04 10:12:57,5,16.13,7,Red,jng,Xun,oe:player:fbdc4428b2d095c83aebeed5da4e4b2,Bilibili Gaming,oe:team:d356a144644879dabb5f34cd99c886d,1.0,Kindred,Nocturne,Lucian,Vayne,Zeri,Blitzcrank,,,,,,1617,1,3,0,6,10,3,0.0,0.0,0.0,0.0,1.0,1.0,0.0,0.0,0.3711,0.4824,,,,,,,,,,,,,,,,,,,,,1.0,0.0,,,,,,,,,,1.0,0.0,18306,679.2579,0.272841,755.6586,561.0019,4137.0,11,0.4082,15,0.5566,7,55,2.0408,12414,8840,328.0148,0.235133,10208,,,249.0,33.0,216,,,9.2393,3933.0,4313.0,82.0,3285.0,3701.0,72.0,648.0,612.0,10.0,1.0,0.0,0.0,0.0,0.0,1.0,5854.0,7496.0,136.0,4670.0,5500.0,100.0,1184.0,1996.0,36.0,1.0,0.0,0.0,0.0,0.0,1.0,8032.0,10580.0,199.0,6457.0,8611.0,143.0,1575.0,1969.0,56.0,1.0,0.0,0.0,0.0,0.0,1.0,10611.0,14140.0,237.0,8169.0,10409.0,172.0,2442.0,3731.0,65.0,1.0,5.0,0.0,0.0,0.0,2.0
LOLTMNT01_417281,complete,,MSI,2026,,0,2026-07-04 10:12:57,5,16.13,8,Red,mid,Knight,oe:player:ed29043422e3c515e1cb292464b990b,Bilibili Gaming,oe:team:d356a144644879dabb5f34cd99c886d,1.0,Syndra,Nocturne,Lucian,Vayne,Zeri,Blitzcrank,,,,,,1617,1,3,1,2,10,3,1.0,0.0,0.0,0.0,0.0,0.0,0.0,0.0,0.3711,0.4824,,,,,,,,,,,,,,,,,,,,,0.0,0.0,,,,,,,,,,0.0,0.0,15914,590.5009,0.23719,370.2783,283.2282,9518.0,13,0.4824,6,0.2226,3,39,1.4471,12162,8588,318.6642,0.22843,10525,,,277.0,275.0,2,,,10.2783,3691.0,5613.0,102.0,3111.0,4761.0,84.0,580.0,852.0,18.0,0.0,0.0,0.0,0.0,0.0,0.0,5892.0,8619.0,161.0,4786.0,7374.0,133.0,1106.0,1245.0,28.0,1.0,0.0,0.0,0.0,0.0,1.0,7545.0,11072.0,212.0,7096.0,10376.0,188.0,449.0,696.0,24.0,1.0,0.0,1.0,1.0,0.0,1.0,10987.0,13846.0,257.0,9545.0,12567.0,235.0,1442.0,1279.0,22.0,3.0,0.0,1.0,1.0,0.0,1.0
LOLTMNT01_417281,complete,,MSI,2026,,0,2026-07-04 10:12:57,5,16.13,9,Red,bot,Viper,oe:player:9573154ad8bc9459b4c0d940315054f,Bilibili Gaming,oe:team:d356a144644879dabb5f34cd99c886d,1.0,Ashe,Nocturne,Lucian,Vayne,Zeri,Blitzcrank,,,,,,1617,1,4,1,3,10,3,1.0,0.0,0.0,0.0,1.0,0.0,1.0,0.0,0.3711,0.4824,,,,,,,,,,,,,,,,,,,,,0.0,0.0,,,,,,,,,,0.0,0.0,14453,536.2894,0.215414,354.1744,316.3636,19106.0,16,0.5937,8,0.2968,6,42,1.5584,12981,9407,349.0538,0.250215,11150,,,255.0,251.0,4,,,9.462,3762.0,3507.0,99.0,3360.0,3518.0,84.0,402.0,-11.0,15.0,0.0,1.0,0.0,0.0,0.0,0.0,6070.0,5975.0,157.0,5950.0,5388.0,147.0,120.0,587.0,10.0,0.0,1.0,0.0,0.0,0.0,0.0,8154.0,8487.0,220.0,8284.0,7722.0,217.0,-130.0,765.0,3.0,0.0,1.0,0.0,0.0,0.0,0.0,11583.0,11338.0,248.0,10427.0,9749.0,267.0,1156.0,1589.0,-19.0,3.0,2.0,0.0,0.0,0.0,1.0
LOLTMNT01_417281,complete,,MSI,2026,,0,2026-07-04 10:12:57,5,16.13,10,Red,sup,ON,oe:player:90651ebea9a35ec4e018c8157492e17,Bilibili Gaming,oe:team:d356a144644879dabb5f34cd99c886d,1.0,Seraphine,Nocturne,Lucian,Vayne,Zeri,Blitzcrank,,,,,,1617,1,0,1,10,10,3,0.0,0.0,0.0,0.0,1.0,0.0,1.0,0.0,0.3711,0.4824,,,,,,,,,,,,,,,,,,,,,0.0,0.0,,,,,,,,,,0.0,0.0,6681,247.9035,0.0995767,290.3154,308.7941,1398.0,52,1.9295,10,0.3711,18,100,3.7106,7983,4409,163.5993,0.11727,7850,,,34.0,32.0,2,,,1.2616,2563.0,2877.0,15.0,2230.0,2872.0,19.0,333.0,5.0,-4.0,0.0,1.0,0.0,0.0,0.0,0.0,3927.0,3927.0,21.0,3416.0,4773.0,31.0,511.0,-846.0,-10.0,0.0,2.0,0.0,0.0,0.0,0.0,5059.0,5570.0,26.0,4433.0,6212.0,31.0,626.0,-642.0,-5.0,0.0,2.0,0.0,0.0,0.0,0.0,7069.0,8424.0,34.0,5575.0,8187.0,31.0,1494.0,237.0,3.0,0.0,7.0,0.0,0.0,0.0,2.0
LOLTMNT01_417281,complete,,MSI,2026,,0,2026-07-04 10:12:57,5,16.13,100,Blue,team,,,T1,oe:team:ce499dea30cfce118f4fe85da0227e8,0.0,,Yone,Orianna,Varus,Xin Zhao,Pantheon,Trundle,Gnar,Taliyah,Lulu,Yunara,1617,0,3,10,5,3,10,0.0,0.0,0.0,0.0,0.0,,,,0.1113,0.4824,0.0,0.0,4.0,0.0,4.0,0.0,0.0,0.0,0.0,0.0,0.0,,0.0,0.0,0.0,0.0,1.0,2.0,1.0,0.0,0.0,1.0,0.0,0.0,1.0,3.0,9.0,0.0,0.0,21.0,35.0,0.0,2.0,32175,1193.8776,,3212.282,2469.462,21366.0,100,3.7106,44,1.6327,45,244,9.0538,47481,29610,1098.7013,,43701,-0.0876719,-1.87,,827.0,154,,,36.4007,15618.0,20076.0,354.0,17450.0,21410.0,387.0,-1832.0,-1334.0,-33.0,0.0,0.0,1.0,1.0,2.0,0.0,24805.0,32110.0,571.0,26658.0,34574.0,611.0,-1853.0,-2464.0,-40.0,0.0,0.0,2.0,2.0,3.0,0.0,34041.0,45737.0,796.0,35430.0,47592.0,850.0,-1389.0,-1855.0,-54.0,1.0,0.0,2.0,2.0,3.0,1.0,43753.0,55678.0,955.0,49133.0,63703.0,1017.0,-5380.0,-8025.0,-62.0,1.0,0.0,7.0,7.0,17.0,1.0
LOLTMNT01_417281,complete,,MSI,2026,,0,2026-07-04 10:12:57,5,16.13,200,Red,team,,,Bilibili Gaming,oe:team:d356a144644879dabb5f34cd99c886d,1.0,,Nocturne,Lucian,Vayne,Zeri,Blitzcrank,Rumble,Seraphine,Ashe,Syndra,Kindred,1617,1,10,3,26,10,3,2.0,0.0,0.0,0.0,1.0,,,,0.3711,0.4824,1.0,4.0,0.0,4.0,0.0,0.0,2.0,1.0,1.0,0.0,0.0,,0.0,0.0,1.0,1.0,0.0,1.0,2.0,1.0,1.0,0.0,0.0,0.0,0.0,9.0,3.0,1.0,1.0,35.0,21.0,2.0,0.0,67094,2489.5733,,2106.1224,2176.5492,38031.0,105,3.8961,41,1.5213,38,264,9.7959,55466,37595,1394.9907,,47708,0.0876719,1.87,,843.0,228,,,39.7403,17450.0,21410.0,387.0,15618.0,20076.0,354.0,1832.0,1334.0,33.0,1.0,2.0,0.0,0.0,0.0,1.0,26658.0,34574.0,611.0,24805.0,32110.0,571.0,1853.0,2464.0,40.0,2.0,3.0,0.0,0.0,0.0,2.0,35430.0,47592.0,850.0,34041.0,45737.0,796.0,1389.0,1855.0,54.0,2.0,3.0,1.0,1.0,0.0,2.0,49133.0,63703.0,1017.0,43753.0,55678.0,955.0,5380.0,8025.0,62.0,7.0,17.0,1.0,1.0,0.0,7.0
LOLTMNT01_417499,complete,,MSI,2026,,0,2026-07-05 03:11:22,1,16.13,1,Blue,top,Pun,oe:player:6644a7352d32c9c4443017798130b61,Team Secret Whales,oe:team:740de582f50775c516c77ed7b923fd5,0.0,Olaf,Cassiopeia,Varus,Rumble,Shen,Camille,,,,,,1927,1,7,1,12,29,6,1.0,0.0,0.0,0.0,0.0,0.0,0.0,0.0,0.903,1.0898,,,,,,,,,,,,,,,,,,,,,0.0,0.0,,,,,,,,,,0.0,0.0,20169,627.9917,0.204857,1015.3295,1206.165,5446.0,16,0.4982,5,0.1557,9,49,1.5257,13589,9382,292.1225,0.196227,12125,,,272.0,263.0,9,,,8.4691,3687.0,4799.0,79.0,3240.0,4466.0,72.0,447.0,333.0,7.0,1.0,3.0,0.0,0.0,0.0,2.0,5154.0,8334.0,125.0,4924.0,7608.0,123.0,230.0,726.0,2.0,1.0,3.0,0.0,0.0,0.0,2.0,7024.0,11256.0,167.0,7363.0,10765.0,175.0,-339.0,491.0,-8.0,1.0,6.0,1.0,0.0,2.0,3.0,8936.0,13690.0,210.0,9920.0,14633.0,228.0,-984.0,-943.0,-18.0,2.0,7.0,1.0,0.0,2.0,3.0
LOLTMNT01_417499,complete,,MSI,2026,,0,2026-07-05 03:11:22,1,16.13,2,Blue,jng,Hizto,oe:player:043e89cd3b06bc1a0555024d475c9d2,Team Secret Whales,oe:team:740de582f50775c516c77ed7b923fd5,0.0,Lee Sin,Cassiopeia,Varus,Rumble,Shen,Camille,,,,,,1927,1,9,1,9,29,6,1.0,0.0,0.0,0.0,0.0,0.0,0.0,0.0,0.903,1.0898,,,,,,,,,,,,,,,,,,,,,1.0,0.0,,,,,,,,,,0.0,0.0,16600,516.8656,0.168607,1041.7021,1186.4556,1925.0,26,0.8095,13,0.4048,15,72,2.2418,15476,11269,350.877,0.235693,14125,,,252.0,26.0,226,,,7.8464,4090.0,3675.0,70.0,3474.0,3641.0,73.0,616.0,34.0,-3.0,2.0,2.0,1.0,0.0,2.0,1.0,6256.0,6830.0,122.0,5109.0,5829.0,111.0,1147.0,1001.0,11.0,3.0,2.0,1.0,0.0,2.0,1.0,9418.0,10436.0,164.0,7142.0,9107.0,157.0,2276.0,1329.0,7.0,7.0,2.0,1.0,0.0,4.0,1.0,11053.0,12541.0,196.0,8838.0,11760.0,188.0,2215.0,781.0,8.0,7.0,3.0,1.0,0.0,4.0,2.0
LOLTMNT01_417499,complete,,MSI,2026,,0,2026-07-05 03:11:22,1,16.13,3,Blue,mid,Dire,oe:player:b7a3b6176406a92dd089fe2f82a1d3f,Team Secret Whales,oe:team:740de582f50775c516c77ed7b923fd5,0.0,Ryze,Cassiopeia,Varus,Rumble,Shen,Camille,,,,,,1927,1,10,0,11,29,6,1.0,1.0,0.0,0.0,0.0,0.0,0.0,0.0,0.903,1.0898,,,,,,,,,,,,,,,,,,,,,0.0,0.0,,,,,,,,,,1.0,0.0,34038,1059.8236,0.345725,688.4899,401.2558,14099.0,14,0.4359,5,0.1557,4,34,1.0586,15971,11764,366.2896,0.246045,14450,,,302.0,298.0,4,,,9.4032,4364.0,5371.0,103.0,3230.0,4642.0,83.0,1134.0,729.0,20.0,2.0,2.0,0.0,0.0,1.0,1.0,6157.0,7848.0,155.0,4906.0,7373.0,139.0,1251.0,475.0,16.0,2.0,3.0,0.0,0.0,1.0,1.0,8649.0,10487.0,206.0,6941.0,9659.0,185.0,1708.0,828.0,21.0,3.0,6.0,0.0,1.0,2.0,2.0,10716.0,14539.0,256.0,8937.0,12809.0,237.0,1779.0,1730.0,19.0,4.0,7.0,0.0,1.0,2.0,2.0
LOLTMNT01_417499,complete,,MSI,2026,,0,2026-07-05 03:11:22,1,16.13,4,Blue,bot,Eddie,oe:player:e5f6c83e6e97c74fc9e9760fc8972ae,Team Secret Whales,oe:team:740de582f50775c516c77ed7b923fd5,0.0,Senna,Cassiopeia,Varus,Rumble,Shen,Camille,,,,,,1927,1,2,1,23,29,6,0.0,0.0,0.0,0.0,0.0,0.0,0.0,1.0,0.903,1.0898,,,,,,,,,,,,,,,,,,,,,0.0,1.0,,,,,,,,,,1.0,0.0,19626,611.0846,0.199342,480.7784,295.4852,10737.0,16,0.4982,7,0.218,6,44,1.37,14674,10467,325.9056,0.218919,12750,,,258.0,258.0,0,,,8.0332,3482.0,3947.0,75.0,4255.0,3887.0,82.0,-773.0,60.0,-7.0,0.0,4.0,1.0,2.0,0.0,1.0,5703.0,6672.0,131.0,6594.0,6501.0,147.0,-891.0,171.0,-16.0,0.0,5.0,1.0,2.0,0.0,1.0,8032.0,9532.0,182.0,8970.0,8808.0,196.0,-938.0,724.0,-14.0,0.0,9.0,1.0,3.0,1.0,3.0,9940.0,11860.0,222.0,11264.0,11907.0,252.0,-1324.0,-47.0,-30.0,0.0,11.0,1.0,3.0,1.0,3.0
LOLTMNT01_417499,complete,,MSI,2026,,0,2026-07-05 03:11:22,1,16.13,5,Blue,sup,Bie,oe:player:1f7d70f56b608b3137df2493949fdd0,Team Secret Whales,oe:team:740de582f50775c516c77ed7b923fd5,0.0,Nautilus,Cassiopeia,Varus,Rumble,Shen,Camille,,,,,,1927,1,1,3,21,29,6,0.0,0.0,0.0,0.0,0.0,0.0,0.0,0.0,0.903,1.0898,,,,,,,,,,,,,,,,,,,,,0.0,0.0,,,,,,,,,,0.0,0.0,8021,249.7457,0.0814695,440.0208,784.0166,364.0,73,2.273,17,0.5293,22,143,4.4525,9137,4930,153.5029,0.103115,7675,,,39.0,39.0,0,,,1.2143,2779.0,2388.0,15.0,2374.0,2188.0,16.0,405.0,200.0,-1.0,1.0,4.0,0.0,0.0,2.0,1.0,3938.0,3029.0,26.0,3569.0,3500.0,30.0,369.0,-471.0,-4.0,1.0,5.0,0.0,0.0,2.0,2.0,5216.0,4738.0,32.0,4705.0,4799.0,33.0,511.0,-61.0,-1.0,1.0,7.0,1.0,0.0,4.0,3.0,6459.0,6522.0,37.0,5967.0,6652.0,34.0,492.0,-130.0,3.0,1.0,9.0,1.0,0.0,4.0,4.0
LOLTMNT01_417499,complete,,MSI,2026,,0,2026-07-05 03:11:22,1,16.13,6,Red,top,ZUIAN,oe:player:f52533de1cc92487ab58b973cd2490e,Top Esports,oe:team:fcec508e780bbd1ad493852640f5b36,1.0,Jayce,Poppy,Ezreal,Orianna,Kai'Sa,Sivir,,,,,,1927,0,0,5,3,6,29,0.0,0.0,0.0,0.0,0.0,0.0,0.0,0.0,0.1868,1.0898,,,,,,,,,,,,,,,,,,,,,0.0,0.0,,,,,,,,,,0.0,0.0,16773,522.2522,0.223586,543.8298,355.5163,10851.0,17,0.5293,7,0.218,4,42,1.3077,11611,7404,230.5345,0.218393,11787,,,259.0,255.0,4,,,8.0643,3240.0,4466.0,72.0,3687.0,4799.0,79.0,-447.0,-333.0,-7.0,0.0,0.0,2.0,1.0,3.0,0.0,4924.0,7608.0,123.0,5154.0,8334.0,125.0,-230.0,-726.0,-2.0,0.0,0.0,2.0,1.0,3.0,0.0,7363.0,10765.0,175.0,7024.0,11256.0,167.0,339.0,-491.0,8.0,0.0,2.0,3.0,1.0,6.0,1.0,9920.0,14633.0,228.0,8936.0,13690.0,210.0,984.0,943.0,18.0,0.0,2.0,3.0,2.0,7.0,1.0
LOLTMNT01_417499,complete,,MSI,2026,,0,2026-07-05 03:11:22,1,16.13,7,Red,jng,Tian,oe:player:0da0eeb199e8fa3ab773cf84f9de9ab,Top Esports,oe:team:fcec508e780bbd1ad493852640f5b36,1.0,Jarvan IV,Poppy,Ezreal,Orianna,Kai'Sa,Sivir,,,,,,1927,0,0,5,5,6,29,0.0,0.0,0.0,0.0,1.0,0.0,1.0,0.0,0.1868,1.0898,,,,,,,,,,,,,,,,,,,,,0.0,1.0,,,,,,,,,,0.0,0.0,8806,274.1879,0.117385,873.1292,984.9403,0.0,18,0.5605,8,0.2491,17,48,1.4946,10356,6149,191.4582,0.181377,10275,,,204.0,13.0,191,,,6.3518,3474.0,3641.0,73.0,4090.0,3675.0,70.0,-616.0,-34.0,3.0,0.0,2.0,1.0,2.0,2.0,1.0,5109.0,5829.0,111.0,6256.0,6830.0,122.0,-1147.0,-1001.0,-11.0,0.0,2.0,1.0,3.0,2.0,1.0,7142.0,9107.0,157.0,9418.0,10436.0,164.0,-2276.0,-1329.0,-7.0,0.0,4.0,1.0,7.0,2.0,1.0,8838.0,11760.0,188.0,11053.0,12541.0,196.0,-2215.0,-781.0,-8.0,0.0,4.0,2.0,7.0,3.0,1.0
LOLTMNT01_417499,complete,,MSI,2026,,0,2026-07-05 03:11:22,1,16.13,8,Red,mid,Creme,oe:player:6e7908512cb309a43388bb464a312a2,Top Esports,oe:team:fcec508e780bbd1ad493852640f5b36,1.0,Yone,Poppy,Ezreal,Orianna,Kai'Sa,Sivir,,,,,,1927,0,1,5,3,6,29,0.0,0.0,0.0,0.0,0.0,0.0,0.0,0.0,0.1868,1.0898,,,,,,,,,,,,,,,,,,,,,0.0,0.0,,,,,,,,,,0.0,1.0,14147,440.4878,0.188581,864.4733,807.4624,719.0,15,0.467,10,0.3114,3,50,1.5568,11185,6978,217.2704,0.205828,9700,,,287.0,276.0,11,,,8.9362,3230.0,4642.0,83.0,4364.0,5371.0,103.0,-1134.0,-729.0,-20.0,0.0,1.0,1.0,2.0,2.0,0.0,4906.0,7373.0,139.0,6157.0,7848.0,155.0,-1251.0,-475.0,-16.0,0.0,1.0,1.0,2.0,3.0,0.0,6941.0,9659.0,185.0,8649.0,10487.0,206.0,-1708.0,-828.0,-21.0,1.0,2.0,2.0,3.0,6.0,0.0,8937.0,12809.0,237.0,10716.0,14539.0,256.0,-1779.0,-1730.0,-19.0,1.0,2.0,2.0,4.0,7.0,0.0
LOLTMNT01_417499,complete,,MSI,2026,,0,2026-07-05 03:11:22,1,16.13,9,Red,bot,JackeyLove,oe:player:c54e1090ef1faa736b12493051c4855,Top Esports,oe:team:fcec508e780bbd1ad493852640f5b36,1.0,Ziggs,Poppy,Ezreal,Orianna,Kai'Sa,Sivir,,,,,,1927,0,5,7,1,6,29,0.0,0.0,0.0,0.0,1.0,1.0,0.0,0.0,0.1868,1.0898,,,,,,,,,,,,,,,,,,,,,1.0,0.0,,,,,,,,,,0.0,1.0,28938,901.0275,0.385747,569.0815,299.097,11252.0,15,0.467,9,0.2802,8,38,1.1832,14155,9948,309.7457,0.29343,13300,,,303.0,297.0,6,,,9.4344,4255.0,3887.0,82.0,3482.0,3947.0,75.0,773.0,-60.0,7.0,2.0,0.0,1.0,0.0,4.0,1.0,6594.0,6501.0,147.0,5703.0,6672.0,131.0,891.0,-171.0,16.0,2.0,0.0,1.0,0.0,5.0,1.0,8970.0,8808.0,196.0,8032.0,9532.0,182.0,938.0,-724.0,14.0,3.0,1.0,3.0,0.0,9.0,1.0,11264.0,11907.0,252.0,9940.0,11860.0,222.0,1324.0,47.0,30.0,3.0,1.0,3.0,0.0,11.0,1.0
LOLTMNT01_417499,complete,,MSI,2026,,0,2026-07-05 03:11:22,1,16.13,10,Red,sup,fengyue,oe:player:b777313deced54da2d2c1aa88f52e50,Top Esports,oe:team:fcec508e780bbd1ad493852640f5b36,1.0,Rell,Poppy,Ezreal,Orianna,Kai'Sa,Sivir,,,,,,1927,0,0,7,6,6,29,0.0,0.0,0.0,0.0,1.0,0.0,1.0,0.0,0.1868,1.0898,,,,,,,,,,,,,,,,,,,,,0.0,0.0,,,,,,,,,,0.0,0.0,6354,197.8412,0.0846997,660.5916,704.0893,0.0,61,1.8993,14,0.4359,30,133,4.1412,7630,3423,106.5802,0.100972,7025,,,38.0,38.0,0,,,1.1832,2374.0,2188.0,16.0,2779.0,2388.0,15.0,-405.0,-200.0,1.0,0.0,2.0,1.0,1.0,4.0,0.0,3569.0,3500.0,30.0,3938.0,3029.0,26.0,-369.0,471.0,4.0,0.0,2.0,2.0,1.0,5.0,0.0,4705.0,4799.0,33.0,5216.0,4738.0,32.0,-511.0,61.0,1.0,0.0,4.0,3.0,1.0,7.0,1.0,5967.0,6652.0,34.0,6459.0,6522.0,37.0,-492.0,130.0,-3.0,0.0,4.0,4.0,1.0,9.0,1.0
LOLTMNT01_417499,complete,,MSI,2026,,0,2026-07-05 03:11:22,1,16.13,100,Blue,team,,,Team Secret Whales,oe:team:740de582f50775c516c77ed7b923fd5,0.0,,Cassiopeia,Varus,Rumble,Shen,Camille,Ryze,Nautilus,Lee Sin,Senna,Olaf,1927,1,29,6,76,29,6,3.0,1.0,0.0,0.0,0.0,,,,0.903,1.0898,0.0,4.0,1.0,4.0,1.0,1.0,0.0,0.0,3.0,0.0,0.0,,0.0,0.0,1.0,1.0,0.0,0.0,3.0,0.0,1.0,1.0,0.0,0.0,0.0,9.0,4.0,1.0,1.0,36.0,24.0,2.0,0.0,98454,3065.5112,,3666.3207,3873.3783,32571.0,145,4.5148,47,1.4634,56,342,10.6487,68847,47814,1488.7597,,61125,0.159665,2.14,,884.0,239,,,34.9663,18402.0,20180.0,342.0,16573.0,18824.0,326.0,1829.0,1356.0,16.0,6.0,15.0,2.0,2.0,5.0,6.0,27208.0,32713.0,559.0,25102.0,30811.0,550.0,2106.0,1902.0,9.0,7.0,18.0,2.0,2.0,5.0,7.0,38339.0,46449.0,751.0,35121.0,43138.0,746.0,3218.0,3311.0,5.0,12.0,30.0,4.0,4.0,13.0,12.0,47104.0,59152.0,921.0,44926.0,57761.0,939.0,2178.0,1391.0,-18.0,14.0,37.0,4.0,4.0,13.0,14.0
LOLTMNT01_417499,complete,,MSI,2026,,0,2026-07-05 03:11:22,1,16.13,200,Red,team,,,Top Esports,oe:team:fcec508e780bbd1ad493852640f5b36,1.0,,Poppy,Ezreal,Orianna,Kai'Sa,Sivir,Jarvan IV,Ziggs,Jayce,Rell,Yone,1927,0,6,29,18,6,29,0.0,0.0,0.0,0.0,1.0,,,,0.1868,1.0898,1.0,1.0,4.0,1.0,4.0,0.0,1.0,0.0,0.0,0.0,0.0,,0.0,0.0,0.0,0.0,1.0,3.0,0.0,1.0,1.0,1.0,0.0,0.0,1.0,4.0,9.0,0.0,0.0,24.0,36.0,0.0,2.0,75018,2335.7966,,3511.1053,3151.1053,22822.0,126,3.9232,48,1.4946,62,311,9.6834,54937,33904,1055.6513,,52087,-0.159665,-2.14,,879.0,212,,,33.9699,16573.0,18824.0,326.0,18402.0,20180.0,342.0,-1829.0,-1356.0,-16.0,2.0,5.0,6.0,6.0,15.0,2.0,25102.0,30811.0,550.0,27208.0,32713.0,559.0,-2106.0,-1902.0,-9.0,2.0,5.0,7.0,7.0,18.0,2.0,35121.0,43138.0,746.0,38339.0,46449.0,751.0,-3218.0,-3311.0,-5.0,4.0,13.0,12.0,12.0,30.0,4.0,44926.0,57761.0,939.0,47104.0,59152.0,921.0,-2178.0,-1391.0,18.0,4.0,13.0,14.0,14.0,37.0,4.0
LOLTMNT01_417504,complete,,MSI,2026,,0,2026-07-05 04:02:13,2,16.13,1,Blue,top,Pun,oe:player:6644a7352d32c9c4443017798130b61,Team Secret Whales,oe:team:740de582f50775c516c77ed7b923fd5,0.0,Ornn,Cassiopeia,Varus,Orianna,Kai'Sa,Camille,,,,,,1699,0,0,5,2,3,15,0.0,0.0,0.0,0.0,0.0,0.0,0.0,0.0,0.1059,0.6357,,,,,,,,,,,,,,,,,,,,,0.0,0.0,,,,,,,,,,0.0,0.0,6552,231.3832,0.145374,1162.425,1812.7134,0.0,12,0.4238,4,0.1413,7,32,1.1301,7636,3894,137.5162,0.155727,7500,,,181.0,181.0,0,,,6.392,3342.0,4904.0,90.0,3582.0,5116.0,95.0,-240.0,-212.0,-5.0,0.0,0.0,0.0,0.0,0.0,0.0,4726.0,7918.0,128.0,5346.0,8270.0,136.0,-620.0,-352.0,-8.0,0.0,1.0,1.0,1.0,0.0,1.0,6083.0,10071.0,159.0,6902.0,10995.0,173.0,-819.0,-924.0,-14.0,0.0,2.0,2.0,1.0,1.0,2.0,7052.0,11036.0,170.0,9397.0,15348.0,226.0,-2345.0,-4312.0,-56.0,0.0,2.0,3.0,2.0,4.0,2.0
LOLTMNT01_417504,complete,,MSI,2026,,0,2026-07-05 04:02:13,2,16.13,2,Blue,jng,Hizto,oe:player:043e89cd3b06bc1a0555024d475c9d2,Team Secret Whales,oe:team:740de582f50775c516c77ed7b923fd5,0.0,Naafiri,Cassiopeia,Varus,Orianna,Kai'Sa,Camille,,,,,,1699,0,2,2,0,3,15,0.0,0.0,0.0,0.0,0.0,0.0,0.0,1.0,0.1059,0.6357,,,,,,,,,,,,,,,,,,,,,0.0,1.0,,,,,,,,,,0.0,0.0,7268,256.6686,0.16126,811.5009,387.4044,1530.0,13,0.4591,4,0.1413,10,36,1.2713,9834,6092,215.1383,0.243618,9325,,,189.0,19.0,170,,,6.6745,3448.0,4104.0,78.0,3489.0,4254.0,81.0,-41.0,-150.0,-3.0,0.0,0.0,0.0,0.0,0.0,0.0,4771.0,5676.0,105.0,5431.0,7111.0,132.0,-660.0,-1435.0,-27.0,0.0,0.0,1.0,0.0,1.0,0.0,7709.0,8649.0,146.0,7488.0,10260.0,178.0,221.0,-1611.0,-32.0,2.0,0.0,1.0,0.0,3.0,0.0,9026.0,10314.0,175.0,9494.0,13162.0,217.0,-468.0,-2848.0,-42.0,2.0,0.0,2.0,0.0,6.0,0.0
LOLTMNT01_417504,complete,,MSI,2026,,0,2026-07-05 04:02:13,2,16.13,3,Blue,mid,Dire,oe:player:b7a3b6176406a92dd089fe2f82a1d3f,Team Secret Whales,oe:team:740de582f50775c516c77ed7b923fd5,0.0,Aurora,Cassiopeia,Varus,Orianna,Kai'Sa,Camille,,,,,,1699,0,0,3,1,3,15,0.0,0.0,0.0,0.0,0.0,0.0,0.0,0.0,0.1059,0.6357,,,,,,,,,,,,,,,,,,,,,0.0,0.0,,,,,,,,,,0.0,0.0,14754,521.0359,0.327357,806.6274,388.1107,2715.0,10,0.3531,5,0.1766,3,35,1.236,8768,5026,177.4926,0.200992,8875,,,231.0,231.0,0,,,8.1577,3343.0,4657.0,92.0,3730.0,5031.0,103.0,-387.0,-374.0,-11.0,0.0,0.0,0.0,0.0,0.0,0.0,5103.0,7320.0,148.0,5942.0,7440.0,149.0,-839.0,-120.0,-1.0,0.0,0.0,0.0,1.0,0.0,0.0,6789.0,9717.0,187.0,7978.0,10426.0,209.0,-1189.0,-709.0,-22.0,0.0,1.0,1.0,1.0,1.0,0.0,7839.0,11002.0,209.0,9845.0,12502.0,230.0,-2006.0,-1500.0,-21.0,0.0,1.0,2.0,2.0,4.0,0.0
LOLTMNT01_417504,complete,,MSI,2026,,0,2026-07-05 04:02:13,2,16.13,4,Blue,bot,Eddie,oe:player:e5f6c83e6e97c74fc9e9760fc8972ae,Team Secret Whales,oe:team:740de582f50775c516c77ed7b923fd5,0.0,Miss Fortune,Cassiopeia,Varus,Orianna,Kai'Sa,Camille,,,,,,1699,0,1,3,1,3,15,0.0,0.0,0.0,0.0,0.0,0.0,0.0,0.0,0.1059,0.6357,,,,,,,,,,,,,,,,,,,,,0.0,0.0,,,,,,,,,,0.0,1.0,11349,400.7887,0.251808,470.8888,446.6981,3202.0,14,0.4944,10,0.3531,4,39,1.3773,11018,7276,256.9511,0.290962,11100,,,255.0,255.0,0,,,9.0053,3567.0,4023.0,96.0,3569.0,3703.0,96.0,-2.0,320.0,0.0,0.0,0.0,0.0,0.0,0.0,0.0,6116.0,5810.0,131.0,7069.0,5932.0,149.0,-953.0,-122.0,-18.0,1.0,0.0,0.0,0.0,1.0,0.0,8028.0,8200.0,175.0,10094.0,8372.0,194.0,-2066.0,-172.0,-19.0,1.0,1.0,1.0,3.0,1.0,1.0,9850.0,9672.0,227.0,13578.0,10740.0,255.0,-3728.0,-1068.0,-28.0,1.0,1.0,2.0,5.0,3.0,1.0
LOLTMNT01_417504,complete,,MSI,2026,,0,2026-07-05 04:02:13,2,16.13,5,Blue,sup,Bie,oe:player:1f7d70f56b608b3137df2493949fdd0,Team Secret Whales,oe:team:740de582f50775c516c77ed7b923fd5,0.0,Bard,Cassiopeia,Varus,Orianna,Kai'Sa,Camille,,,,,,1699,0,0,2,2,3,15,0.0,0.0,0.0,0.0,0.0,0.0,0.0,0.0,0.1059,0.6357,,,,,,,,,,,,,,,,,,,,,0.0,0.0,,,,,,,,,,0.0,0.0,5147,181.7657,0.1142,500.6239,350.9947,0.0,56,1.9776,18,0.6357,19,116,4.0965,6460,2718,95.9859,0.108702,6355,,,35.0,35.0,0,,,1.236,2339.0,2695.0,16.0,2337.0,3013.0,14.0,2.0,-318.0,2.0,0.0,0.0,0.0,0.0,0.0,0.0,3534.0,3972.0,23.0,3881.0,4570.0,24.0,-347.0,-598.0,-1.0,0.0,1.0,0.0,0.0,2.0,0.0,4824.0,4843.0,31.0,5830.0,6539.0,30.0,-1006.0,-1696.0,1.0,0.0,2.0,1.0,1.0,5.0,0.0,5820.0,6767.0,33.0,7595.0,8254.0,35.0,-1775.0,-1487.0,-2.0,0.0,2.0,2.0,2.0,9.0,0.0
LOLTMNT01_417504,complete,,MSI,2026,,0,2026-07-05 04:02:13,2,16.13,6,Red,top,ZUIAN,oe:player:f52533de1cc92487ab58b973cd2490e,Top Esports,oe:team:fcec508e780bbd1ad493852640f5b36,1.0,Rumble,Poppy,Ezreal,Akali,Jhin,Caitlyn,,,,,,1699,1,3,2,6,15,3,0.0,0.0,0.0,0.0,0.0,0.0,0.0,0.0,0.5297,0.6357,,,,,,,,,,,,,,,,,,,,,0.0,0.0,,,,,,,,,,0.0,0.0,22494,794.3732,0.239471,442.7075,529.9706,8094.0,15,0.5297,3,0.1059,6,45,1.5892,11076,7334,258.9994,0.178579,9550,,,244.0,240.0,4,,,8.6168,3582.0,5116.0,95.0,3342.0,4904.0,90.0,240.0,212.0,5.0,0.0,0.0,0.0,0.0,0.0,0.0,5346.0,8270.0,136.0,4726.0,7918.0,128.0,620.0,352.0,8.0,1.0,0.0,1.0,0.0,1.0,1.0,6902.0,10995.0,173.0,6083.0,10071.0,159.0,819.0,924.0,14.0,1.0,1.0,2.0,0.0,2.0,2.0,9397.0,15348.0,226.0,7052.0,11036.0,170.0,2345.0,4312.0,56.0,2.0,4.0,2.0,0.0,2.0,3.0
LOLTMNT01_417504,complete,,MSI,2026,,0,2026-07-05 04:02:13,2,16.13,7,Red,jng,Tian,oe:player:0da0eeb199e8fa3ab773cf84f9de9ab,Top Esports,oe:team:fcec508e780bbd1ad493852640f5b36,1.0,Vi,Poppy,Ezreal,Akali,Jhin,Caitlyn,,,,,,1699,1,0,0,9,15,3,0.0,0.0,0.0,0.0,1.0,0.0,1.0,0.0,0.5297,0.6357,,,,,,,,,,,,,,,,,,,,,1.0,0.0,,,,,,,,,,0.0,0.0,11097,391.8893,0.118139,827.781,1156.9158,542.0,10,0.3531,15,0.5297,8,61,2.1542,11132,7390,260.977,0.179942,9400,,,238.0,19.0,219,,,8.4049,3489.0,4254.0,81.0,3448.0,4104.0,78.0,41.0,150.0,3.0,0.0,0.0,0.0,0.0,0.0,0.0,5431.0,7111.0,132.0,4771.0,5676.0,105.0,660.0,1435.0,27.0,0.0,1.0,0.0,0.0,0.0,1.0,7488.0,10260.0,178.0,7709.0,8649.0,146.0,-221.0,1611.0,32.0,0.0,3.0,0.0,2.0,0.0,1.0,9494.0,13162.0,217.0,9026.0,10314.0,175.0,468.0,2848.0,42.0,0.0,6.0,0.0,2.0,0.0,2.0
LOLTMNT01_417504,complete,,MSI,2026,,0,2026-07-05 04:02:13,2,16.13,8,Red,mid,Creme,oe:player:6e7908512cb309a43388bb464a312a2,Top Esports,oe:team:fcec508e780bbd1ad493852640f5b36,1.0,Ahri,Poppy,Ezreal,Akali,Jhin,Caitlyn,,,,,,1699,1,3,0,7,15,3,0.0,0.0,0.0,0.0,1.0,1.0,0.0,0.0,0.5297,0.6357,,,,,,,,,,,,,,,,,,,,,0.0,0.0,,,,,,,,,,0.0,0.0,22682,801.0124,0.241473,544.9088,276.9041,8365.0,11,0.3885,6,0.2119,0,34,1.2007,11957,8215,290.1118,0.200029,9000,,,241.0,241.0,0,,,8.5109,3730.0,5031.0,103.0,3343.0,4657.0,92.0,387.0,374.0,11.0,0.0,0.0,0.0,0.0,0.0,0.0,5942.0,7440.0,149.0,5103.0,7320.0,148.0,839.0,120.0,1.0,1.0,0.0,0.0,0.0,0.0,0.0,7978.0,10426.0,209.0,6789.0,9717.0,187.0,1189.0,709.0,22.0,1.0,1.0,0.0,0.0,1.0,1.0,9845.0,12502.0,230.0,7839.0,11002.0,209.0,2006.0,1500.0,21.0,2.0,4.0,0.0,0.0,1.0,2.0
LOLTMNT01_417504,complete,,MSI,2026,,0,2026-07-05 04:02:13,2,16.13,9,Red,bot,JackeyLove,oe:player:c54e1090ef1faa736b12493051c4855,Top Esports,oe:team:fcec508e780bbd1ad493852640f5b36,1.0,Yunara,Poppy,Ezreal,Akali,Jhin,Caitlyn,,,,,,1699,1,7,1,4,15,3,0.0,0.0,0.0,0.0,1.0,0.0,1.0,0.0,0.5297,0.6357,,,,,,,,,,,,,,,,,,,,,0.0,0.0,,,,,,,,,,1.0,0.0,31093,1098.0459,0.331016,584.1083,439.6704,15386.0,9,0.3178,13,0.4591,3,38,1.342,16601,12859,454.1142,0.313101,13725,,,302.0,302.0,0,,,10.6651,3569.0,3703.0,96.0,3567.0,4023.0,96.0,2.0,-320.0,0.0,0.0,0.0,0.0,0.0,0.0,0.0,7069.0,5932.0,149.0,6116.0,5810.0,131.0,953.0,122.0,18.0,0.0,1.0,0.0,1.0,0.0,0.0,10094.0,8372.0,194.0,8028.0,8200.0,175.0,2066.0,172.0,19.0,3.0,1.0,1.0,1.0,1.0,1.0,13578.0,10740.0,255.0,9850.0,9672.0,227.0,3728.0,1068.0,28.0,5.0,3.0,1.0,1.0,1.0,2.0
LOLTMNT01_417504,complete,,MSI,2026,,0,2026-07-05 04:02:13,2,16.13,10,Red,sup,fengyue,oe:player:b777313deced54da2d2c1aa88f52e50,Top Esports,oe:team:fcec508e780bbd1ad493852640f5b36,1.0,Lulu,Poppy,Ezreal,Akali,Jhin,Caitlyn,,,,,,1699,1,2,0,13,15,3,0.0,0.0,0.0,0.0,1.0,0.0,1.0,0.0,0.5297,0.6357,,,,,,,,,,,,,,,,,,,,,0.0,0.0,,,,,,,,,,0.0,0.0,6566,231.8776,0.0699016,270.6886,157.0453,1295.0,59,2.0836,20,0.7063,26,136,4.8028,9013,5271,186.1448,0.128349,7495,,,39.0,39.0,0,,,1.3773,2337.0,3013.0,14.0,2339.0,2695.0,16.0,-2.0,318.0,-2.0,0.0,0.0,0.0,0.0,0.0,0.0,3881.0,4570.0,24.0,3534.0,3972.0,23.0,347.0,598.0,1.0,0.0,2.0,0.0,0.0,1.0,0.0,5830.0,6539.0,30.0,4824.0,4843.0,31.0,1006.0,1696.0,-1.0,1.0,5.0,0.0,0.0,2.0,1.0,7595.0,8254.0,35.0,5820.0,6767.0,33.0,1775.0,1487.0,2.0,2.0,9.0,0.0,0.0,2.0,2.0
LOLTMNT01_417504,complete,,MSI,2026,,0,2026-07-05 04:02:13,2,16.13,100,Blue,team,,,Team Secret Whales,oe:team:740de582f50775c516c77ed7b923fd5,0.0,,Cassiopeia,Varus,Orianna,Kai'Sa,Camille,Bard,Aurora,Naafiri,Miss Fortune,Ornn,1699,0,3,15,6,3,15,0.0,0.0,0.0,0.0,0.0,,,,0.1059,0.6357,0.0,0.0,4.0,0.0,4.0,0.0,0.0,0.0,0.0,0.0,0.0,,0.0,0.0,1.0,1.0,0.0,1.0,2.0,0.0,0.0,1.0,0.0,0.0,0.0,1.0,9.0,0.0,0.0,8.0,38.0,0.0,1.0,45070,1591.6421,,3752.0659,3385.9211,7447.0,105,3.7081,41,1.4479,43,258,9.1112,43716,25008,883.1548,,43155,-0.130301,-2.81,,721.0,170,,,31.4656,16039.0,20383.0,372.0,16707.0,21117.0,389.0,-668.0,-734.0,-17.0,0.0,0.0,0.0,0.0,0.0,0.0,24250.0,30696.0,535.0,27669.0,33323.0,590.0,-3419.0,-2627.0,-55.0,1.0,2.0,2.0,2.0,4.0,1.0,33433.0,41480.0,698.0,38292.0,46592.0,784.0,-4859.0,-5112.0,-86.0,3.0,6.0,6.0,6.0,11.0,3.0,39587.0,48791.0,814.0,49909.0,60006.0,963.0,-10322.0,-11215.0,-149.0,3.0,6.0,11.0,11.0,26.0,3.0
LOLTMNT01_417504,complete,,MSI,2026,,0,2026-07-05 04:02:13,2,16.13,200,Red,team,,,Top Esports,oe:team:fcec508e780bbd1ad493852640f5b36,1.0,,Poppy,Ezreal,Akali,Jhin,Caitlyn,Vi,Rumble,Ahri,Yunara,Lulu,1699,1,15,3,39,15,3,0.0,0.0,0.0,0.0,1.0,,,,0.5297,0.6357,1.0,4.0,0.0,4.0,0.0,0.0,0.0,1.0,2.0,1.0,0.0,,0.0,0.0,0.0,0.0,1.0,2.0,1.0,1.0,1.0,0.0,0.0,0.0,1.0,9.0,1.0,1.0,1.0,38.0,8.0,1.0,0.0,93932,3317.1984,,2670.1942,2560.5062,33682.0,104,3.6727,57,2.0129,43,314,11.0889,59779,41071,1450.4179,,49170,0.130301,2.81,,841.0,223,,,37.575,16707.0,21117.0,389.0,16039.0,20383.0,372.0,668.0,734.0,17.0,0.0,0.0,0.0,0.0,0.0,0.0,27669.0,33323.0,590.0,24250.0,30696.0,535.0,3419.0,2627.0,55.0,2.0,4.0,1.0,1.0,2.0,2.0,38292.0,46592.0,784.0,33433.0,41480.0,698.0,4859.0,5112.0,86.0,6.0,11.0,3.0,3.0,6.0,6.0,49909.0,60006.0,963.0,39587.0,48791.0,814.0,10322.0,11215.0,149.0,11.0,26.0,3.0,3.0,6.0,11.0
LOLTMNT01_418476,complete,,MSI,2026,,0,2026-07-05 04:49:48,3,16.13,1,Blue,top,ZUIAN,oe:player:f52533de1cc92487ab58b973cd2490e,Top Esports,oe:team:fcec508e780bbd1ad493852640f5b36,1.0,Sion,Akali,Camille,Poppy,Volibear,Shen,,,,,,1856,0,0,4,1,5,19,0.0,0.0,0.0,0.0,0.0,0.0,0.0,0.0,0.1616,0.7759,,,,,,,,,,,,,,,,,,,,,0.0,1.0,,,,,,,,,,0.0,1.0,18474,597.2198,0.233364,1233.1034,2092.7586,0.0,17,0.5496,5,0.1616,4,41,1.3254,8361,4299,138.9763,0.132193,8250,,,195.0,195.0,0,,,6.3039,2926.0,4937.0,73.0,3756.0,5072.0,93.0,-830.0,-135.0,-20.0,0.0,0.0,0.0,1.0,0.0,0.0,4403.0,8273.0,119.0,5449.0,8632.0,142.0,-1046.0,-359.0,-23.0,0.0,0.0,1.0,1.0,1.0,0.0,6094.0,11565.0,165.0,7920.0,12421.0,185.0,-1826.0,-856.0,-20.0,0.0,1.0,2.0,3.0,3.0,0.0,7179.0,13097.0,177.0,10689.0,15733.0,230.0,-3510.0,-2636.0,-53.0,0.0,1.0,2.0,4.0,3.0,0.0
LOLTMNT01_418476,complete,,MSI,2026,,0,2026-07-05 04:49:48,3,16.13,2,Blue,jng,Tian,oe:player:0da0eeb199e8fa3ab773cf84f9de9ab,Top Esports,oe:team:fcec508e780bbd1ad493852640f5b36,1.0,Wukong,Akali,Camille,Poppy,Volibear,Shen,,,,,,1856,0,2,4,1,5,19,0.0,0.0,0.0,0.0,0.0,0.0,0.0,0.0,0.1616,0.7759,,,,,,,,,,,,,,,,,,,,,0.0,1.0,,,,,,,,,,0.0,0.0,12665,409.4289,0.159984,845.9483,871.5841,1926.0,7,0.2263,17,0.5496,5,56,1.8103,11321,7259,234.6659,0.223209,10183,,,228.0,25.0,203,,,7.3707,3501.0,4009.0,82.0,3701.0,4646.0,82.0,-200.0,-637.0,0.0,0.0,0.0,0.0,0.0,1.0,0.0,5391.0,5951.0,117.0,5974.0,7933.0,127.0,-583.0,-1982.0,-10.0,1.0,0.0,1.0,1.0,3.0,0.0,7627.0,8415.0,157.0,8558.0,10990.0,173.0,-931.0,-2575.0,-16.0,2.0,0.0,2.0,2.0,6.0,0.0,9727.0,11195.0,196.0,10603.0,13948.0,212.0,-876.0,-2753.0,-16.0,2.0,1.0,2.0,2.0,6.0,1.0
LOLTMNT01_418476,complete,,MSI,2026,,0,2026-07-05 04:49:48,3,16.13,3,Blue,mid,Creme,oe:player:6e7908512cb309a43388bb464a312a2,Top Esports,oe:team:fcec508e780bbd1ad493852640f5b36,1.0,Hwei,Akali,Camille,Poppy,Volibear,Shen,,,,,,1856,0,0,4,2,5,19,0.0,0.0,0.0,0.0,0.0,0.0,0.0,0.0,0.1616,0.7759,,,,,,,,,,,,,,,,,,,,,0.0,0.0,,,,,,,,,,0.0,0.0,22364,722.9741,0.282502,396.9181,248.8901,8006.0,16,0.5172,10,0.3233,4,46,1.4871,10898,6836,220.9914,0.210202,10000,,,282.0,282.0,0,,,9.1164,3743.0,5439.0,105.0,3329.0,5005.0,92.0,414.0,434.0,13.0,0.0,0.0,0.0,0.0,0.0,0.0,5674.0,7934.0,158.0,5232.0,7982.0,138.0,442.0,-48.0,20.0,0.0,1.0,1.0,1.0,0.0,0.0,7375.0,9901.0,195.0,7301.0,10709.0,187.0,74.0,-808.0,8.0,0.0,2.0,2.0,1.0,3.0,1.0,9253.0,12512.0,244.0,9550.0,14063.0,246.0,-297.0,-1551.0,-2.0,0.0,2.0,3.0,1.0,3.0,1.0
LOLTMNT01_418476,complete,,MSI,2026,,0,2026-07-05 04:49:48,3,16.13,4,Blue,bot,JackeyLove,oe:player:c54e1090ef1faa736b12493051c4855,Top Esports,oe:team:fcec508e780bbd1ad493852640f5b36,1.0,Ashe,Akali,Camille,Poppy,Volibear,Shen,,,,,,1856,0,3,3,2,5,19,1.0,0.0,0.0,0.0,1.0,1.0,0.0,0.0,0.1616,0.7759,,,,,,,,,,,,,,,,,,,,,0.0,0.0,,,,,,,,,,0.0,0.0,20250,654.6336,0.255798,475.6034,337.2414,10054.0,13,0.4203,16,0.5172,6,60,1.9397,14474,10412,336.5948,0.320159,14450,,,330.0,326.0,4,,,10.6681,4096.0,3416.0,87.0,3612.0,3772.0,97.0,484.0,-356.0,-10.0,2.0,0.0,1.0,0.0,0.0,1.0,6362.0,5431.0,141.0,6205.0,6266.0,135.0,157.0,-835.0,6.0,2.0,1.0,1.0,2.0,1.0,1.0,8553.0,7871.0,198.0,9169.0,9672.0,188.0,-616.0,-1801.0,10.0,2.0,2.0,2.0,4.0,4.0,1.0,12081.0,10848.0,264.0,11637.0,12876.0,237.0,444.0,-2028.0,27.0,3.0,2.0,2.0,4.0,5.0,1.0
LOLTMNT01_418476,complete,,MSI,2026,,0,2026-07-05 04:49:48,3,16.13,5,Blue,sup,fengyue,oe:player:b777313deced54da2d2c1aa88f52e50,Top Esports,oe:team:fcec508e780bbd1ad493852640f5b36,1.0,Seraphine,Akali,Camille,Poppy,Volibear,Shen,,,,,,1856,0,0,4,5,5,19,0.0,0.0,0.0,0.0,1.0,0.0,1.0,0.0,0.1616,0.7759,,,,,,,,,,,,,,,,,,,,,0.0,0.0,,,,,,,,,,0.0,0.0,5411,174.9246,0.0683518,478.3836,283.6746,356.0,68,2.1983,12,0.3879,31,133,4.2996,7777,3715,120.097,0.114236,7470,,,46.0,46.0,0,,,1.4871,2611.0,2830.0,19.0,2535.0,2625.0,22.0,76.0,205.0,-3.0,0.0,2.0,0.0,0.0,0.0,1.0,3951.0,4363.0,35.0,3891.0,3476.0,37.0,60.0,887.0,-2.0,0.0,3.0,1.0,0.0,2.0,2.0,5136.0,5842.0,36.0,5805.0,5282.0,43.0,-669.0,560.0,-7.0,0.0,4.0,3.0,1.0,7.0,2.0,6522.0,7583.0,41.0,7341.0,7302.0,51.0,-819.0,281.0,-10.0,0.0,5.0,3.0,1.0,8.0,2.0
LOLTMNT01_418476,complete,,MSI,2026,,0,2026-07-05 04:49:48,3,16.13,6,Red,top,Pun,oe:player:6644a7352d32c9c4443017798130b61,Team Secret Whales,oe:team:740de582f50775c516c77ed7b923fd5,0.0,Sett,Orianna,Cassiopeia,Varus,Annie,Ambessa,,,,,,1856,1,5,0,7,19,5,1.0,0.0,0.0,0.0,0.0,0.0,0.0,0.0,0.6142,0.7759,,,,,,,,,,,,,,,,,,,,,1.0,0.0,,,,,,,,,,1.0,0.0,23087,746.347,0.261201,1141.4224,1322.0366,11226.0,15,0.4849,10,0.3233,8,56,1.8103,13433,9371,302.9418,0.214842,12550,,,270.0,266.0,4,,,8.7284,3756.0,5072.0,93.0,2926.0,4937.0,73.0,830.0,135.0,20.0,1.0,0.0,0.0,0.0,0.0,0.0,5449.0,8632.0,142.0,4403.0,8273.0,119.0,1046.0,359.0,23.0,1.0,1.0,0.0,0.0,0.0,1.0,7920.0,12421.0,185.0,6094.0,11565.0,165.0,1826.0,856.0,20.0,3.0,3.0,0.0,0.0,1.0,2.0,10689.0,15733.0,230.0,7179.0,13097.0,177.0,3510.0,2636.0,53.0,4.0,3.0,0.0,0.0,1.0,2.0
LOLTMNT01_418476,complete,,MSI,2026,,0,2026-07-05 04:49:48,3,16.13,7,Red,jng,Hizto,oe:player:043e89cd3b06bc1a0555024d475c9d2,Team Secret Whales,oe:team:740de582f50775c516c77ed7b923fd5,0.0,Xin Zhao,Orianna,Cassiopeia,Varus,Annie,Ambessa,,,,,,1856,1,3,1,11,19,5,0.0,0.0,0.0,0.0,0.0,0.0,0.0,0.0,0.6142,0.7759,,,,,,,,,,,,,,,,,,,,,1.0,0.0,,,,,,,,,,0.0,0.0,17766,574.3319,0.201,1288.8362,1033.8685,1598.0,16,0.5172,7,0.2263,12,55,1.778,13432,9370,302.9095,0.214819,11920,,,248.0,19.0,229,,,8.0172,3701.0,4646.0,82.0,3501.0,4009.0,82.0,200.0,637.0,0.0,0.0,1.0,0.0,0.0,0.0,0.0,5974.0,7933.0,127.0,5391.0,5951.0,117.0,583.0,1982.0,10.0,1.0,3.0,0.0,1.0,0.0,1.0,8558.0,10990.0,173.0,7627.0,8415.0,157.0,931.0,2575.0,16.0,2.0,6.0,0.0,2.0,0.0,2.0,10603.0,13948.0,212.0,9727.0,11195.0,196.0,876.0,2753.0,16.0,2.0,6.0,1.0,2.0,1.0,2.0
LOLTMNT01_418476,complete,,MSI,2026,,0,2026-07-05 04:49:48,3,16.13,8,Red,mid,Dire,oe:player:b7a3b6176406a92dd089fe2f82a1d3f,Team Secret Whales,oe:team:740de582f50775c516c77ed7b923fd5,0.0,Sylas,Orianna,Cassiopeia,Varus,Annie,Ambessa,,,,,,1856,1,3,1,6,19,5,0.0,0.0,0.0,0.0,0.0,0.0,0.0,0.0,0.6142,0.7759,,,,,,,,,,,,,,,,,,,,,0.0,0.0,,,,,,,,,,0.0,0.0,11253,363.7823,0.127314,625.3772,482.9418,10370.0,13,0.4203,11,0.3556,9,47,1.5194,12818,8756,283.0603,0.200743,11725,,,289.0,285.0,4,,,9.3427,3329.0,5005.0,92.0,3743.0,5439.0,105.0,-414.0,-434.0,-13.0,0.0,0.0,0.0,0.0,0.0,0.0,5232.0,7982.0,138.0,5674.0,7934.0,158.0,-442.0,48.0,-20.0,1.0,0.0,0.0,0.0,1.0,1.0,7301.0,10709.0,187.0,7375.0,9901.0,195.0,-74.0,808.0,-8.0,1.0,3.0,1.0,0.0,2.0,2.0,9550.0,14063.0,246.0,9253.0,12512.0,244.0,297.0,1551.0,2.0,1.0,3.0,1.0,0.0,2.0,3.0
LOLTMNT01_418476,complete,,MSI,2026,,0,2026-07-05 04:49:48,3,16.13,9,Red,bot,Eddie,oe:player:e5f6c83e6e97c74fc9e9760fc8972ae,Team Secret Whales,oe:team:740de582f50775c516c77ed7b923fd5,0.0,Ezreal,Orianna,Cassiopeia,Varus,Annie,Ambessa,,,,,,1856,1,7,1,9,19,5,3.0,1.0,0.0,0.0,0.0,0.0,0.0,1.0,0.6142,0.7759,,,,,,,,,,,,,,,,,,,,,0.0,0.0,,,,,,,,,,0.0,0.0,30349,981.1099,0.343361,479.2565,266.056,5927.0,14,0.4526,6,0.194,5,36,1.1638,15197,11135,359.9677,0.255284,13033,,,284.0,268.0,16,,,9.181,3612.0,3772.0,97.0,4096.0,3416.0,87.0,-484.0,356.0,10.0,0.0,0.0,1.0,2.0,0.0,1.0,6205.0,6266.0,135.0,6362.0,5431.0,141.0,-157.0,835.0,-6.0,2.0,1.0,1.0,2.0,1.0,1.0,9169.0,9672.0,188.0,8553.0,7871.0,198.0,616.0,1801.0,-10.0,4.0,4.0,1.0,2.0,2.0,2.0,11637.0,12876.0,237.0,12081.0,10848.0,264.0,-444.0,2028.0,-27.0,4.0,5.0,1.0,3.0,2.0,2.0
LOLTMNT01_418476,complete,,MSI,2026,,0,2026-07-05 04:49:48,3,16.13,10,Red,sup,Bie,oe:player:1f7d70f56b608b3137df2493949fdd0,Team Secret Whales,oe:team:740de582f50775c516c77ed7b923fd5,0.0,Karma,Orianna,Cassiopeia,Varus,Annie,Ambessa,,,,,,1856,1,1,2,14,19,5,0.0,0.0,0.0,0.0,0.0,0.0,0.0,0.0,0.6142,0.7759,,,,,,,,,,,,,,,,,,,,,0.0,0.0,,,,,,,,,,0.0,0.0,5933,191.7996,0.0671245,319.4935,166.4547,513.0,80,2.5862,20,0.6466,25,153,4.9461,9048,4986,161.1853,0.114312,8045,,,51.0,51.0,0,,,1.6487,2535.0,2625.0,22.0,2611.0,2830.0,19.0,-76.0,-205.0,3.0,0.0,0.0,1.0,0.0,2.0,0.0,3891.0,3476.0,37.0,3951.0,4363.0,35.0,-60.0,-887.0,2.0,0.0,2.0,2.0,0.0,3.0,1.0,5805.0,5282.0,43.0,5136.0,5842.0,36.0,669.0,-560.0,7.0,1.0,7.0,2.0,0.0,4.0,3.0,7341.0,7302.0,51.0,6522.0,7583.0,41.0,819.0,-281.0,10.0,1.0,8.0,2.0,0.0,5.0,3.0
LOLTMNT01_418476,complete,,MSI,2026,,0,2026-07-05 04:49:48,3,16.13,100,Blue,team,,,Top Esports,oe:team:fcec508e780bbd1ad493852640f5b36,1.0,,Akali,Camille,Poppy,Volibear,Shen,Wukong,Ashe,Seraphine,Sion,Hwei,1856,0,5,19,11,5,19,1.0,0.0,0.0,0.0,1.0,,,,0.1616,0.7759,0.0,1.0,4.0,1.0,4.0,0.0,0.0,0.0,0.0,1.0,0.0,,0.0,0.0,0.0,0.0,1.0,3.0,0.0,0.0,0.0,2.0,0.0,0.0,1.0,3.0,8.0,1.0,0.0,16.0,34.0,0.0,1.0,79164,2559.181,,3429.9569,3834.1487,20342.0,121,3.9116,60,1.9397,50,336,10.8621,52831,32522,1051.3578,,50353,-0.128593,-1.34,,874.0,207,,,34.9461,16877.0,20631.0,366.0,16933.0,21120.0,386.0,-56.0,-489.0,-20.0,2.0,2.0,1.0,1.0,1.0,2.0,25781.0,31952.0,570.0,26751.0,34289.0,579.0,-970.0,-2337.0,-9.0,3.0,5.0,5.0,5.0,7.0,3.0,34785.0,43594.0,751.0,38753.0,49074.0,776.0,-3968.0,-5480.0,-25.0,4.0,9.0,11.0,11.0,23.0,4.0,44762.0,55235.0,922.0,49820.0,63922.0,976.0,-5058.0,-8687.0,-54.0,5.0,11.0,12.0,12.0,25.0,5.0
LOLTMNT01_418476,complete,,MSI,2026,,0,2026-07-05 04:49:48,3,16.13,200,Red,team,,,Team Secret Whales,oe:team:740de582f50775c516c77ed7b923fd5,0.0,,Orianna,Cassiopeia,Varus,Annie,Ambessa,Ezreal,Karma,Xin Zhao,Sylas,Sett,1856,1,19,5,47,19,5,4.0,1.0,0.0,0.0,0.0,,,,0.6142,0.7759,1.0,4.0,1.0,4.0,1.0,1.0,0.0,1.0,0.0,2.0,0.0,,0.0,0.0,1.0,1.0,0.0,0.0,3.0,1.0,2.0,0.0,0.0,0.0,0.0,8.0,3.0,0.0,1.0,34.0,16.0,1.0,0.0,88388,2857.3707,,3854.3858,3271.3578,29634.0,138,4.4612,54,1.7457,59,347,11.2177,63928,43619,1410.097,,57273,0.128593,1.34,,889.0,253,,,36.9181,16933.0,21120.0,386.0,16877.0,20631.0,366.0,56.0,489.0,20.0,1.0,1.0,2.0,2.0,2.0,1.0,26751.0,34289.0,579.0,25781.0,31952.0,570.0,970.0,2337.0,9.0,5.0,7.0,3.0,3.0,5.0,5.0,38753.0,49074.0,776.0,34785.0,43594.0,751.0,3968.0,5480.0,25.0,11.0,23.0,4.0,4.0,9.0,11.0,49820.0,63922.0,976.0,44762.0,55235.0,922.0,5058.0,8687.0,54.0,12.0,25.0,5.0,5.0,11.0,12.0
LOLTMNT01_418488,complete,,MSI,2026,,0,2026-07-05 05:40:56,4,16.13,1,Blue,top,Pun,oe:player:6644a7352d32c9c4443017798130b61,Team Secret Whales,oe:team:740de582f50775c516c77ed7b923fd5,0.0,Yorick,Cassiopeia,Varus,Orianna,Annie,Camille,,,,,,2515,1,3,4,8,21,14,0.0,0.0,0.0,0.0,0.0,0.0,0.0,0.0,0.501,0.835,,,,,,,,,,,,,,,,,,,,,0.0,0.0,,,,,,,,,,1.0,1.0,21334,508.9622,0.201799,1143.8171,1056.6203,12645.0,27,0.6441,4,0.0954,16,74,1.7654,16609,11203,267.2684,0.203621,16083,,,341.0,324.0,17,,,8.1352,3668.0,4837.0,94.0,3192.0,4918.0,81.0,476.0,-81.0,13.0,1.0,0.0,0.0,0.0,0.0,1.0,5991.0,9036.0,145.0,4741.0,8032.0,129.0,1250.0,1004.0,16.0,2.0,0.0,0.0,0.0,0.0,2.0,8936.0,11677.0,178.0,6728.0,11042.0,167.0,2208.0,635.0,11.0,3.0,3.0,1.0,0.0,1.0,4.0,10352.0,13828.0,220.0,8498.0,14486.0,223.0,1854.0,-658.0,-3.0,3.0,3.0,2.0,0.0,1.0,4.0
LOLTMNT01_418488,complete,,MSI,2026,,0,2026-07-05 05:40:56,4,16.13,2,Blue,jng,Hizto,oe:player:043e89cd3b06bc1a0555024d475c9d2,Team Secret Whales,oe:team:740de582f50775c516c77ed7b923fd5,0.0,Dr. Mundo,Cassiopeia,Varus,Orianna,Annie,Camille,,,,,,2515,1,6,0,7,21,14,1.0,0.0,0.0,0.0,0.0,0.0,0.0,0.0,0.501,0.835,,,,,,,,,,,,,,,,,,,,,2.0,0.0,,,,,,,,,,0.0,0.0,28465,679.0855,0.269251,1729.336,1619.9284,11303.0,19,0.4533,20,0.4771,16,100,2.3857,16459,11053,263.6899,0.200894,15600,,,269.0,26.0,243,,,6.4175,4108.0,4193.0,78.0,3807.0,3617.0,67.0,301.0,576.0,11.0,2.0,1.0,0.0,1.0,1.0,1.0,5679.0,6010.0,108.0,5770.0,6418.0,118.0,-91.0,-408.0,-10.0,3.0,1.0,0.0,1.0,1.0,1.0,8731.0,9336.0,142.0,8597.0,9761.0,158.0,134.0,-425.0,-16.0,5.0,4.0,0.0,3.0,1.0,2.0,10077.0,11199.0,170.0,10681.0,12476.0,201.0,-604.0,-1277.0,-31.0,5.0,4.0,0.0,3.0,2.0,2.0
LOLTMNT01_418488,complete,,MSI,2026,,0,2026-07-05 05:40:56,4,16.13,3,Blue,mid,Dire,oe:player:b7a3b6176406a92dd089fe2f82a1d3f,Team Secret Whales,oe:team:740de582f50775c516c77ed7b923fd5,0.0,Viktor,Cassiopeia,Varus,Orianna,Annie,Camille,,,,,,2515,1,4,4,2,21,14,1.0,0.0,0.0,0.0,0.0,0.0,0.0,0.0,0.501,0.835,,,,,,,,,,,,,,,,,,,,,0.0,0.0,,,,,,,,,,0.0,0.0,23115,551.4513,0.218646,447.8887,549.996,7966.0,21,0.501,8,0.1909,7,74,1.7654,17355,11949,285.0656,0.21718,15875,,,393.0,389.0,4,,,9.3757,3298.0,4753.0,85.0,4096.0,4837.0,96.0,-798.0,-84.0,-11.0,0.0,0.0,1.0,1.0,1.0,0.0,4899.0,7458.0,137.0,5841.0,7706.0,151.0,-942.0,-248.0,-14.0,0.0,0.0,1.0,1.0,1.0,0.0,7524.0,10347.0,189.0,9111.0,10298.0,192.0,-1587.0,49.0,-3.0,1.0,1.0,3.0,2.0,3.0,1.0,9253.0,12987.0,241.0,10621.0,11644.0,216.0,-1368.0,1343.0,25.0,1.0,1.0,3.0,3.0,3.0,1.0
LOLTMNT01_418488,complete,,MSI,2026,,0,2026-07-05 05:40:56,4,16.13,4,Blue,bot,Eddie,oe:player:e5f6c83e6e97c74fc9e9760fc8972ae,Team Secret Whales,oe:team:740de582f50775c516c77ed7b923fd5,0.0,Caitlyn,Cassiopeia,Varus,Orianna,Annie,Camille,,,,,,2515,1,4,4,9,21,14,1.0,0.0,0.0,0.0,1.0,0.0,1.0,0.0,0.501,0.835,,,,,,,,,,,,,,,,,,,,,0.0,0.0,,,,,,,,,,0.0,0.0,20514,489.3996,0.194043,478.4016,221.7018,9525.0,22,0.5249,19,0.4533,10,77,1.837,19612,14206,338.9105,0.258203,17600,,,401.0,387.0,14,,,9.5666,3532.0,3690.0,85.0,3857.0,4641.0,94.0,-325.0,-951.0,-9.0,0.0,3.0,1.0,1.0,0.0,0.0,5501.0,6018.0,136.0,6062.0,7498.0,156.0,-561.0,-1480.0,-20.0,0.0,3.0,1.0,1.0,0.0,0.0,8344.0,8607.0,176.0,9480.0,10554.0,217.0,-1136.0,-1947.0,-41.0,2.0,5.0,2.0,3.0,0.0,1.0,10446.0,11203.0,224.0,11410.0,12528.0,249.0,-964.0,-1325.0,-25.0,2.0,6.0,3.0,4.0,1.0,2.0
LOLTMNT01_418488,complete,,MSI,2026,,0,2026-07-05 05:40:56,4,16.13,5,Blue,sup,Bie,oe:player:1f7d70f56b608b3137df2493949fdd0,Team Secret Whales,oe:team:740de582f50775c516c77ed7b923fd5,0.0,Elise,Cassiopeia,Varus,Orianna,Annie,Camille,,,,,,2515,1,4,2,6,21,14,0.0,0.0,0.0,0.0,1.0,1.0,0.0,0.0,0.501,0.835,,,,,,,,,,,,,,,,,,,,,0.0,0.0,,,,,,,,,,0.0,0.0,12291,293.2247,0.116261,554.0517,281.5825,2158.0,117,2.7913,30,0.7157,42,232,5.5348,12014,6608,157.6461,0.120103,11105,,,45.0,45.0,0,,,1.0736,2935.0,2316.0,11.0,2259.0,1888.0,9.0,676.0,428.0,2.0,2.0,1.0,1.0,0.0,1.0,3.0,4105.0,3083.0,19.0,3248.0,2917.0,14.0,857.0,166.0,5.0,2.0,2.0,1.0,0.0,1.0,4.0,5540.0,4608.0,24.0,4740.0,3804.0,15.0,800.0,804.0,9.0,2.0,3.0,2.0,0.0,3.0,5.0,7058.0,6158.0,32.0,5882.0,5128.0,21.0,1176.0,1030.0,11.0,3.0,3.0,2.0,0.0,3.0,5.0
LOLTMNT01_418488,complete,,MSI,2026,,0,2026-07-05 05:40:56,4,16.13,6,Red,top,ZUIAN,oe:player:f52533de1cc92487ab58b973cd2490e,Top Esports,oe:team:fcec508e780bbd1ad493852640f5b36,1.0,Gnar,Poppy,Volibear,Akali,Vayne,Malphite,,,,,,2515,0,0,5,3,14,21,0.0,0.0,0.0,0.0,0.0,0.0,0.0,0.0,0.334,0.835,,,,,,,,,,,,,,,,,,,,,0.0,0.0,,,,,,,,,,1.0,1.0,23481,560.1829,0.166037,802.6879,1119.4354,10485.0,25,0.5964,10,0.2386,10,73,1.7416,15635,10229,244.0318,0.196746,15583,,,352.0,344.0,8,,,8.3976,3192.0,4918.0,81.0,3668.0,4837.0,94.0,-476.0,81.0,-13.0,0.0,0.0,1.0,1.0,0.0,0.0,4741.0,8032.0,129.0,5991.0,9036.0,145.0,-1250.0,-1004.0,-16.0,0.0,0.0,2.0,2.0,0.0,0.0,6728.0,11042.0,167.0,8936.0,11677.0,178.0,-2208.0,-635.0,-11.0,0.0,1.0,4.0,3.0,3.0,1.0,8498.0,14486.0,223.0,10352.0,13828.0,220.0,-1854.0,658.0,3.0,0.0,1.0,4.0,3.0,3.0,2.0
LOLTMNT01_418488,complete,,MSI,2026,,0,2026-07-05 05:40:56,4,16.13,7,Red,jng,Tian,oe:player:0da0eeb199e8fa3ab773cf84f9de9ab,Top Esports,oe:team:fcec508e780bbd1ad493852640f5b36,1.0,Qiyana,Poppy,Volibear,Akali,Vayne,Malphite,,,,,,2515,0,4,3,3,14,21,0.0,0.0,0.0,0.0,0.0,0.0,0.0,0.0,0.334,0.835,,,,,,,,,,,,,,,,,,,,,0.0,2.0,,,,,,,,,,0.0,0.0,26189,624.7873,0.185186,887.8807,629.2962,5237.0,11,0.2624,18,0.4294,9,69,1.6461,18234,12828,306.0358,0.246736,17625,,,362.0,58.0,304,,,8.6362,3807.0,3617.0,67.0,4108.0,4193.0,78.0,-301.0,-576.0,-11.0,1.0,1.0,1.0,2.0,1.0,0.0,5770.0,6418.0,118.0,5679.0,6010.0,108.0,91.0,408.0,10.0,1.0,1.0,1.0,3.0,1.0,0.0,8597.0,9761.0,158.0,8731.0,9336.0,142.0,-134.0,425.0,16.0,3.0,1.0,2.0,5.0,4.0,0.0,10681.0,12476.0,201.0,10077.0,11199.0,170.0,604.0,1277.0,31.0,3.0,2.0,2.0,5.0,4.0,0.0
LOLTMNT01_418488,complete,,MSI,2026,,0,2026-07-05 05:40:56,4,16.13,8,Red,mid,Creme,oe:player:6e7908512cb309a43388bb464a312a2,Top Esports,oe:team:fcec508e780bbd1ad493852640f5b36,1.0,Syndra,Poppy,Volibear,Akali,Vayne,Malphite,,,,,,2515,0,5,2,3,14,21,0.0,0.0,0.0,0.0,0.0,0.0,0.0,0.0,0.334,0.835,,,,,,,,,,,,,,,,,,,,,0.0,0.0,,,,,,,,,,0.0,0.0,54131,1291.3956,0.382768,424.4374,246.9662,11445.0,15,0.3579,1,0.0239,1,30,0.7157,18166,12760,304.4135,0.245428,17075,,,356.0,356.0,0,,,8.493,4096.0,4837.0,96.0,3298.0,4753.0,85.0,798.0,84.0,11.0,1.0,1.0,0.0,0.0,0.0,1.0,5841.0,7706.0,151.0,4899.0,7458.0,137.0,942.0,248.0,14.0,1.0,1.0,0.0,0.0,0.0,1.0,9111.0,10298.0,192.0,7524.0,10347.0,189.0,1587.0,-49.0,3.0,2.0,3.0,1.0,1.0,1.0,3.0,10621.0,11644.0,216.0,9253.0,12987.0,241.0,1368.0,-1343.0,-25.0,3.0,3.0,1.0,1.0,1.0,3.0
LOLTMNT01_418488,complete,,MSI,2026,,0,2026-07-05 05:40:56,4,16.13,9,Red,bot,JackeyLove,oe:player:c54e1090ef1faa736b12493051c4855,Top Esports,oe:team:fcec508e780bbd1ad493852640f5b36,1.0,Mel,Poppy,Volibear,Akali,Vayne,Malphite,,,,,,2515,0,5,5,1,14,21,0.0,0.0,0.0,0.0,0.0,0.0,0.0,0.0,0.334,0.835,,,,,,,,,,,,,,,,,,,,,0.0,0.0,,,,,,,,,,0.0,0.0,29308,699.1968,0.207241,615.34,371.9046,4451.0,18,0.4294,20,0.4771,10,82,1.9563,17392,11986,285.9483,0.23054,17300,,,356.0,356.0,0,,,8.493,3857.0,4641.0,94.0,3532.0,3690.0,85.0,325.0,951.0,9.0,1.0,0.0,0.0,0.0,3.0,1.0,6062.0,7498.0,156.0,5501.0,6018.0,136.0,561.0,1480.0,20.0,1.0,0.0,0.0,0.0,3.0,1.0,9480.0,10554.0,217.0,8344.0,8607.0,176.0,1136.0,1947.0,41.0,3.0,0.0,1.0,2.0,5.0,2.0,11410.0,12528.0,249.0,10446.0,11203.0,224.0,964.0,1325.0,25.0,4.0,1.0,2.0,2.0,6.0,3.0
LOLTMNT01_418488,complete,,MSI,2026,,0,2026-07-05 05:40:56,4,16.13,10,Red,sup,fengyue,oe:player:b777313deced54da2d2c1aa88f52e50,Top Esports,oe:team:fcec508e780bbd1ad493852640f5b36,1.0,Pyke,Poppy,Volibear,Akali,Vayne,Malphite,,,,,,2515,0,0,6,4,14,21,0.0,0.0,0.0,0.0,0.0,0.0,0.0,1.0,0.334,0.835,,,,,,,,,,,,,,,,,,,,,0.0,0.0,,,,,,,,,,0.0,0.0,8311,198.2744,0.0587682,468.668,281.7256,0.0,114,2.7197,18,0.4294,51,204,4.8668,9594,4188,99.9125,0.0805501,9540,,,31.0,31.0,0,,,0.7396,2259.0,1888.0,9.0,2935.0,2316.0,11.0,-676.0,-428.0,-2.0,0.0,1.0,3.0,2.0,1.0,1.0,3248.0,2917.0,14.0,4105.0,3083.0,19.0,-857.0,-166.0,-5.0,0.0,1.0,4.0,2.0,2.0,1.0,4740.0,3804.0,15.0,5540.0,4608.0,24.0,-800.0,-804.0,-9.0,0.0,3.0,5.0,2.0,3.0,2.0,5882.0,5128.0,21.0,7058.0,6158.0,32.0,-1176.0,-1030.0,-11.0,0.0,3.0,5.0,3.0,3.0,2.0
LOLTMNT01_418488,complete,,MSI,2026,,0,2026-07-05 05:40:56,4,16.13,100,Blue,team,,,Team Secret Whales,oe:team:740de582f50775c516c77ed7b923fd5,0.0,,Cassiopeia,Varus,Orianna,Annie,Camille,Caitlyn,Elise,Dr. Mundo,Yorick,Viktor,2515,1,21,14,32,21,14,3.0,0.0,0.0,0.0,1.0,,,,0.501,0.835,1.0,3.0,3.0,3.0,3.0,1.0,0.0,1.0,0.0,0.0,1.0,,0.0,0.0,1.0,1.0,0.0,3.0,0.0,1.0,2.0,0.0,0.0,0.0,1.0,9.0,7.0,0.0,0.0,38.0,37.0,1.0,1.0,105719,2522.1233,,4353.495,3729.829,43597.0,206,4.9145,81,1.9324,91,557,13.2883,82049,55018,1312.5567,,76263,-0.0112135,0.22,,1171.0,278,,,34.5686,17541.0,19789.0,353.0,17211.0,19901.0,347.0,330.0,-112.0,6.0,5.0,5.0,3.0,3.0,3.0,5.0,26175.0,31605.0,545.0,25662.0,32571.0,568.0,513.0,-966.0,-23.0,7.0,6.0,3.0,3.0,3.0,7.0,39075.0,44575.0,709.0,38656.0,45459.0,749.0,419.0,-884.0,-40.0,13.0,16.0,8.0,8.0,8.0,13.0,47186.0,55375.0,887.0,47092.0,56262.0,910.0,94.0,-887.0,-23.0,14.0,17.0,10.0,10.0,10.0,14.0
LOLTMNT01_418488,complete,,MSI,2026,,0,2026-07-05 05:40:56,4,16.13,200,Red,team,,,Top Esports,oe:team:fcec508e780bbd1ad493852640f5b36,1.0,,Poppy,Volibear,Akali,Vayne,Malphite,Gnar,Mel,Qiyana,Pyke,Syndra,2515,0,14,21,14,14,21,0.0,0.0,0.0,0.0,0.0,,,,0.334,0.835,0.0,3.0,3.0,3.0,3.0,0.0,0.0,3.0,0.0,0.0,0.0,,0.0,0.0,0.0,0.0,1.0,0.0,3.0,0.0,0.0,2.0,0.0,0.0,0.0,7.0,9.0,1.0,1.0,37.0,38.0,1.0,1.0,141420,3373.837,,3199.0139,2649.328,31618.0,183,4.3658,67,1.5984,81,458,10.9264,79021,51990,1240.3181,,77123,0.0112135,-0.22,,1145.0,312,,,34.7594,17211.0,19901.0,347.0,17541.0,19789.0,353.0,-330.0,112.0,-6.0,3.0,3.0,5.0,5.0,5.0,3.0,25662.0,32571.0,568.0,26175.0,31605.0,545.0,-513.0,966.0,23.0,3.0,3.0,7.0,7.0,6.0,3.0,38656.0,45459.0,749.0,39075.0,44575.0,709.0,-419.0,884.0,40.0,8.0,8.0,13.0,13.0,16.0,8.0,47092.0,56262.0,910.0,47186.0,55375.0,887.0,-94.0,887.0,23.0,10.0,10.0,14.0,14.0,17.0,10.0
LOLTMNT01_417527,complete,,MSI,2026,,0,2026-07-05 06:48:51,1,16.13,1,Blue,top,Zeus,oe:player:98dd15c330fb5abb4508347265a7f76,Hanwha Life Esports,oe:team:3a1d18f46bcb3716ebcfcf4ef068934,1.0,Ambessa,Poppy,Bard,Varus,Rell,Renekton,,,,,,1993,1,9,3,10,27,19,2.0,0.0,0.0,0.0,0.0,0.0,0.0,0.0,0.8128,1.3848,,,,,,,,,,,,,,,,,,,,,0.0,0.0,,,,,,,,,,0.0,0.0,29138,877.2102,0.238172,835.424,1484.3753,7794.0,15,0.4516,2,0.0602,4,33,0.9935,14700,10359,311.8615,0.204026,14140,,,242.0,230.0,12,,,7.2855,3746.0,5298.0,90.0,3356.0,4654.0,79.0,390.0,644.0,11.0,1.0,0.0,0.0,1.0,1.0,0.0,5602.0,9649.0,129.0,5147.0,7938.0,122.0,455.0,1711.0,7.0,2.0,1.0,0.0,2.0,1.0,1.0,8183.0,13116.0,171.0,7575.0,10897.0,163.0,608.0,2219.0,8.0,5.0,2.0,0.0,4.0,2.0,2.0,10371.0,16775.0,219.0,10796.0,15311.0,226.0,-425.0,1464.0,-7.0,6.0,2.0,2.0,5.0,5.0,2.0
LOLTMNT01_417527,complete,,MSI,2026,,0,2026-07-05 06:48:51,1,16.13,2,Blue,jng,Kanavi,oe:player:41deab55354f57a94135989133f9968,Hanwha Life Esports,oe:team:3a1d18f46bcb3716ebcfcf4ef068934,1.0,Vi,Poppy,Bard,Varus,Rell,Renekton,,,,,,1993,1,7,2,17,27,19,1.0,1.0,0.0,0.0,0.0,0.0,0.0,1.0,0.8128,1.3848,,,,,,,,,,,,,,,,,,,,,1.0,0.0,,,,,,,,,,0.0,0.0,22859,688.1786,0.186848,906.7737,1472.6643,5643.0,11,0.3312,17,0.5118,10,73,2.1977,16488,12147,365.6899,0.239243,15050,,,262.0,25.0,237,,,7.8876,4238.0,4068.0,79.0,3753.0,3818.0,71.0,485.0,250.0,8.0,2.0,2.0,1.0,1.0,0.0,1.0,6425.0,7197.0,128.0,5219.0,5696.0,101.0,1206.0,1501.0,27.0,3.0,2.0,1.0,1.0,1.0,1.0,9359.0,11035.0,178.0,6985.0,7919.0,134.0,2374.0,3116.0,44.0,3.0,6.0,1.0,1.0,3.0,1.0,11156.0,13161.0,209.0,10662.0,12006.0,181.0,494.0,1155.0,28.0,3.0,7.0,2.0,3.0,5.0,1.0
LOLTMNT01_417527,complete,,MSI,2026,,0,2026-07-05 06:48:51,1,16.13,3,Blue,mid,Zeka,oe:player:f9cd2ef9afea5cda0eb3263a025cec1,Hanwha Life Esports,oe:team:3a1d18f46bcb3716ebcfcf4ef068934,1.0,Yone,Poppy,Bard,Varus,Rell,Renekton,,,,,,1993,1,5,3,10,27,19,1.0,1.0,0.0,0.0,0.0,0.0,0.0,0.0,0.8128,1.3848,,,,,,,,,,,,,,,,,,,,,0.0,0.0,,,,,,,,,,1.0,0.0,23018,692.9654,0.188148,751.2494,883.8334,11817.0,19,0.572,9,0.2709,6,48,1.4451,14183,9842,296.297,0.193843,13430,,,293.0,281.0,12,,,8.8209,3674.0,4937.0,88.0,3738.0,4685.0,101.0,-64.0,252.0,-13.0,0.0,2.0,0.0,0.0,0.0,0.0,5619.0,7828.0,149.0,5686.0,7207.0,151.0,-67.0,621.0,-2.0,0.0,3.0,0.0,1.0,1.0,0.0,8136.0,10211.0,197.0,7720.0,10051.0,207.0,416.0,160.0,-10.0,0.0,3.0,1.0,1.0,2.0,1.0,10206.0,14200.0,260.0,10393.0,14818.0,271.0,-187.0,-618.0,-11.0,0.0,4.0,1.0,2.0,4.0,1.0
LOLTMNT01_417527,complete,,MSI,2026,,0,2026-07-05 06:48:51,1,16.13,4,Blue,bot,Gumayusi,oe:player:c7319736816efe935787b4381c6f321,Hanwha Life Esports,oe:team:3a1d18f46bcb3716ebcfcf4ef068934,1.0,Ziggs,Poppy,Bard,Varus,Rell,Renekton,,,,,,1993,1,4,5,14,27,19,0.0,0.0,0.0,0.0,0.0,0.0,0.0,0.0,0.8128,1.3848,,,,,,,,,,,,,,,,,,,,,0.0,0.0,,,,,,,,,,0.0,0.0,37884,1140.5118,0.309662,483.6126,341.6056,11380.0,21,0.6322,5,0.1505,10,41,1.2343,16861,12520,376.9192,0.246589,15950,,,311.0,299.0,12,,,9.3628,3618.0,4572.0,93.0,3177.0,3763.0,84.0,441.0,809.0,9.0,0.0,2.0,0.0,0.0,0.0,1.0,6386.0,7463.0,147.0,4862.0,5712.0,124.0,1524.0,1751.0,23.0,1.0,3.0,0.0,0.0,1.0,2.0,9555.0,10480.0,208.0,7649.0,8205.0,167.0,1906.0,2275.0,41.0,2.0,5.0,1.0,1.0,1.0,3.0,12104.0,13911.0,267.0,9488.0,10551.0,196.0,2616.0,3360.0,71.0,2.0,5.0,2.0,1.0,5.0,4.0
LOLTMNT01_417527,complete,,MSI,2026,,0,2026-07-05 06:48:51,1,16.13,5,Blue,sup,Delight,oe:player:051ca2e31ba25123961b3df95fdef4c,Hanwha Life Esports,oe:team:3a1d18f46bcb3716ebcfcf4ef068934,1.0,Camille,Poppy,Bard,Varus,Rell,Renekton,,,,,,1993,1,2,6,9,27,19,0.0,0.0,0.0,0.0,0.0,0.0,0.0,0.0,0.8128,1.3848,,,,,,,,,,,,,,,,,,,,,0.0,0.0,,,,,,,,,,0.0,0.0,9441,284.2248,0.0771702,639.3176,569.2022,2439.0,71,2.1375,24,0.7225,27,169,5.0878,10246,5905,177.7722,0.116299,8710,,,46.0,46.0,0,,,1.3848,2887.0,1876.0,13.0,2653.0,1895.0,11.0,234.0,-19.0,2.0,1.0,2.0,1.0,0.0,2.0,2.0,4003.0,2581.0,16.0,3940.0,2737.0,14.0,63.0,-156.0,2.0,1.0,3.0,3.0,0.0,4.0,3.0,5180.0,3999.0,20.0,5157.0,4079.0,18.0,23.0,-80.0,2.0,1.0,3.0,4.0,0.0,5.0,4.0,6589.0,6378.0,30.0,6488.0,6697.0,21.0,101.0,-319.0,9.0,1.0,3.0,4.0,0.0,9.0,4.0
LOLTMNT01_417527,complete,,MSI,2026,,0,2026-07-05 06:48:51,1,16.13,6,Red,top,BrokenBlade,oe:player:84bff3a326833c7c9181c698f676878,G2 Esports,oe:team:7d6673d3a9d00363c6bebc1a630da6e,0.0,Warwick,Orianna,Jayce,Trundle,Cassiopeia,Rumble,,,,,,1993,0,9,4,8,19,27,1.0,1.0,0.0,0.0,1.0,0.0,1.0,0.0,0.572,1.3848,,,,,,,,,,,,,,,,,,,,,0.0,0.0,,,,,,,,,,0.0,0.0,23081,694.862,0.245935,1024.3653,1312.293,10460.0,14,0.4215,9,0.2709,5,47,1.415,15039,10698,322.0672,0.260827,15325,,,275.0,273.0,2,,,8.279,3356.0,4654.0,79.0,3746.0,5298.0,90.0,-390.0,-644.0,-11.0,1.0,1.0,0.0,1.0,0.0,0.0,5147.0,7938.0,122.0,5602.0,9649.0,129.0,-455.0,-1711.0,-7.0,2.0,1.0,1.0,2.0,1.0,0.0,7575.0,10897.0,163.0,8183.0,13116.0,171.0,-608.0,-2219.0,-8.0,4.0,2.0,2.0,5.0,2.0,0.0,10796.0,15311.0,226.0,10371.0,16775.0,219.0,425.0,-1464.0,7.0,5.0,5.0,2.0,6.0,2.0,2.0
LOLTMNT01_417527,complete,,MSI,2026,,0,2026-07-05 06:48:51,1,16.13,7,Red,jng,SkewMond,oe:player:ab15060e5225b51592cd04b3aed1e09,G2 Esports,oe:team:7d6673d3a9d00363c6bebc1a630da6e,0.0,Xin Zhao,Orianna,Jayce,Trundle,Cassiopeia,Rumble,,,,,,1993,0,5,4,7,19,27,0.0,0.0,0.0,0.0,1.0,1.0,0.0,0.0,0.572,1.3848,,,,,,,,,,,,,,,,,,,,,0.0,1.0,,,,,,,,,,0.0,0.0,19374,583.2614,0.206436,1117.8726,900.1806,103.0,11,0.3312,13,0.3914,10,61,1.8364,13472,9131,274.8921,0.222621,12330,,,216.0,23.0,193,,,6.5028,3753.0,3818.0,71.0,4238.0,4068.0,79.0,-485.0,-250.0,-8.0,1.0,0.0,1.0,2.0,2.0,1.0,5219.0,5696.0,101.0,6425.0,7197.0,128.0,-1206.0,-1501.0,-27.0,1.0,1.0,1.0,3.0,2.0,1.0,6985.0,7919.0,134.0,9359.0,11035.0,178.0,-2374.0,-3116.0,-44.0,1.0,3.0,1.0,3.0,6.0,1.0,10662.0,12006.0,181.0,11156.0,13161.0,209.0,-494.0,-1155.0,-28.0,3.0,5.0,1.0,3.0,7.0,2.0
LOLTMNT01_417527,complete,,MSI,2026,,0,2026-07-05 06:48:51,1,16.13,8,Red,mid,Caps,oe:player:55dd587cdc4a278be6a5c37f9e539de,G2 Esports,oe:team:7d6673d3a9d00363c6bebc1a630da6e,0.0,Ryze,Orianna,Jayce,Trundle,Cassiopeia,Rumble,,,,,,1993,0,3,5,7,19,27,0.0,0.0,0.0,0.0,0.0,0.0,0.0,0.0,0.572,1.3848,,,,,,,,,,,,,,,,,,,,,0.0,0.0,,,,,,,,,,0.0,1.0,25551,769.2223,0.272254,895.8756,609.724,6028.0,13,0.3914,10,0.3011,3,39,1.1741,12705,8364,251.8013,0.203921,11725,,,300.0,300.0,0,,,9.0316,3738.0,4685.0,101.0,3674.0,4937.0,88.0,64.0,-252.0,13.0,0.0,0.0,0.0,0.0,2.0,0.0,5686.0,7207.0,151.0,5619.0,7828.0,149.0,67.0,-621.0,2.0,1.0,1.0,0.0,0.0,3.0,0.0,7720.0,10051.0,207.0,8136.0,10211.0,197.0,-416.0,-160.0,10.0,1.0,2.0,1.0,0.0,3.0,1.0,10393.0,14818.0,271.0,10206.0,14200.0,260.0,187.0,618.0,11.0,2.0,4.0,1.0,0.0,4.0,1.0
LOLTMNT01_417527,complete,,MSI,2026,,0,2026-07-05 06:48:51,1,16.13,9,Red,bot,Hans Sama,oe:player:c62a5235ad6bc113a1e64eb0e9aa8c8,G2 Esports,oe:team:7d6673d3a9d00363c6bebc1a630da6e,0.0,Seraphine,Orianna,Jayce,Trundle,Cassiopeia,Rumble,,,,,,1993,0,2,6,12,19,27,0.0,0.0,0.0,0.0,0.0,0.0,0.0,0.0,0.572,1.3848,,,,,,,,,,,,,,,,,,,,,0.0,0.0,,,,,,,,,,0.0,0.0,17327,521.6357,0.184624,573.7782,429.995,2811.0,16,0.4817,6,0.1806,5,53,1.5956,12971,8630,259.8093,0.210406,12825,,,229.0,229.0,0,,,6.8941,3177.0,3763.0,84.0,3618.0,4572.0,93.0,-441.0,-809.0,-9.0,0.0,0.0,1.0,0.0,2.0,0.0,4862.0,5712.0,124.0,6386.0,7463.0,147.0,-1524.0,-1751.0,-23.0,0.0,1.0,2.0,1.0,3.0,0.0,7649.0,8205.0,167.0,9555.0,10480.0,208.0,-1906.0,-2275.0,-41.0,1.0,1.0,3.0,2.0,5.0,1.0,9488.0,10551.0,196.0,12104.0,13911.0,267.0,-2616.0,-3360.0,-71.0,1.0,5.0,4.0,2.0,5.0,2.0
LOLTMNT01_417527,complete,,MSI,2026,,0,2026-07-05 06:48:51,1,16.13,10,Red,sup,Labrov,oe:player:bb6ac5763c6576e104a7a2f59eb4ddf,G2 Esports,oe:team:7d6673d3a9d00363c6bebc1a630da6e,0.0,Nautilus,Orianna,Jayce,Trundle,Cassiopeia,Rumble,,,,,,1993,0,0,8,16,19,27,0.0,0.0,0.0,0.0,1.0,0.0,1.0,0.0,0.572,1.3848,,,,,,,,,,,,,,,,,,,,,0.0,0.0,,,,,,,,,,0.0,0.0,8517,256.4074,0.0907512,830.6372,1218.4847,1337.0,66,1.987,13,0.3914,26,148,4.4556,8534,4193,126.2318,0.102225,8345,,,23.0,23.0,0,,,0.6924,2653.0,1895.0,11.0,2887.0,1876.0,13.0,-234.0,19.0,-2.0,0.0,2.0,2.0,1.0,2.0,1.0,3940.0,2737.0,14.0,4003.0,2581.0,16.0,-63.0,156.0,-2.0,0.0,4.0,3.0,1.0,3.0,3.0,5157.0,4079.0,18.0,5180.0,3999.0,20.0,-23.0,80.0,-2.0,0.0,5.0,4.0,1.0,3.0,4.0,6488.0,6697.0,21.0,6589.0,6378.0,30.0,-101.0,319.0,-9.0,0.0,9.0,4.0,1.0,3.0,4.0
LOLTMNT01_417527,complete,,MSI,2026,,0,2026-07-05 06:48:51,1,16.13,100,Blue,team,,,Hanwha Life Esports,oe:team:3a1d18f46bcb3716ebcfcf4ef068934,1.0,,Poppy,Bard,Varus,Rell,Renekton,Vi,Ziggs,Camille,Ambessa,Yone,1993,1,27,19,60,27,19,4.0,2.0,0.0,0.0,0.0,,,,0.8128,1.3848,1.0,4.0,1.0,4.0,1.0,0.0,2.0,0.0,0.0,1.0,1.0,,0.0,0.0,1.0,1.0,0.0,0.0,3.0,1.0,1.0,0.0,0.0,0.0,1.0,10.0,3.0,1.0,1.0,43.0,19.0,1.0,0.0,122340,3683.0908,,3616.3773,4751.6809,39073.0,137,4.1244,57,1.716,57,364,10.9584,72478,50771,1528.4797,,67280,0.105296,1.51,,881.0,273,,,34.7416,18163.0,20751.0,363.0,16677.0,18815.0,346.0,1486.0,1936.0,17.0,4.0,8.0,2.0,2.0,3.0,4.0,28035.0,34718.0,569.0,24854.0,29290.0,512.0,3181.0,5428.0,57.0,7.0,12.0,4.0,4.0,8.0,7.0,40413.0,48841.0,774.0,35086.0,41151.0,689.0,5327.0,7690.0,85.0,11.0,19.0,7.0,7.0,13.0,11.0,50426.0,64425.0,985.0,47827.0,59383.0,895.0,2599.0,5042.0,90.0,12.0,21.0,11.0,11.0,28.0,12.0
LOLTMNT01_417527,complete,,MSI,2026,,0,2026-07-05 06:48:51,1,16.13,200,Red,team,,,G2 Esports,oe:team:7d6673d3a9d00363c6bebc1a630da6e,0.0,,Orianna,Jayce,Trundle,Cassiopeia,Rumble,Seraphine,Xin Zhao,Ryze,Nautilus,Warwick,1993,0,19,27,50,19,27,1.0,1.0,0.0,0.0,1.0,,,,0.572,1.3848,0.0,1.0,4.0,1.0,4.0,0.0,1.0,0.0,0.0,0.0,0.0,,0.0,0.0,0.0,0.0,1.0,3.0,0.0,0.0,0.0,1.0,0.0,0.0,0.0,3.0,10.0,0.0,0.0,19.0,43.0,0.0,1.0,93850,2825.3889,,4442.5289,4470.6774,20739.0,120,3.6126,51,1.5354,49,348,10.4767,62721,41014,1234.7416,,60550,-0.105296,-1.51,,848.0,195,,,31.3999,16677.0,18815.0,346.0,18163.0,20751.0,363.0,-1486.0,-1936.0,-17.0,2.0,3.0,4.0,4.0,8.0,2.0,24854.0,29290.0,512.0,28035.0,34718.0,569.0,-3181.0,-5428.0,-57.0,4.0,8.0,7.0,7.0,12.0,4.0,35086.0,41151.0,689.0,40413.0,48841.0,774.0,-5327.0,-7690.0,-85.0,7.0,13.0,11.0,11.0,19.0,7.0,47827.0,59383.0,895.0,50426.0,64425.0,985.0,-2599.0,-5042.0,-90.0,11.0,28.0,12.0,12.0,21.0,11.0
LOLTMNT01_418514,complete,,MSI,2026,,0,2026-07-05 07:41:02,2,16.13,1,Blue,top,Zeus,oe:player:98dd15c330fb5abb4508347265a7f76,Hanwha Life Esports,oe:team:3a1d18f46bcb3716ebcfcf4ef068934,1.0,Anivia,Poppy,Bard,Varus,Annie,Aatrox,,,,,,1464,1,3,1,8,29,7,0.0,0.0,0.0,0.0,0.0,0.0,0.0,0.0,1.1885,1.4754,,,,,,,,,,,,,,,,,,,,,0.0,0.0,,,,,,,,,,0.0,0.0,15073,617.7459,0.175871,889.918,478.6885,7895.0,13,0.5328,2,0.082,4,28,1.1475,10797,7535,308.8115,0.193637,9750,,,229.0,217.0,12,,,9.3852,3302.0,5303.0,90.0,3207.0,5088.0,83.0,95.0,215.0,7.0,0.0,0.0,0.0,0.0,0.0,0.0,5325.0,8859.0,132.0,4748.0,8084.0,119.0,577.0,775.0,13.0,1.0,0.0,1.0,0.0,1.0,1.0,8664.0,12790.0,184.0,6063.0,10020.0,149.0,2601.0,2770.0,35.0,2.0,2.0,1.0,0.0,1.0,3.0,10797.0,18888.0,229.0,7799.0,12013.0,177.0,2998.0,6875.0,52.0,3.0,8.0,1.0,0.0,3.0,6.0
LOLTMNT01_418514,complete,,MSI,2026,,0,2026-07-05 07:41:02,2,16.13,2,Blue,jng,Kanavi,oe:player:41deab55354f57a94135989133f9968,Hanwha Life Esports,oe:team:3a1d18f46bcb3716ebcfcf4ef068934,1.0,Jarvan IV,Poppy,Bard,Varus,Annie,Aatrox,,,,,,1464,1,1,4,21,29,7,0.0,0.0,0.0,0.0,0.0,0.0,0.0,0.0,1.1885,1.4754,,,,,,,,,,,,,,,,,,,,,1.0,0.0,,,,,,,,,,0.0,0.0,14297,585.9426,0.166816,1195.0,1384.2623,5420.0,8,0.3279,6,0.2459,6,38,1.5574,9981,6719,275.3689,0.172667,9050,,,152.0,6.0,146,,,6.2295,3353.0,3758.0,71.0,3605.0,3877.0,69.0,-252.0,-119.0,2.0,0.0,2.0,1.0,1.0,0.0,1.0,5511.0,6338.0,105.0,5791.0,6348.0,106.0,-280.0,-10.0,-1.0,1.0,5.0,2.0,2.0,1.0,3.0,7827.0,8515.0,127.0,7621.0,8852.0,143.0,206.0,-337.0,-16.0,1.0,10.0,3.0,2.0,2.0,3.0,9981.0,12169.0,152.0,8663.0,9532.0,158.0,1318.0,2637.0,-6.0,1.0,21.0,4.0,2.0,2.0,5.0
LOLTMNT01_418514,complete,,MSI,2026,,0,2026-07-05 07:41:02,2,16.13,3,Blue,mid,Zeka,oe:player:f9cd2ef9afea5cda0eb3263a025cec1,Hanwha Life Esports,oe:team:3a1d18f46bcb3716ebcfcf4ef068934,1.0,Sylas,Poppy,Bard,Varus,Annie,Aatrox,,,,,,1464,1,13,1,11,29,7,2.0,0.0,0.0,0.0,1.0,1.0,0.0,0.0,1.1885,1.4754,,,,,,,,,,,,,,,,,,,,,0.0,0.0,,,,,,,,,,1.0,0.0,23947,981.4344,0.279412,1067.7459,645.9836,12609.0,6,0.2459,4,0.1639,4,24,0.9836,12133,8871,363.5656,0.227971,10660,,,170.0,170.0,0,,,6.9672,3793.0,4386.0,78.0,3744.0,5328.0,108.0,49.0,-942.0,-30.0,2.0,2.0,0.0,0.0,1.0,0.0,5162.0,6591.0,115.0,5976.0,8155.0,156.0,-814.0,-1564.0,-41.0,2.0,3.0,0.0,1.0,1.0,0.0,8965.0,10540.0,154.0,8042.0,10237.0,195.0,923.0,303.0,-41.0,7.0,5.0,0.0,2.0,1.0,4.0,12133.0,13555.0,170.0,10545.0,11362.0,210.0,1588.0,2193.0,-40.0,13.0,11.0,1.0,4.0,1.0,6.0
LOLTMNT01_418514,complete,,MSI,2026,,0,2026-07-05 07:41:02,2,16.13,4,Blue,bot,Gumayusi,oe:player:c7319736816efe935787b4381c6f321,Hanwha Life Esports,oe:team:3a1d18f46bcb3716ebcfcf4ef068934,1.0,Lucian,Poppy,Bard,Varus,Annie,Aatrox,,,,,,1464,1,11,1,10,29,7,3.0,0.0,0.0,0.0,1.0,0.0,1.0,0.0,1.1885,1.4754,,,,,,,,,,,,,,,,,,,,,0.0,0.0,,,,,,,,,,0.0,0.0,27312,1119.3443,0.318675,677.1311,584.6311,12981.0,14,0.5738,6,0.2459,5,34,1.3934,14475,11213,459.5492,0.288157,12900,,,243.0,235.0,8,,,9.959,4122.0,3687.0,96.0,3242.0,3103.0,81.0,880.0,584.0,15.0,2.0,1.0,0.0,0.0,0.0,2.0,6994.0,5937.0,149.0,5529.0,4841.0,117.0,1465.0,1096.0,32.0,4.0,2.0,1.0,1.0,1.0,2.0,10623.0,8881.0,194.0,8338.0,7884.0,182.0,2285.0,997.0,12.0,7.0,3.0,1.0,1.0,2.0,3.0,14475.0,12711.0,243.0,9766.0,9360.0,203.0,4709.0,3351.0,40.0,11.0,10.0,1.0,1.0,3.0,5.0
LOLTMNT01_418514,complete,,MSI,2026,,0,2026-07-05 07:41:02,2,16.13,5,Blue,sup,Delight,oe:player:051ca2e31ba25123961b3df95fdef4c,Hanwha Life Esports,oe:team:3a1d18f46bcb3716ebcfcf4ef068934,1.0,Milio,Poppy,Bard,Varus,Annie,Aatrox,,,,,,1464,1,1,0,22,29,7,0.0,0.0,0.0,0.0,1.0,0.0,1.0,0.0,1.1885,1.4754,,,,,,,,,,,,,,,,,,,,,0.0,0.0,,,,,,,,,,0.0,0.0,5076,208.0328,0.0592264,323.6475,168.9754,2919.0,38,1.5574,6,0.2459,14,84,3.4426,7837,4575,187.5,0.117568,6580,,,18.0,18.0,0,,,0.7377,2631.0,2802.0,12.0,2463.0,2546.0,11.0,168.0,256.0,1.0,0.0,3.0,0.0,0.0,1.0,1.0,3929.0,4524.0,15.0,3853.0,3838.0,15.0,76.0,686.0,0.0,0.0,6.0,0.0,0.0,3.0,2.0,5834.0,6195.0,16.0,4992.0,5158.0,20.0,842.0,1037.0,-4.0,0.0,11.0,0.0,0.0,3.0,4.0,7837.0,9788.0,18.0,6102.0,6199.0,25.0,1735.0,3589.0,-7.0,1.0,22.0,0.0,0.0,4.0,7.0
LOLTMNT01_418514,complete,,MSI,2026,,0,2026-07-05 07:41:02,2,16.13,6,Red,top,BrokenBlade,oe:player:84bff3a326833c7c9181c698f676878,G2 Esports,oe:team:7d6673d3a9d00363c6bebc1a630da6e,0.0,Yasuo,Orianna,Jayce,Rumble,Akali,Viktor,,,,,,1464,0,0,6,3,7,29,0.0,0.0,0.0,0.0,0.0,0.0,0.0,0.0,0.2869,1.4754,,,,,,,,,,,,,,,,,,,,,0.0,0.0,,,,,,,,,,0.0,0.0,12018,492.541,0.166808,793.6885,736.8852,3824.0,10,0.4098,2,0.082,2,25,1.0246,7799,4537,185.9426,0.170788,7675,,,177.0,177.0,0,,,7.2541,3207.0,5088.0,83.0,3302.0,5303.0,90.0,-95.0,-215.0,-7.0,0.0,0.0,0.0,0.0,0.0,0.0,4748.0,8084.0,119.0,5325.0,8859.0,132.0,-577.0,-775.0,-13.0,0.0,1.0,1.0,1.0,0.0,1.0,6063.0,10020.0,149.0,8664.0,12790.0,184.0,-2601.0,-2770.0,-35.0,0.0,1.0,3.0,2.0,2.0,1.0,7799.0,12013.0,177.0,10797.0,18888.0,229.0,-2998.0,-6875.0,-52.0,0.0,3.0,6.0,3.0,8.0,1.0
LOLTMNT01_418514,complete,,MSI,2026,,0,2026-07-05 07:41:02,2,16.13,7,Red,jng,SkewMond,oe:player:ab15060e5225b51592cd04b3aed1e09,G2 Esports,oe:team:7d6673d3a9d00363c6bebc1a630da6e,0.0,Lee Sin,Orianna,Jayce,Rumble,Akali,Viktor,,,,,,1464,0,2,5,2,7,29,0.0,0.0,0.0,0.0,0.0,0.0,0.0,0.0,0.2869,1.4754,,,,,,,,,,,,,,,,,,,,,0.0,1.0,,,,,,,,,,0.0,0.0,7405,303.4836,0.10278,1054.4672,835.5328,0.0,13,0.5328,3,0.123,6,29,1.1885,8663,5401,221.3525,0.203313,8550,,,158.0,18.0,140,,,6.4754,3605.0,3877.0,69.0,3353.0,3758.0,71.0,252.0,119.0,-2.0,1.0,0.0,1.0,0.0,2.0,1.0,5791.0,6348.0,106.0,5511.0,6338.0,105.0,280.0,10.0,1.0,2.0,1.0,3.0,1.0,5.0,2.0,7621.0,8852.0,143.0,7827.0,8515.0,127.0,-206.0,337.0,16.0,2.0,2.0,3.0,1.0,10.0,3.0,8663.0,9532.0,158.0,9981.0,12169.0,152.0,-1318.0,-2637.0,6.0,2.0,2.0,5.0,1.0,21.0,4.0
LOLTMNT01_418514,complete,,MSI,2026,,0,2026-07-05 07:41:02,2,16.13,8,Red,mid,Caps,oe:player:55dd587cdc4a278be6a5c37f9e539de,G2 Esports,oe:team:7d6673d3a9d00363c6bebc1a630da6e,0.0,Syndra,Orianna,Jayce,Rumble,Akali,Viktor,,,,,,1464,0,4,6,1,7,29,0.0,0.0,0.0,0.0,0.0,0.0,0.0,0.0,0.2869,1.4754,,,,,,,,,,,,,,,,,,,,,0.0,0.0,,,,,,,,,,0.0,1.0,32709,1340.5328,0.453995,758.6475,350.5738,4132.0,8,0.3279,2,0.082,2,21,0.8607,10545,7283,298.4836,0.27416,10100,,,210.0,206.0,4,,,8.6066,3744.0,5328.0,108.0,3793.0,4386.0,78.0,-49.0,942.0,30.0,0.0,1.0,0.0,2.0,2.0,0.0,5976.0,8155.0,156.0,5162.0,6591.0,115.0,814.0,1564.0,41.0,1.0,1.0,0.0,2.0,3.0,0.0,8042.0,10237.0,195.0,8965.0,10540.0,154.0,-923.0,-303.0,41.0,2.0,1.0,4.0,7.0,5.0,0.0,10545.0,11362.0,210.0,12133.0,13555.0,170.0,-1588.0,-2193.0,40.0,4.0,1.0,6.0,13.0,11.0,1.0
LOLTMNT01_418514,complete,,MSI,2026,,0,2026-07-05 07:41:02,2,16.13,9,Red,bot,Hans Sama,oe:player:c62a5235ad6bc113a1e64eb0e9aa8c8,G2 Esports,oe:team:7d6673d3a9d00363c6bebc1a630da6e,0.0,Yunara,Orianna,Jayce,Rumble,Akali,Viktor,,,,,,1464,0,1,5,3,7,29,0.0,0.0,0.0,0.0,0.0,0.0,0.0,1.0,0.2869,1.4754,,,,,,,,,,,,,,,,,,,,,0.0,0.0,,,,,,,,,,0.0,0.0,13191,540.6148,0.183089,667.6639,445.2459,4438.0,11,0.4508,8,0.3279,2,29,1.1885,9766,6504,266.5574,0.244835,9400,,,203.0,203.0,0,,,8.3197,3242.0,3103.0,81.0,4122.0,3687.0,96.0,-880.0,-584.0,-15.0,0.0,0.0,2.0,2.0,1.0,0.0,5529.0,4841.0,117.0,6994.0,5937.0,149.0,-1465.0,-1096.0,-32.0,1.0,1.0,2.0,4.0,2.0,1.0,8338.0,7884.0,182.0,10623.0,8881.0,194.0,-2285.0,-997.0,-12.0,1.0,2.0,3.0,7.0,3.0,1.0,9766.0,9360.0,203.0,14475.0,12711.0,243.0,-4709.0,-3351.0,-40.0,1.0,3.0,5.0,11.0,10.0,1.0
LOLTMNT01_418514,complete,,MSI,2026,,0,2026-07-05 07:41:02,2,16.13,10,Red,sup,Labrov,oe:player:bb6ac5763c6576e104a7a2f59eb4ddf,G2 Esports,oe:team:7d6673d3a9d00363c6bebc1a630da6e,0.0,Lulu,Orianna,Jayce,Rumble,Akali,Viktor,,,,,,1464,0,0,7,4,7,29,0.0,0.0,0.0,0.0,0.0,0.0,0.0,0.0,0.2869,1.4754,,,,,,,,,,,,,,,,,,,,,0.0,0.0,,,,,,,,,,0.0,0.0,6724,275.5738,0.093328,789.0574,374.5492,477.0,35,1.4344,10,0.4098,14,83,3.4016,6102,2840,116.3934,0.106905,5355,,,25.0,25.0,0,,,1.0246,2463.0,2546.0,11.0,2631.0,2802.0,12.0,-168.0,-256.0,-1.0,0.0,1.0,1.0,0.0,3.0,0.0,3853.0,3838.0,15.0,3929.0,4524.0,15.0,-76.0,-686.0,0.0,0.0,3.0,2.0,0.0,6.0,0.0,4992.0,5158.0,20.0,5834.0,6195.0,16.0,-842.0,-1037.0,4.0,0.0,3.0,4.0,0.0,11.0,0.0,6102.0,6199.0,25.0,7837.0,9788.0,18.0,-1735.0,-3589.0,7.0,0.0,4.0,7.0,1.0,22.0,0.0
LOLTMNT01_418514,complete,,MSI,2026,,0,2026-07-05 07:41:02,2,16.13,100,Blue,team,,,Hanwha Life Esports,oe:team:3a1d18f46bcb3716ebcfcf4ef068934,1.0,,Poppy,Bard,Varus,Annie,Aatrox,Jarvan IV,Lucian,Milio,Anivia,Sylas,1464,1,29,7,72,29,7,5.0,0.0,0.0,0.0,1.0,,,,1.1885,1.4754,1.0,3.0,0.0,3.0,0.0,0.0,1.0,1.0,0.0,0.0,1.0,,0.0,0.0,1.0,1.0,0.0,3.0,0.0,1.0,1.0,0.0,0.0,0.0,1.0,9.0,2.0,1.0,1.0,41.0,12.0,1.0,0.0,85705,3512.5,,4153.4426,3262.541,41824.0,79,3.2377,24,0.9836,33,208,8.5246,55223,38912,1594.7541,,48940,0.174628,2.51,,646.0,166,,,33.2787,17201.0,19936.0,347.0,16261.0,19942.0,352.0,940.0,-6.0,-5.0,4.0,8.0,1.0,1.0,2.0,4.0,26921.0,32249.0,516.0,25897.0,31266.0,513.0,1024.0,983.0,3.0,8.0,16.0,4.0,4.0,7.0,8.0,41913.0,46921.0,675.0,35056.0,42151.0,689.0,6857.0,4770.0,-14.0,17.0,31.0,5.0,5.0,9.0,17.0,55223.0,67111.0,812.0,42875.0,48466.0,773.0,12348.0,18645.0,39.0,29.0,72.0,7.0,7.0,13.0,29.0
LOLTMNT01_418514,complete,,MSI,2026,,0,2026-07-05 07:41:02,2,16.13,200,Red,team,,,G2 Esports,oe:team:7d6673d3a9d00363c6bebc1a630da6e,0.0,,Orianna,Jayce,Rumble,Akali,Viktor,Lee Sin,Yunara,Lulu,Syndra,Yasuo,1464,0,7,29,13,7,29,0.0,0.0,0.0,0.0,0.0,,,,0.2869,1.4754,0.0,0.0,3.0,0.0,3.0,0.0,0.0,0.0,0.0,0.0,0.0,,0.0,0.0,0.0,0.0,1.0,0.0,3.0,0.0,0.0,1.0,0.0,0.0,0.0,2.0,9.0,0.0,0.0,12.0,41.0,0.0,1.0,72047,2952.7459,,4063.5246,2742.7869,12871.0,77,3.1557,25,1.0246,26,187,7.6639,42875,26564,1088.6885,,41080,-0.174628,-2.51,,629.0,144,,,31.6803,16261.0,19942.0,352.0,17201.0,19936.0,347.0,-940.0,6.0,5.0,1.0,2.0,4.0,4.0,8.0,1.0,25897.0,31266.0,513.0,26921.0,32249.0,516.0,-1024.0,-983.0,-3.0,4.0,7.0,8.0,8.0,16.0,4.0,35056.0,42151.0,689.0,41913.0,46921.0,675.0,-6857.0,-4770.0,14.0,5.0,9.0,17.0,17.0,31.0,5.0,42875.0,48466.0,773.0,55223.0,67111.0,812.0,-12348.0,-18645.0,-39.0,7.0,13.0,29.0,29.0,72.0,7.0
LOLTMNT01_418522,complete,,MSI,2026,,0,2026-07-05 08:24:19,3,16.13,1,Blue,top,Zeus,oe:player:98dd15c330fb5abb4508347265a7f76,Hanwha Life Esports,oe:team:3a1d18f46bcb3716ebcfcf4ef068934,1.0,Rumble,Poppy,Varus,Rakan,Annie,Ahri,,,,,,1507,1,5,1,8,33,7,0.0,0.0,0.0,0.0,0.0,0.0,0.0,0.0,1.3139,1.5926,,,,,,,,,,,,,,,,,,,,,0.0,0.0,,,,,,,,,,0.0,0.0,18458,734.8905,0.177723,593.7492,892.1168,5329.0,12,0.4778,0,0.0,6,22,0.8759,10320,6970,277.505,0.167271,9625,,,183.0,175.0,8,,,7.286,3360.0,5045.0,82.0,2940.0,3709.0,57.0,420.0,1336.0,25.0,0.0,1.0,0.0,0.0,0.0,2.0,5750.0,9381.0,139.0,4253.0,5707.0,88.0,1497.0,3674.0,51.0,1.0,1.0,0.0,0.0,1.0,4.0,7501.0,12205.0,168.0,5918.0,8822.0,126.0,1583.0,3383.0,42.0,2.0,2.0,1.0,0.0,2.0,6.0,10266.0,16382.0,181.0,8331.0,11256.0,154.0,1935.0,5126.0,27.0,5.0,8.0,1.0,1.0,3.0,8.0
LOLTMNT01_418522,complete,,MSI,2026,,0,2026-07-05 08:24:19,3,16.13,2,Blue,jng,Kanavi,oe:player:41deab55354f57a94135989133f9968,Hanwha Life Esports,oe:team:3a1d18f46bcb3716ebcfcf4ef068934,1.0,Naafiri,Poppy,Varus,Rakan,Annie,Ahri,,,,,,1507,1,9,2,11,33,7,0.0,0.0,0.0,0.0,1.0,1.0,0.0,0.0,1.3139,1.5926,,,,,,,,,,,,,,,,,,,,,1.0,0.0,,,,,,,,,,0.0,0.0,21092,839.7611,0.203085,1100.1062,704.99,4540.0,8,0.3185,7,0.2787,7,36,1.4333,12326,8976,357.3723,0.215412,10825,,,181.0,25.0,156,,,7.2064,3988.0,3587.0,66.0,3387.0,3845.0,76.0,601.0,-258.0,-10.0,2.0,1.0,0.0,0.0,0.0,0.0,6457.0,5917.0,92.0,5449.0,5845.0,107.0,1008.0,72.0,-15.0,5.0,5.0,2.0,1.0,1.0,2.0,9232.0,9856.0,143.0,6571.0,7570.0,120.0,2661.0,2286.0,23.0,6.0,7.0,2.0,1.0,2.0,4.0,12313.0,13867.0,181.0,8924.0,9725.0,143.0,3389.0,4142.0,38.0,9.0,11.0,2.0,2.0,2.0,7.0
LOLTMNT01_418522,complete,,MSI,2026,,0,2026-07-05 08:24:19,3,16.13,3,Blue,mid,Zeka,oe:player:f9cd2ef9afea5cda0eb3263a025cec1,Hanwha Life Esports,oe:team:3a1d18f46bcb3716ebcfcf4ef068934,1.0,LeBlanc,Poppy,Varus,Rakan,Annie,Ahri,,,,,,1507,1,7,1,6,33,7,0.0,0.0,0.0,0.0,0.0,0.0,0.0,0.0,1.3139,1.5926,,,,,,,,,,,,,,,,,,,,,0.0,0.0,,,,,,,,,,1.0,0.0,25034,996.7087,0.241041,564.7246,291.9973,7168.0,6,0.2389,4,0.1593,4,16,0.637,11592,8242,328.1486,0.197797,11150,,,217.0,217.0,0,,,8.6397,3639.0,5335.0,90.0,3191.0,4743.0,85.0,448.0,592.0,5.0,1.0,0.0,0.0,0.0,0.0,1.0,6167.0,8762.0,150.0,5748.0,7286.0,125.0,419.0,1476.0,25.0,2.0,1.0,0.0,2.0,1.0,3.0,8661.0,11690.0,196.0,7701.0,9201.0,164.0,960.0,2489.0,32.0,4.0,2.0,0.0,3.0,1.0,4.0,11529.0,14733.0,217.0,9223.0,12900.0,194.0,2306.0,1833.0,23.0,7.0,6.0,1.0,3.0,3.0,7.0
LOLTMNT01_418522,complete,,MSI,2026,,0,2026-07-05 08:24:19,3,16.13,4,Blue,bot,Gumayusi,oe:player:c7319736816efe935787b4381c6f321,Hanwha Life Esports,oe:team:3a1d18f46bcb3716ebcfcf4ef068934,1.0,Caitlyn,Poppy,Varus,Rakan,Annie,Ahri,,,,,,1507,1,10,2,11,33,7,2.0,1.0,0.0,0.0,1.0,0.0,1.0,0.0,1.3139,1.5926,,,,,,,,,,,,,,,,,,,,,0.0,0.0,,,,,,,,,,1.0,0.0,31682,1261.3935,0.305051,702.3623,444.6052,18401.0,14,0.5574,5,0.1991,6,30,1.1944,15048,11698,465.7465,0.280735,14200,,,239.0,231.0,8,,,9.5156,4183.0,4084.0,96.0,3557.0,4105.0,97.0,626.0,-21.0,-1.0,1.0,1.0,0.0,0.0,0.0,0.0,8576.0,7072.0,154.0,5063.0,5847.0,130.0,3513.0,1225.0,24.0,5.0,4.0,0.0,0.0,0.0,2.0,12048.0,9806.0,208.0,7168.0,8516.0,185.0,4880.0,1290.0,23.0,8.0,7.0,0.0,0.0,0.0,3.0,15035.0,12519.0,239.0,9797.0,11402.0,219.0,5238.0,1117.0,20.0,10.0,11.0,2.0,1.0,2.0,5.0
LOLTMNT01_418522,complete,,MSI,2026,,0,2026-07-05 08:24:19,3,16.13,5,Blue,sup,Delight,oe:player:051ca2e31ba25123961b3df95fdef4c,Hanwha Life Esports,oe:team:3a1d18f46bcb3716ebcfcf4ef068934,1.0,Bard,Poppy,Varus,Rakan,Annie,Ahri,,,,,,1507,1,2,1,24,33,7,0.0,0.0,0.0,0.0,1.0,0.0,1.0,0.0,1.3139,1.5926,,,,,,,,,,,,,,,,,,,,,0.0,0.0,,,,,,,,,,0.0,0.0,7592,302.2694,0.0730998,507.2329,316.6821,1296.0,49,1.9509,18,0.7167,17,116,4.6184,9133,5783,230.2455,0.138785,7565,,,27.0,27.0,0,,,1.075,2514.0,2741.0,12.0,2204.0,1880.0,5.0,310.0,861.0,7.0,0.0,2.0,0.0,0.0,0.0,1.0,4568.0,4617.0,13.0,3569.0,3056.0,7.0,999.0,1561.0,6.0,1.0,8.0,1.0,0.0,2.0,3.0,6409.0,6926.0,18.0,4600.0,5026.0,12.0,1809.0,1900.0,6.0,1.0,14.0,1.0,0.0,2.0,4.0,9114.0,10429.0,27.0,5849.0,7136.0,18.0,3265.0,3293.0,9.0,2.0,24.0,1.0,0.0,4.0,6.0
LOLTMNT01_418522,complete,,MSI,2026,,0,2026-07-05 08:24:19,3,16.13,6,Red,top,BrokenBlade,oe:player:84bff3a326833c7c9181c698f676878,G2 Esports,oe:team:7d6673d3a9d00363c6bebc1a630da6e,0.0,Twisted Fate,Orianna,Jayce,Nocturne,Akali,Viktor,,,,,,1507,0,1,8,3,7,33,0.0,0.0,0.0,0.0,0.0,0.0,0.0,0.0,0.2787,1.5926,,,,,,,,,,,,,,,,,,,,,0.0,0.0,,,,,,,,,,0.0,0.0,7785,309.9536,0.12693,723.0657,365.136,0.0,10,0.3981,2,0.0796,1,25,0.9954,8344,4994,198.8321,0.196251,8175,,,154.0,154.0,0,,,6.1314,2940.0,3709.0,57.0,3360.0,5045.0,82.0,-420.0,-1336.0,-25.0,0.0,0.0,2.0,0.0,1.0,0.0,4253.0,5707.0,88.0,5750.0,9381.0,139.0,-1497.0,-3674.0,-51.0,0.0,1.0,4.0,1.0,1.0,0.0,5918.0,8822.0,126.0,7501.0,12205.0,168.0,-1583.0,-3383.0,-42.0,0.0,2.0,6.0,2.0,2.0,1.0,8331.0,11256.0,154.0,10266.0,16382.0,181.0,-1935.0,-5126.0,-27.0,1.0,3.0,8.0,5.0,8.0,1.0
LOLTMNT01_418522,complete,,MSI,2026,,0,2026-07-05 08:24:19,3,16.13,7,Red,jng,SkewMond,oe:player:ab15060e5225b51592cd04b3aed1e09,G2 Esports,oe:team:7d6673d3a9d00363c6bebc1a630da6e,0.0,Wukong,Orianna,Jayce,Nocturne,Akali,Viktor,,,,,,1507,0,2,7,2,7,33,0.0,0.0,0.0,0.0,0.0,0.0,0.0,0.0,0.2787,1.5926,,,,,,,,,,,,,,,,,,,,,0.0,1.0,,,,,,,,,,0.0,0.0,9643,383.9283,0.157224,1089.3165,694.5587,0.0,7,0.2787,8,0.3185,7,37,1.4731,8938,5588,222.4818,0.219593,8708,,,143.0,18.0,125,,,5.6934,3387.0,3845.0,76.0,3988.0,3587.0,66.0,-601.0,258.0,10.0,0.0,0.0,0.0,2.0,1.0,0.0,5449.0,5845.0,107.0,6457.0,5917.0,92.0,-1008.0,-72.0,15.0,1.0,1.0,2.0,5.0,5.0,2.0,6571.0,7570.0,120.0,9232.0,9856.0,143.0,-2661.0,-2286.0,-23.0,1.0,2.0,4.0,6.0,7.0,2.0,8924.0,9725.0,143.0,12313.0,13867.0,181.0,-3389.0,-4142.0,-38.0,2.0,2.0,7.0,9.0,11.0,2.0
LOLTMNT01_418522,complete,,MSI,2026,,0,2026-07-05 08:24:19,3,16.13,8,Red,mid,Caps,oe:player:55dd587cdc4a278be6a5c37f9e539de,G2 Esports,oe:team:7d6673d3a9d00363c6bebc1a630da6e,0.0,Cassiopeia,Orianna,Jayce,Nocturne,Akali,Viktor,,,,,,1507,0,3,7,3,7,33,0.0,0.0,0.0,0.0,0.0,0.0,0.0,0.0,0.2787,1.5926,,,,,,,,,,,,,,,,,,,,,0.0,0.0,,,,,,,,,,0.0,1.0,16723,665.8129,0.272659,1166.7551,776.9741,994.0,9,0.3583,3,0.1194,4,22,0.8759,9236,5886,234.3464,0.231304,8100,,,194.0,194.0,0,,,7.724,3191.0,4743.0,85.0,3639.0,5335.0,90.0,-448.0,-592.0,-5.0,0.0,0.0,1.0,1.0,0.0,0.0,5748.0,7286.0,125.0,6167.0,8762.0,150.0,-419.0,-1476.0,-25.0,2.0,1.0,3.0,2.0,1.0,0.0,7701.0,9201.0,164.0,8661.0,11690.0,196.0,-960.0,-2489.0,-32.0,3.0,1.0,4.0,4.0,2.0,0.0,9223.0,12900.0,194.0,11529.0,14733.0,217.0,-2306.0,-1833.0,-23.0,3.0,3.0,7.0,7.0,6.0,1.0
LOLTMNT01_418522,complete,,MSI,2026,,0,2026-07-05 08:24:19,3,16.13,9,Red,bot,Hans Sama,oe:player:c62a5235ad6bc113a1e64eb0e9aa8c8,G2 Esports,oe:team:7d6673d3a9d00363c6bebc1a630da6e,0.0,Ezreal,Orianna,Jayce,Nocturne,Akali,Viktor,,,,,,1507,0,1,5,2,7,33,0.0,0.0,0.0,0.0,0.0,0.0,0.0,0.0,0.2787,1.5926,,,,,,,,,,,,,,,,,,,,,0.0,0.0,,,,,,,,,,0.0,1.0,19813,788.8388,0.32304,914.0146,290.0863,1004.0,6,0.2389,6,0.2389,0,20,0.7963,9811,6461,257.2395,0.253899,8933,,,219.0,219.0,0,,,8.7193,3557.0,4105.0,97.0,4183.0,4084.0,96.0,-626.0,21.0,1.0,0.0,0.0,0.0,1.0,1.0,0.0,5063.0,5847.0,130.0,8576.0,7072.0,154.0,-3513.0,-1225.0,-24.0,0.0,0.0,2.0,5.0,4.0,0.0,7168.0,8516.0,185.0,12048.0,9806.0,208.0,-4880.0,-1290.0,-23.0,0.0,0.0,3.0,8.0,7.0,0.0,9797.0,11402.0,219.0,15035.0,12519.0,239.0,-5238.0,-1117.0,-20.0,1.0,2.0,5.0,10.0,11.0,2.0
LOLTMNT01_418522,complete,,MSI,2026,,0,2026-07-05 08:24:19,3,16.13,10,Red,sup,Labrov,oe:player:bb6ac5763c6576e104a7a2f59eb4ddf,G2 Esports,oe:team:7d6673d3a9d00363c6bebc1a630da6e,0.0,Karma,Orianna,Jayce,Nocturne,Akali,Viktor,,,,,,1507,0,0,6,4,7,33,0.0,0.0,0.0,0.0,0.0,0.0,0.0,1.0,0.2787,1.5926,,,,,,,,,,,,,,,,,,,,,0.0,0.0,,,,,,,,,,0.0,0.0,7369,293.3908,0.120147,755.0365,294.3464,0.0,41,1.6324,10,0.3981,18,87,3.4638,5868,2518,100.2522,0.0989531,5480,,,18.0,18.0,0,,,0.7167,2204.0,1880.0,5.0,2514.0,2741.0,12.0,-310.0,-861.0,-7.0,0.0,0.0,1.0,0.0,2.0,0.0,3569.0,3056.0,7.0,4568.0,4617.0,13.0,-999.0,-1561.0,-6.0,0.0,2.0,3.0,1.0,8.0,1.0,4600.0,5026.0,12.0,6409.0,6926.0,18.0,-1809.0,-1900.0,-6.0,0.0,2.0,4.0,1.0,14.0,1.0,5849.0,7136.0,18.0,9114.0,10429.0,27.0,-3265.0,-3293.0,-9.0,0.0,4.0,6.0,2.0,24.0,1.0
LOLTMNT01_418522,complete,,MSI,2026,,0,2026-07-05 08:24:19,3,16.13,100,Blue,team,,,Hanwha Life Esports,oe:team:3a1d18f46bcb3716ebcfcf4ef068934,1.0,,Poppy,Varus,Rakan,Annie,Ahri,Bard,Caitlyn,Naafiri,Rumble,LeBlanc,1507,1,33,7,60,33,7,2.0,1.0,0.0,0.0,1.0,,,,1.3139,1.5926,0.0,1.0,1.0,1.0,1.0,0.0,1.0,0.0,0.0,0.0,0.0,,0.0,0.0,1.0,1.0,0.0,0.0,3.0,1.0,1.0,0.0,0.0,0.0,1.0,10.0,0.0,1.0,1.0,41.0,2.0,2.0,0.0,103858,4135.0232,,3468.1752,2650.3915,36734.0,89,3.5435,34,1.3537,40,220,8.7591,58419,41670,1659.0577,,53365,0.301183,4.77,,675.0,172,,,33.7226,17684.0,20792.0,346.0,15279.0,18282.0,320.0,2405.0,2510.0,26.0,4.0,5.0,0.0,0.0,0.0,4.0,31518.0,35749.0,548.0,24082.0,27741.0,457.0,7436.0,8008.0,91.0,14.0,19.0,3.0,3.0,5.0,14.0,43851.0,50483.0,733.0,31958.0,39135.0,607.0,11893.0,11348.0,126.0,21.0,32.0,4.0,4.0,7.0,21.0,58257.0,67930.0,845.0,42124.0,52419.0,728.0,16133.0,15511.0,117.0,33.0,60.0,7.0,7.0,14.0,33.0
LOLTMNT01_418522,complete,,MSI,2026,,0,2026-07-05 08:24:19,3,16.13,200,Red,team,,,G2 Esports,oe:team:7d6673d3a9d00363c6bebc1a630da6e,0.0,,Orianna,Jayce,Nocturne,Akali,Viktor,Ezreal,Karma,Wukong,Cassiopeia,Twisted Fate,1507,0,7,33,14,7,33,0.0,0.0,0.0,0.0,0.0,,,,0.2787,1.5926,1.0,1.0,1.0,1.0,1.0,0.0,0.0,0.0,0.0,0.0,1.0,,0.0,0.0,0.0,0.0,1.0,3.0,0.0,0.0,0.0,1.0,0.0,0.0,0.0,0.0,10.0,0.0,0.0,2.0,41.0,0.0,2.0,61333,2441.9244,,4648.1885,2421.1015,1998.0,73,2.9064,29,1.1546,30,191,7.6045,42197,25448,1013.1918,,39396,-0.301183,-4.77,,603.0,125,,,28.9847,15279.0,18282.0,320.0,17684.0,20792.0,346.0,-2405.0,-2510.0,-26.0,0.0,0.0,4.0,4.0,5.0,0.0,24082.0,27741.0,457.0,31518.0,35749.0,548.0,-7436.0,-8008.0,-91.0,3.0,5.0,14.0,14.0,19.0,3.0,31958.0,39135.0,607.0,43851.0,50483.0,733.0,-11893.0,-11348.0,-126.0,4.0,7.0,21.0,21.0,32.0,4.0,42124.0,52419.0,728.0,58257.0,67930.0,845.0,-16133.0,-15511.0,-117.0,7.0,14.0,33.0,33.0,60.0,7.0
LOLTMNT01_417741,complete,,MSI,2026,,0,2026-07-06 03:13:20,1,16.13,1,Blue,top,Bin,oe:player:fb66ef5885b4be9323905b821dc3a42,Bilibili Gaming,oe:team:d356a144644879dabb5f34cd99c886d,1.0,Jayce,Nocturne,Vi,Orianna,Syndra,Annie,,,,,,1923,1,2,2,5,12,11,1.0,0.0,0.0,0.0,0.0,0.0,0.0,1.0,0.3744,0.7176,,,,,,,,,,,,,,,,,,,,,0.0,0.0,,,,,,,,,,0.0,0.0,18668,582.4649,0.324339,332.8861,331.2324,14227.0,17,0.5304,8,0.2496,3,53,1.6537,13048,8849,276.0998,0.204601,11675,,,309.0,293.0,16,,,9.6412,3405.0,4547.0,86.0,3440.0,4632.0,84.0,-35.0,-85.0,2.0,0.0,2.0,1.0,0.0,2.0,2.0,5048.0,8014.0,139.0,5431.0,8088.0,127.0,-383.0,-74.0,12.0,0.0,2.0,2.0,0.0,3.0,2.0,7932.0,12274.0,217.0,7810.0,11306.0,179.0,122.0,968.0,38.0,0.0,2.0,2.0,1.0,4.0,2.0,9821.0,15645.0,261.0,9334.0,13894.0,223.0,487.0,1751.0,38.0,0.0,3.0,2.0,1.0,4.0,3.0
LOLTMNT01_417741,complete,,MSI,2026,,0,2026-07-06 03:13:20,1,16.13,2,Blue,jng,Xun,oe:player:fbdc4428b2d095c83aebeed5da4e4b2,Bilibili Gaming,oe:team:d356a144644879dabb5f34cd99c886d,1.0,Jarvan IV,Nocturne,Vi,Orianna,Syndra,Annie,,,,,,1923,1,1,1,8,12,11,0.0,0.0,0.0,0.0,0.0,0.0,0.0,0.0,0.3744,0.7176,,,,,,,,,,,,,,,,,,,,,1.0,0.0,,,,,,,,,,0.0,0.0,6709,209.3292,0.116563,544.8362,824.4306,1640.0,8,0.2496,19,0.5928,7,64,1.9969,12339,8140,253.9782,0.188209,11150,,,242.0,31.0,211,,,7.5507,3731.0,4162.0,76.0,3699.0,3768.0,73.0,32.0,394.0,3.0,1.0,0.0,1.0,1.0,0.0,0.0,5692.0,7239.0,132.0,5437.0,6225.0,104.0,255.0,1014.0,28.0,1.0,0.0,1.0,1.0,2.0,0.0,7584.0,9498.0,169.0,7216.0,9645.0,153.0,368.0,-147.0,16.0,1.0,2.0,1.0,1.0,2.0,0.0,9523.0,12237.0,203.0,8913.0,12615.0,194.0,610.0,-378.0,9.0,1.0,3.0,1.0,1.0,2.0,0.0
LOLTMNT01_417741,complete,,MSI,2026,,0,2026-07-06 03:13:20,1,16.13,3,Blue,mid,Knight,oe:player:ed29043422e3c515e1cb292464b990b,Bilibili Gaming,oe:team:d356a144644879dabb5f34cd99c886d,1.0,Ryze,Nocturne,Vi,Orianna,Syndra,Annie,,,,,,1923,1,3,1,4,12,11,0.0,0.0,0.0,0.0,0.0,0.0,0.0,0.0,0.3744,0.7176,,,,,,,,,,,,,,,,,,,,,0.0,0.0,,,,,,,,,,1.0,0.0,12204,380.78,0.212033,322.6521,154.3526,10628.0,14,0.4368,11,0.3432,2,47,1.4665,13610,9411,293.6349,0.217594,11650,,,333.0,325.0,8,,,10.39,4015.0,5329.0,108.0,3591.0,4693.0,97.0,424.0,636.0,11.0,1.0,0.0,0.0,0.0,0.0,0.0,6006.0,8111.0,171.0,5802.0,7859.0,156.0,204.0,252.0,15.0,1.0,0.0,1.0,1.0,0.0,0.0,7704.0,10171.0,215.0,7824.0,10635.0,215.0,-120.0,-464.0,0.0,1.0,0.0,1.0,2.0,0.0,0.0,10316.0,15600.0,277.0,9958.0,13041.0,264.0,358.0,2559.0,13.0,2.0,0.0,1.0,2.0,0.0,0.0
LOLTMNT01_417741,complete,,MSI,2026,,0,2026-07-06 03:13:20,1,16.13,4,Blue,bot,Viper,oe:player:9573154ad8bc9459b4c0d940315054f,Bilibili Gaming,oe:team:d356a144644879dabb5f34cd99c886d,1.0,Mel,Nocturne,Vi,Orianna,Syndra,Annie,,,,,,1923,1,5,2,3,12,11,1.0,0.0,0.0,0.0,0.0,0.0,0.0,0.0,0.3744,0.7176,,,,,,,,,,,,,,,,,,,,,0.0,0.0,,,,,,,,,,0.0,0.0,12657,394.9142,0.219904,286.9267,168.83,7339.0,17,0.5304,3,0.0936,6,34,1.0608,16035,11836,369.298,0.273661,13600,,,336.0,330.0,6,,,10.4836,3910.0,4145.0,90.0,4762.0,3978.0,86.0,-852.0,167.0,4.0,2.0,0.0,1.0,3.0,0.0,1.0,6651.0,7017.0,152.0,7918.0,6479.0,144.0,-1267.0,538.0,8.0,2.0,0.0,1.0,4.0,0.0,1.0,9473.0,10284.0,211.0,9958.0,8726.0,193.0,-485.0,1558.0,18.0,3.0,1.0,1.0,4.0,0.0,2.0,11933.0,13809.0,282.0,12123.0,11897.0,263.0,-190.0,1912.0,19.0,3.0,1.0,1.0,4.0,0.0,2.0
LOLTMNT01_417741,complete,,MSI,2026,,0,2026-07-06 03:13:20,1,16.13,5,Blue,sup,ON,oe:player:90651ebea9a35ec4e018c8157492e17,Bilibili Gaming,oe:team:d356a144644879dabb5f34cd99c886d,1.0,Camille,Nocturne,Vi,Orianna,Syndra,Annie,,,,,,1923,1,1,5,9,12,11,0.0,0.0,0.0,0.0,0.0,0.0,0.0,0.0,0.3744,0.7176,,,,,,,,,,,,,,,,,,,,,0.0,0.0,,,,,,,,,,0.0,0.0,7319,228.3619,0.127161,513.3229,367.5819,2320.0,74,2.3089,29,0.9048,29,164,5.117,9213,5014,156.4431,0.115935,7525,,,40.0,40.0,0,,,1.248,2774.0,1838.0,11.0,2890.0,2407.0,12.0,-116.0,-569.0,-1.0,0.0,4.0,2.0,1.0,3.0,1.0,3951.0,3020.0,20.0,4342.0,3533.0,22.0,-391.0,-513.0,-2.0,0.0,4.0,2.0,1.0,5.0,1.0,5669.0,3746.0,27.0,5567.0,4182.0,31.0,102.0,-436.0,-4.0,1.0,5.0,4.0,1.0,6.0,2.0,6961.0,5993.0,31.0,6755.0,5342.0,40.0,206.0,651.0,-9.0,1.0,5.0,4.0,1.0,6.0,2.0
LOLTMNT01_417741,complete,,MSI,2026,,0,2026-07-06 03:13:20,1,16.13,6,Red,top,Dhokla,oe:player:5385f74da3e5deb5b66d9a1ee56cf97,LYON,oe:team:da1143bf9a245b78a8dc86417de85b3,0.0,K'Sante,Poppy,Ziggs,Cassiopeia,Ezreal,Skarner,,,,,,1923,0,2,4,4,11,12,0.0,0.0,0.0,0.0,1.0,0.0,1.0,0.0,0.3432,0.7176,,,,,,,,,,,,,,,,,,,,,0.0,0.0,,,,,,,,,,0.0,0.0,8003,249.7036,0.192709,825.2418,1040.2808,6830.0,12,0.3744,6,0.1872,5,32,0.9984,11140,6941,216.5679,0.183194,11325,,,258.0,258.0,0,,,8.0499,3440.0,4632.0,84.0,3405.0,4547.0,86.0,35.0,85.0,-2.0,0.0,2.0,2.0,0.0,2.0,1.0,5431.0,8088.0,127.0,5048.0,8014.0,139.0,383.0,74.0,-12.0,0.0,3.0,2.0,0.0,2.0,2.0,7810.0,11306.0,179.0,7932.0,12274.0,217.0,-122.0,-968.0,-38.0,1.0,4.0,2.0,0.0,2.0,2.0,9334.0,13894.0,223.0,9821.0,15645.0,261.0,-487.0,-1751.0,-38.0,1.0,4.0,3.0,0.0,3.0,2.0
LOLTMNT01_417741,complete,,MSI,2026,,0,2026-07-06 03:13:20,1,16.13,7,Red,jng,Inspired,oe:player:a8307167f3a1c933295bb9e3d43700e,LYON,oe:team:da1143bf9a245b78a8dc86417de85b3,0.0,Lee Sin,Poppy,Ziggs,Cassiopeia,Ezreal,Skarner,,,,,,1923,0,1,1,2,11,12,0.0,0.0,0.0,0.0,1.0,1.0,0.0,0.0,0.3432,0.7176,,,,,,,,,,,,,,,,,,,,,0.0,1.0,,,,,,,,,,0.0,0.0,5144,160.4992,0.123865,628.9548,627.4883,108.0,20,0.624,8,0.2496,10,59,1.8409,10904,6705,209.2044,0.176966,10450,,,240.0,35.0,205,,,7.4883,3699.0,3768.0,73.0,3731.0,4162.0,76.0,-32.0,-394.0,-3.0,1.0,0.0,0.0,1.0,0.0,1.0,5437.0,6225.0,104.0,5692.0,7239.0,132.0,-255.0,-1014.0,-28.0,1.0,2.0,0.0,1.0,0.0,1.0,7216.0,9645.0,153.0,7584.0,9498.0,169.0,-368.0,147.0,-16.0,1.0,2.0,0.0,1.0,2.0,1.0,8913.0,12615.0,194.0,9523.0,12237.0,203.0,-610.0,378.0,-9.0,1.0,2.0,0.0,1.0,3.0,1.0
LOLTMNT01_417741,complete,,MSI,2026,,0,2026-07-06 03:13:20,1,16.13,8,Red,mid,Saint,oe:player:f45792335d83b10581da2f0cbdd6e8e,LYON,oe:team:da1143bf9a245b78a8dc86417de85b3,0.0,Taliyah,Poppy,Ziggs,Cassiopeia,Ezreal,Skarner,,,,,,1923,0,2,1,1,11,12,0.0,0.0,0.0,0.0,0.0,0.0,0.0,0.0,0.3432,0.7176,,,,,,,,,,,,,,,,,,,,,0.0,0.0,,,,,,,,,,0.0,1.0,12388,386.5211,0.298298,308.4243,139.0952,2972.0,23,0.7176,8,0.2496,13,54,1.6849,12260,8061,251.5133,0.212752,12250,,,315.0,293.0,22,,,9.8284,3591.0,4693.0,97.0,4015.0,5329.0,108.0,-424.0,-636.0,-11.0,0.0,0.0,0.0,1.0,0.0,0.0,5802.0,7859.0,156.0,6006.0,8111.0,171.0,-204.0,-252.0,-15.0,1.0,0.0,0.0,1.0,0.0,1.0,7824.0,10635.0,215.0,7704.0,10171.0,215.0,120.0,464.0,0.0,2.0,0.0,0.0,1.0,0.0,1.0,9958.0,13041.0,264.0,10316.0,15600.0,277.0,-358.0,-2559.0,-13.0,2.0,0.0,0.0,2.0,0.0,1.0
LOLTMNT01_417741,complete,,MSI,2026,,0,2026-07-06 03:13:20,1,16.13,9,Red,bot,Berserker,oe:player:460ae5a7af8d68f7831b70307210ab3,LYON,oe:team:da1143bf9a245b78a8dc86417de85b3,0.0,Tristana,Poppy,Ziggs,Cassiopeia,Ezreal,Skarner,,,,,,1923,0,5,3,1,11,12,1.0,0.0,0.0,0.0,0.0,0.0,0.0,0.0,0.3432,0.7176,,,,,,,,,,,,,,,,,,,,,0.0,0.0,,,,,,,,,,0.0,0.0,12905,402.6521,0.310747,369.8596,228.0187,9933.0,15,0.468,14,0.4368,4,42,1.3105,16277,12078,376.8487,0.318766,15650,,,338.0,326.0,12,,,10.546,4762.0,3978.0,86.0,3910.0,4145.0,90.0,852.0,-167.0,-4.0,3.0,0.0,1.0,2.0,0.0,1.0,7918.0,6479.0,144.0,6651.0,7017.0,152.0,1267.0,-538.0,-8.0,4.0,0.0,1.0,2.0,0.0,1.0,9958.0,8726.0,193.0,9473.0,10284.0,211.0,485.0,-1558.0,-18.0,4.0,0.0,2.0,3.0,1.0,1.0,12123.0,11897.0,263.0,11933.0,13809.0,282.0,190.0,-1912.0,-19.0,4.0,0.0,2.0,3.0,1.0,1.0
LOLTMNT01_417741,complete,,MSI,2026,,0,2026-07-06 03:13:20,1,16.13,10,Red,sup,Isles,oe:player:40704dfd2d966862568d29770de57bd,LYON,oe:team:da1143bf9a245b78a8dc86417de85b3,0.0,Shen,Poppy,Ziggs,Cassiopeia,Ezreal,Skarner,,,,,,1923,0,1,3,7,11,12,0.0,0.0,0.0,0.0,0.0,0.0,0.0,0.0,0.3432,0.7176,,,,,,,,,,,,,,,,,,,,,0.0,0.0,,,,,,,,,,0.0,0.0,3089,96.3807,0.0743818,332.1997,393.9782,0.0,78,2.4337,29,0.9048,41,189,5.897,8303,4104,128.0499,0.108322,8180,,,43.0,43.0,0,,,1.3417,2890.0,2407.0,12.0,2774.0,1838.0,11.0,116.0,569.0,1.0,1.0,3.0,1.0,0.0,4.0,2.0,4342.0,3533.0,22.0,3951.0,3020.0,20.0,391.0,513.0,2.0,1.0,5.0,1.0,0.0,4.0,2.0,5567.0,4182.0,31.0,5669.0,3746.0,27.0,-102.0,436.0,4.0,1.0,6.0,2.0,1.0,5.0,4.0,6755.0,5342.0,40.0,6961.0,5993.0,31.0,-206.0,-651.0,9.0,1.0,6.0,2.0,1.0,5.0,4.0
LOLTMNT01_417741,complete,,MSI,2026,,0,2026-07-06 03:13:20,1,16.13,100,Blue,team,,,Bilibili Gaming,oe:team:d356a144644879dabb5f34cd99c886d,1.0,,Nocturne,Vi,Orianna,Syndra,Annie,Jayce,Ryze,Camille,Mel,Jarvan IV,1923,1,12,11,29,12,11,2.0,0.0,0.0,0.0,0.0,,,,0.3744,0.7176,1.0,1.0,3.0,1.0,3.0,0.0,0.0,1.0,0.0,0.0,0.0,,0.0,0.0,1.0,1.0,0.0,0.0,3.0,1.0,1.0,0.0,0.0,0.0,0.0,7.0,2.0,1.0,1.0,29.0,18.0,1.0,0.0,57557,1795.8502,,2000.624,1846.4275,36154.0,130,4.0562,70,2.1841,47,362,11.2949,64245,43252,1349.5164,,55600,-0.0397514,-0.14,,1019.0,241,,,39.3136,17835.0,20021.0,371.0,18382.0,19478.0,352.0,-547.0,543.0,19.0,4.0,6.0,5.0,5.0,5.0,4.0,27348.0,33401.0,614.0,28930.0,32184.0,553.0,-1582.0,1217.0,61.0,4.0,6.0,7.0,7.0,10.0,4.0,38362.0,45973.0,839.0,38375.0,44494.0,771.0,-13.0,1479.0,68.0,6.0,10.0,9.0,9.0,12.0,6.0,48554.0,63284.0,1054.0,47083.0,56789.0,984.0,1471.0,6495.0,70.0,7.0,12.0,9.0,9.0,12.0,7.0
LOLTMNT01_417741,complete,,MSI,2026,,0,2026-07-06 03:13:20,1,16.13,200,Red,team,,,LYON,oe:team:da1143bf9a245b78a8dc86417de85b3,0.0,,Poppy,Ziggs,Cassiopeia,Ezreal,Skarner,Lee Sin,K'Sante,Shen,Taliyah,Tristana,1923,0,11,12,15,11,12,1.0,0.0,0.0,0.0,1.0,,,,0.3432,0.7176,0.0,3.0,1.0,3.0,1.0,2.0,0.0,0.0,0.0,0.0,1.0,,0.0,0.0,0.0,0.0,1.0,3.0,0.0,0.0,0.0,1.0,0.0,0.0,1.0,2.0,7.0,0.0,0.0,18.0,29.0,0.0,1.0,41529,1295.7566,,2464.6802,2428.8612,19843.0,148,4.6178,65,2.0281,73,376,11.7317,58884,37891,1182.2465,,57855,0.0397514,0.14,,955.0,239,,,37.2543,18382.0,19478.0,352.0,17835.0,20021.0,371.0,547.0,-543.0,-19.0,5.0,5.0,4.0,4.0,6.0,5.0,28930.0,32184.0,553.0,27348.0,33401.0,614.0,1582.0,-1217.0,-61.0,7.0,10.0,4.0,4.0,6.0,7.0,38375.0,44494.0,771.0,38362.0,45973.0,839.0,13.0,-1479.0,-68.0,9.0,12.0,6.0,6.0,10.0,9.0,47083.0,56789.0,984.0,48554.0,63284.0,1054.0,-1471.0,-6495.0,-70.0,9.0,12.0,7.0,7.0,12.0,9.0
LOLTMNT01_418698,complete,,MSI,2026,,0,2026-07-06 04:05:35,2,16.13,1,Blue,top,Bin,oe:player:fb66ef5885b4be9323905b821dc3a42,Bilibili Gaming,oe:team:d356a144644879dabb5f34cd99c886d,1.0,Gnar,Varus,Vi,Akali,Nautilus,Lucian,,,,,,1711,1,3,1,6,31,18,0.0,0.0,0.0,0.0,0.0,0.0,0.0,0.0,1.0871,1.7183,,,,,,,,,,,,,,,,,,,,,0.0,0.0,,,,,,,,,,0.0,0.0,21620,758.1531,0.226596,766.3238,783.2262,8236.0,15,0.526,6,0.2104,4,42,1.4728,11818,8052,282.3612,0.168072,11483,,,252.0,242.0,10,,,8.8369,3779.0,4887.0,91.0,3276.0,5007.0,87.0,503.0,-120.0,4.0,1.0,0.0,0.0,0.0,0.0,1.0,5872.0,8828.0,147.0,5213.0,8446.0,122.0,659.0,382.0,25.0,2.0,1.0,0.0,1.0,3.0,1.0,7650.0,11191.0,194.0,7575.0,12224.0,168.0,75.0,-1033.0,26.0,2.0,1.0,1.0,2.0,5.0,1.0,9642.0,15530.0,221.0,9182.0,14270.0,188.0,460.0,1260.0,33.0,3.0,6.0,1.0,3.0,6.0,4.0
LOLTMNT01_418698,complete,,MSI,2026,,0,2026-07-06 04:05:35,2,16.13,2,Blue,jng,Xun,oe:player:fbdc4428b2d095c83aebeed5da4e4b2,Bilibili Gaming,oe:team:d356a144644879dabb5f34cd99c886d,1.0,Naafiri,Varus,Vi,Akali,Nautilus,Lucian,,,,,,1711,1,9,5,12,31,18,1.0,1.0,0.0,0.0,1.0,0.0,1.0,0.0,1.0871,1.7183,,,,,,,,,,,,,,,,,,,,,1.0,0.0,,,,,,,,,,0.0,0.0,21928,768.9538,0.229824,1074.0736,779.9649,0.0,12,0.4208,5,0.1753,9,41,1.4378,13832,10066,352.9866,0.210111,12000,,,205.0,18.0,187,,,7.1888,3664.0,4226.0,77.0,3452.0,4031.0,81.0,212.0,195.0,-4.0,0.0,3.0,0.0,0.0,0.0,0.0,5637.0,6697.0,120.0,5233.0,6236.0,116.0,404.0,461.0,4.0,1.0,3.0,1.0,0.0,4.0,1.0,8593.0,9723.0,158.0,7867.0,9370.0,153.0,726.0,353.0,5.0,4.0,5.0,2.0,1.0,7.0,2.0,11281.0,13156.0,186.0,9338.0,11011.0,168.0,1943.0,2145.0,18.0,6.0,11.0,4.0,2.0,10.0,5.0
LOLTMNT01_418698,complete,,MSI,2026,,0,2026-07-06 04:05:35,2,16.13,3,Blue,mid,Knight,oe:player:ed29043422e3c515e1cb292464b990b,Bilibili Gaming,oe:team:d356a144644879dabb5f34cd99c886d,1.0,Orianna,Varus,Vi,Akali,Nautilus,Lucian,,,,,,1711,1,11,2,15,31,18,3.0,0.0,0.0,0.0,1.0,0.0,1.0,0.0,1.0871,1.7183,,,,,,,,,,,,,,,,,,,,,0.0,0.0,,,,,,,,,,0.0,0.0,24296,851.993,0.254643,668.6265,471.8293,6918.0,11,0.3857,11,0.3857,2,43,1.5079,15410,11644,408.3226,0.243049,13250,,,279.0,266.0,13,,,9.7838,4254.0,5110.0,102.0,3341.0,4554.0,92.0,913.0,556.0,10.0,2.0,1.0,0.0,0.0,0.0,2.0,6417.0,7280.0,142.0,5929.0,7050.0,135.0,488.0,230.0,7.0,4.0,1.0,1.0,1.0,2.0,4.0,8863.0,11219.0,210.0,9228.0,9920.0,183.0,-365.0,1299.0,27.0,4.0,5.0,2.0,5.0,3.0,5.0,12707.0,14852.0,244.0,11983.0,11430.0,207.0,724.0,3422.0,37.0,9.0,12.0,2.0,8.0,5.0,8.0
LOLTMNT01_418698,complete,,MSI,2026,,0,2026-07-06 04:05:35,2,16.13,4,Blue,bot,Viper,oe:player:9573154ad8bc9459b4c0d940315054f,Bilibili Gaming,oe:team:d356a144644879dabb5f34cd99c886d,1.0,Ashe,Varus,Vi,Akali,Nautilus,Lucian,,,,,,1711,1,5,4,15,31,18,0.0,0.0,0.0,0.0,0.0,0.0,0.0,0.0,1.0871,1.7183,,,,,,,,,,,,,,,,,,,,,0.0,0.0,,,,,,,,,,1.0,0.0,19683,690.2279,0.206295,588.3928,330.7539,15412.0,19,0.6663,10,0.3507,9,56,1.9638,15081,11315,396.7855,0.236182,12700,,,237.0,234.0,3,,,8.3109,3408.0,3931.0,87.0,4149.0,4419.0,109.0,-741.0,-488.0,-22.0,0.0,1.0,0.0,1.0,0.0,0.0,5922.0,6371.0,143.0,6755.0,7264.0,162.0,-833.0,-893.0,-19.0,0.0,3.0,1.0,1.0,4.0,0.0,9054.0,8769.0,183.0,8657.0,9452.0,196.0,397.0,-683.0,-13.0,2.0,5.0,2.0,1.0,5.0,2.0,11971.0,12011.0,203.0,10824.0,11704.0,222.0,1147.0,307.0,-19.0,4.0,13.0,4.0,1.0,10.0,4.0
LOLTMNT01_418698,complete,,MSI,2026,,0,2026-07-06 04:05:35,2,16.13,5,Blue,sup,ON,oe:player:90651ebea9a35ec4e018c8157492e17,Bilibili Gaming,oe:team:d356a144644879dabb5f34cd99c886d,1.0,Seraphine,Varus,Vi,Akali,Nautilus,Lucian,,,,,,1711,1,3,6,24,31,18,0.0,0.0,0.0,0.0,1.0,1.0,0.0,0.0,1.0871,1.7183,,,,,,,,,,,,,,,,,,,,,0.0,0.0,,,,,,,,,,1.0,0.0,7885,276.505,0.0826416,698.0479,387.2823,3674.0,58,2.0339,11,0.3857,27,109,3.8223,10597,6831,239.5441,0.142586,7690,,,26.0,26.0,0,,,0.9117,2841.0,2161.0,13.0,2327.0,2142.0,15.0,514.0,19.0,-2.0,1.0,2.0,1.0,0.0,1.0,1.0,4388.0,3995.0,19.0,4104.0,3287.0,18.0,284.0,708.0,1.0,1.0,6.0,2.0,2.0,2.0,2.0,5698.0,5266.0,21.0,5812.0,5324.0,21.0,-114.0,-58.0,0.0,1.0,9.0,4.0,2.0,6.0,3.0,8286.0,9428.0,23.0,7500.0,6866.0,26.0,786.0,2562.0,-3.0,3.0,19.0,6.0,3.0,8.0,4.0
LOLTMNT01_418698,complete,,MSI,2026,,0,2026-07-06 04:05:35,2,16.13,6,Red,top,Dhokla,oe:player:5385f74da3e5deb5b66d9a1ee56cf97,LYON,oe:team:da1143bf9a245b78a8dc86417de85b3,0.0,Ambessa,Bard,Ezreal,Nocturne,Renekton,Vayne,,,,,,1711,0,3,5,7,18,31,0.0,0.0,0.0,0.0,0.0,0.0,0.0,0.0,0.6312,1.7183,,,,,,,,,,,,,,,,,,,,,0.0,0.0,,,,,,,,,,0.0,0.0,16461,577.2414,0.190978,762.6768,957.5804,0.0,10,0.3507,2,0.0701,2,26,0.9117,10409,6643,232.9515,0.181811,10275,,,205.0,205.0,0,,,7.1888,3276.0,5007.0,87.0,3779.0,4887.0,91.0,-503.0,120.0,-4.0,0.0,0.0,1.0,1.0,0.0,0.0,5213.0,8446.0,122.0,5872.0,8828.0,147.0,-659.0,-382.0,-25.0,1.0,3.0,1.0,2.0,1.0,0.0,7575.0,12224.0,168.0,7650.0,11191.0,194.0,-75.0,1033.0,-26.0,2.0,5.0,1.0,2.0,1.0,1.0,9182.0,14270.0,188.0,9642.0,15530.0,221.0,-460.0,-1260.0,-33.0,3.0,6.0,4.0,3.0,6.0,1.0
LOLTMNT01_418698,complete,,MSI,2026,,0,2026-07-06 04:05:35,2,16.13,7,Red,jng,Inspired,oe:player:a8307167f3a1c933295bb9e3d43700e,LYON,oe:team:da1143bf9a245b78a8dc86417de85b3,0.0,Skarner,Bard,Ezreal,Nocturne,Renekton,Vayne,,,,,,1711,0,2,6,10,18,31,0.0,0.0,0.0,0.0,0.0,0.0,0.0,0.0,0.6312,1.7183,,,,,,,,,,,,,,,,,,,,,0.0,1.0,,,,,,,,,,0.0,0.0,11141,390.6838,0.129256,1234.3659,1843.9392,4516.0,7,0.2455,7,0.2455,5,29,1.0169,10233,6467,226.7797,0.176994,9225,,,178.0,17.0,161,,,6.242,3452.0,4031.0,81.0,3664.0,4226.0,77.0,-212.0,-195.0,4.0,0.0,0.0,0.0,0.0,3.0,0.0,5233.0,6236.0,116.0,5637.0,6697.0,120.0,-404.0,-461.0,-4.0,0.0,4.0,1.0,1.0,3.0,1.0,7867.0,9370.0,153.0,8593.0,9723.0,158.0,-726.0,-353.0,-5.0,1.0,7.0,2.0,4.0,5.0,2.0,9338.0,11011.0,168.0,11281.0,13156.0,186.0,-1943.0,-2145.0,-18.0,2.0,10.0,5.0,6.0,11.0,4.0
LOLTMNT01_418698,complete,,MSI,2026,,0,2026-07-06 04:05:35,2,16.13,8,Red,mid,Saint,oe:player:f45792335d83b10581da2f0cbdd6e8e,LYON,oe:team:da1143bf9a245b78a8dc86417de85b3,0.0,Viktor,Bard,Ezreal,Nocturne,Renekton,Vayne,,,,,,1711,0,8,9,5,18,31,2.0,0.0,0.0,0.0,0.0,0.0,0.0,1.0,0.6312,1.7183,,,,,,,,,,,,,,,,,,,,,0.0,0.0,,,,,,,,,,0.0,0.0,28503,999.5207,0.330688,770.9176,579.8714,6098.0,11,0.3857,13,0.4559,2,40,1.4027,13894,10128,355.1607,0.277191,14850,,,231.0,227.0,4,,,8.1005,3341.0,4554.0,92.0,4254.0,5110.0,102.0,-913.0,-556.0,-10.0,0.0,0.0,2.0,2.0,1.0,0.0,5929.0,7050.0,135.0,6417.0,7280.0,142.0,-488.0,-230.0,-7.0,1.0,2.0,4.0,4.0,1.0,1.0,9228.0,9920.0,183.0,8863.0,11219.0,210.0,365.0,-1299.0,-27.0,5.0,3.0,5.0,4.0,5.0,2.0,11983.0,11430.0,207.0,12707.0,14852.0,244.0,-724.0,-3422.0,-37.0,8.0,5.0,8.0,9.0,12.0,2.0
LOLTMNT01_418698,complete,,MSI,2026,,0,2026-07-06 04:05:35,2,16.13,9,Red,bot,Berserker,oe:player:460ae5a7af8d68f7831b70307210ab3,LYON,oe:team:da1143bf9a245b78a8dc86417de85b3,0.0,Ziggs,Bard,Ezreal,Nocturne,Renekton,Vayne,,,,,,1711,0,2,5,10,18,31,0.0,0.0,0.0,0.0,0.0,0.0,0.0,0.0,0.6312,1.7183,,,,,,,,,,,,,,,,,,,,,0.0,0.0,,,,,,,,,,0.0,1.0,21206,743.6353,0.246029,517.9077,208.0187,10198.0,15,0.526,4,0.1403,5,25,0.8767,12405,8639,302.9456,0.236439,12425,,,234.0,234.0,0,,,8.2057,4149.0,4419.0,109.0,3408.0,3931.0,87.0,741.0,488.0,22.0,1.0,0.0,0.0,0.0,1.0,0.0,6755.0,7264.0,162.0,5922.0,6371.0,143.0,833.0,893.0,19.0,1.0,4.0,0.0,0.0,3.0,1.0,8657.0,9452.0,196.0,9054.0,8769.0,183.0,-397.0,683.0,13.0,1.0,5.0,2.0,2.0,5.0,2.0,10824.0,11704.0,222.0,11971.0,12011.0,203.0,-1147.0,-307.0,19.0,1.0,10.0,4.0,4.0,13.0,4.0
LOLTMNT01_418698,complete,,MSI,2026,,0,2026-07-06 04:05:35,2,16.13,10,Red,sup,Isles,oe:player:40704dfd2d966862568d29770de57bd,LYON,oe:team:da1143bf9a245b78a8dc86417de85b3,0.0,Pyke,Bard,Ezreal,Nocturne,Renekton,Vayne,,,,,,1711,0,3,6,9,18,31,1.0,0.0,0.0,0.0,0.0,0.0,0.0,0.0,0.6312,1.7183,,,,,,,,,,,,,,,,,,,,,0.0,0.0,,,,,,,,,,0.0,1.0,8882,311.467,0.103048,581.204,253.9217,0.0,57,1.9988,14,0.4909,32,128,4.4886,8427,4661,163.4483,0.127565,8255,,,27.0,27.0,0,,,0.9468,2327.0,2142.0,15.0,2841.0,2161.0,13.0,-514.0,-19.0,2.0,0.0,1.0,1.0,1.0,2.0,1.0,4104.0,3287.0,18.0,4388.0,3995.0,19.0,-284.0,-708.0,-1.0,2.0,2.0,2.0,1.0,6.0,2.0,5812.0,5324.0,21.0,5698.0,5266.0,21.0,114.0,58.0,0.0,2.0,6.0,3.0,1.0,9.0,4.0,7500.0,6866.0,26.0,8286.0,9428.0,23.0,-786.0,-2562.0,3.0,3.0,8.0,4.0,3.0,19.0,6.0
LOLTMNT01_418698,complete,,MSI,2026,,0,2026-07-06 04:05:35,2,16.13,100,Blue,team,,,Bilibili Gaming,oe:team:d356a144644879dabb5f34cd99c886d,1.0,,Varus,Vi,Akali,Nautilus,Lucian,Orianna,Ashe,Seraphine,Gnar,Naafiri,1711,1,31,18,72,31,18,4.0,1.0,0.0,0.0,1.0,,,,1.0871,1.7183,1.0,3.0,0.0,3.0,0.0,0.0,1.0,0.0,0.0,1.0,1.0,,0.0,0.0,0.0,0.0,1.0,0.0,3.0,1.0,1.0,0.0,0.0,0.0,1.0,9.0,3.0,0.0,1.0,36.0,20.0,2.0,0.0,95412,3345.8328,,3795.4646,2753.0567,34240.0,115,4.0327,43,1.5079,51,291,10.2046,66738,47908,1680.0,,57123,0.037324,1.95,,786.0,213,,,35.0321,17946.0,20315.0,370.0,16545.0,20153.0,384.0,1401.0,162.0,-14.0,4.0,7.0,1.0,1.0,1.0,4.0,28236.0,33171.0,571.0,27234.0,32283.0,553.0,1002.0,888.0,18.0,8.0,14.0,5.0,5.0,15.0,8.0,39858.0,46168.0,766.0,39139.0,46290.0,721.0,719.0,-122.0,45.0,13.0,25.0,11.0,11.0,26.0,13.0,53887.0,64977.0,877.0,48827.0,55281.0,811.0,5060.0,9696.0,66.0,25.0,61.0,17.0,17.0,39.0,25.0
LOLTMNT01_418698,complete,,MSI,2026,,0,2026-07-06 04:05:35,2,16.13,200,Red,team,,,LYON,oe:team:da1143bf9a245b78a8dc86417de85b3,0.0,,Bard,Ezreal,Nocturne,Renekton,Vayne,Viktor,Skarner,Ambessa,Ziggs,Pyke,1711,0,18,31,41,18,31,3.0,0.0,0.0,0.0,0.0,,,,0.6312,1.7183,0.0,0.0,3.0,0.0,3.0,0.0,0.0,0.0,0.0,0.0,0.0,,0.0,0.0,1.0,1.0,0.0,3.0,0.0,0.0,0.0,1.0,0.0,0.0,0.0,3.0,9.0,1.0,0.0,20.0,36.0,0.0,2.0,86193,3022.5482,,3867.0719,3843.3314,20812.0,100,3.5067,40,1.4027,46,248,8.6967,55368,36538,1281.2858,,55030,-0.037324,-1.95,,710.0,165,,,30.6838,16545.0,20153.0,384.0,17946.0,20315.0,370.0,-1401.0,-162.0,14.0,1.0,1.0,4.0,4.0,7.0,1.0,27234.0,32283.0,553.0,28236.0,33171.0,571.0,-1002.0,-888.0,-18.0,5.0,15.0,8.0,8.0,14.0,5.0,39139.0,46290.0,721.0,39858.0,46168.0,766.0,-719.0,122.0,-45.0,11.0,26.0,13.0,13.0,25.0,11.0,48827.0,55281.0,811.0,53887.0,64977.0,877.0,-5060.0,-9696.0,-66.0,17.0,39.0,25.0,25.0,61.0,17.0
LOLTMNT01_418707,complete,,MSI,2026,,0,2026-07-06 04:54:27,3,16.13,1,Blue,top,Bin,oe:player:fb66ef5885b4be9323905b821dc3a42,Bilibili Gaming,oe:team:d356a144644879dabb5f34cd99c886d,0.0,Renekton,Varus,Rumble,Akali,Miss Fortune,Dr. Mundo,,,,,,2366,1,2,3,5,15,13,0.0,0.0,0.0,0.0,0.0,0.0,0.0,0.0,0.3804,0.7101,,,,,,,,,,,,,,,,,,,,,0.0,0.0,,,,,,,,,,1.0,0.0,27313,692.6374,0.253723,1111.4962,1344.0659,8791.0,13,0.3297,5,0.1268,7,51,1.2933,16955,11853,300.5833,0.217471,16285,,,392.0,388.0,4,,,9.9408,3837.0,5379.0,103.0,3055.0,4826.0,79.0,782.0,553.0,24.0,0.0,0.0,0.0,0.0,0.0,0.0,6569.0,9284.0,165.0,4788.0,7739.0,120.0,1781.0,1545.0,45.0,0.0,0.0,0.0,0.0,0.0,0.0,8034.0,11738.0,206.0,6393.0,10558.0,166.0,1641.0,1180.0,40.0,0.0,0.0,1.0,0.0,0.0,1.0,9996.0,15246.0,270.0,8040.0,13265.0,217.0,1956.0,1981.0,53.0,0.0,0.0,1.0,0.0,0.0,1.0
LOLTMNT01_418707,complete,,MSI,2026,,0,2026-07-06 04:54:27,3,16.13,2,Blue,jng,Xun,oe:player:fbdc4428b2d095c83aebeed5da4e4b2,Bilibili Gaming,oe:team:d356a144644879dabb5f34cd99c886d,0.0,Vi,Varus,Rumble,Akali,Miss Fortune,Dr. Mundo,,,,,,2366,1,3,3,9,15,13,0.0,0.0,0.0,0.0,0.0,0.0,0.0,0.0,0.3804,0.7101,,,,,,,,,,,,,,,,,,,,,1.0,1.0,,,,,,,,,,0.0,0.0,13393,339.6365,0.124414,810.6593,1214.8098,3289.0,11,0.279,13,0.3297,7,70,1.7751,15557,10455,265.131,0.191821,13750,,,287.0,16.0,271,,,7.2781,3656.0,4140.0,73.0,3513.0,4112.0,79.0,143.0,28.0,-6.0,1.0,0.0,0.0,0.0,1.0,1.0,5695.0,7271.0,120.0,5214.0,6404.0,116.0,481.0,867.0,4.0,1.0,1.0,0.0,0.0,2.0,1.0,7556.0,9848.0,153.0,7032.0,9012.0,156.0,524.0,836.0,-3.0,1.0,3.0,0.0,0.0,3.0,2.0,9251.0,12070.0,193.0,8821.0,11610.0,198.0,430.0,460.0,-5.0,1.0,3.0,1.0,0.0,4.0,2.0
LOLTMNT01_418707,complete,,MSI,2026,,0,2026-07-06 04:54:27,3,16.13,3,Blue,mid,Knight,oe:player:ed29043422e3c515e1cb292464b990b,Bilibili Gaming,oe:team:d356a144644879dabb5f34cd99c886d,0.0,Ahri,Varus,Rumble,Akali,Miss Fortune,Dr. Mundo,,,,,,2366,1,6,4,6,15,13,0.0,0.0,0.0,0.0,0.0,0.0,0.0,1.0,0.3804,0.7101,,,,,,,,,,,,,,,,,,,,,0.0,0.0,,,,,,,,,,0.0,0.0,25677,651.1496,0.238525,581.4624,309.9155,11947.0,11,0.279,16,0.4057,6,61,1.5469,16343,11241,285.0634,0.206242,14800,,,336.0,332.0,4,,,8.5207,3890.0,5183.0,103.0,3668.0,5262.0,91.0,222.0,-79.0,12.0,1.0,1.0,1.0,1.0,0.0,1.0,6088.0,7311.0,153.0,5975.0,7784.0,144.0,113.0,-473.0,9.0,2.0,1.0,2.0,2.0,0.0,2.0,8595.0,10473.0,213.0,8470.0,11428.0,214.0,125.0,-955.0,-1.0,3.0,1.0,2.0,2.0,1.0,2.0,10447.0,12709.0,262.0,10530.0,14993.0,251.0,-83.0,-2284.0,11.0,3.0,1.0,2.0,3.0,1.0,2.0
LOLTMNT01_418707,complete,,MSI,2026,,0,2026-07-06 04:54:27,3,16.13,4,Blue,bot,Viper,oe:player:9573154ad8bc9459b4c0d940315054f,Bilibili Gaming,oe:team:d356a144644879dabb5f34cd99c886d,0.0,Ezreal,Varus,Rumble,Akali,Miss Fortune,Dr. Mundo,,,,,,2366,1,4,1,6,15,13,1.0,0.0,0.0,0.0,0.0,0.0,0.0,0.0,0.3804,0.7101,,,,,,,,,,,,,,,,,,,,,0.0,0.0,,,,,,,,,,1.0,0.0,34797,882.426,0.323245,412.2147,251.8174,15268.0,28,0.7101,15,0.3804,16,69,1.7498,21085,15983,405.317,0.293247,18233,,,444.0,417.0,27,,,11.2595,3766.0,4103.0,95.0,3802.0,3799.0,95.0,-36.0,304.0,0.0,1.0,1.0,1.0,1.0,0.0,0.0,6196.0,6865.0,154.0,6448.0,6616.0,153.0,-252.0,249.0,1.0,1.0,1.0,1.0,1.0,0.0,0.0,9337.0,10382.0,228.0,9303.0,10061.0,221.0,34.0,321.0,7.0,2.0,1.0,1.0,2.0,0.0,0.0,11688.0,13641.0,299.0,11327.0,12799.0,274.0,361.0,842.0,25.0,2.0,1.0,1.0,2.0,0.0,0.0
LOLTMNT01_418707,complete,,MSI,2026,,0,2026-07-06 04:54:27,3,16.13,5,Blue,sup,ON,oe:player:90651ebea9a35ec4e018c8157492e17,Bilibili Gaming,oe:team:d356a144644879dabb5f34cd99c886d,0.0,Bard,Varus,Rumble,Akali,Miss Fortune,Dr. Mundo,,,,,,2366,1,0,2,12,15,13,0.0,0.0,0.0,0.0,0.0,0.0,0.0,0.0,0.3804,0.7101,,,,,,,,,,,,,,,,,,,,,0.0,0.0,,,,,,,,,,0.0,0.0,6469,164.049,0.0600935,479.5435,408.6137,610.0,108,2.7388,23,0.5833,39,214,5.4269,10074,4972,126.0862,0.0912203,8750,,,35.0,35.0,0,,,0.8876,2641.0,2320.0,7.0,2239.0,2145.0,17.0,402.0,175.0,-10.0,0.0,3.0,0.0,0.0,1.0,1.0,3800.0,3430.0,15.0,3418.0,3271.0,29.0,382.0,159.0,-14.0,0.0,3.0,0.0,0.0,2.0,1.0,5149.0,4889.0,19.0,4531.0,4568.0,38.0,618.0,321.0,-19.0,0.0,5.0,0.0,0.0,2.0,1.0,6196.0,5795.0,23.0,5649.0,5679.0,43.0,547.0,116.0,-20.0,0.0,5.0,0.0,0.0,3.0,1.0
LOLTMNT01_418707,complete,,MSI,2026,,0,2026-07-06 04:54:27,3,16.13,6,Red,top,Dhokla,oe:player:5385f74da3e5deb5b66d9a1ee56cf97,LYON,oe:team:da1143bf9a245b78a8dc86417de85b3,1.0,Zaahen,Vayne,Twisted Fate,Poppy,LeBlanc,Wukong,,,,,,2366,0,1,4,3,13,15,0.0,0.0,0.0,0.0,0.0,0.0,0.0,0.0,0.3297,0.7101,,,,,,,,,,,,,,,,,,,,,0.0,0.0,,,,,,,,,,0.0,1.0,17831,452.1809,0.170025,1100.0592,1239.6872,6800.0,8,0.2029,11,0.279,1,51,1.2933,13652,8550,216.8216,0.175438,13108,,,327.0,327.0,0,,,8.2925,3055.0,4826.0,79.0,3837.0,5379.0,103.0,-782.0,-553.0,-24.0,0.0,0.0,0.0,0.0,0.0,0.0,4788.0,7739.0,120.0,6569.0,9284.0,165.0,-1781.0,-1545.0,-45.0,0.0,0.0,0.0,0.0,0.0,0.0,6393.0,10558.0,166.0,8034.0,11738.0,206.0,-1641.0,-1180.0,-40.0,0.0,0.0,1.0,0.0,0.0,1.0,8040.0,13265.0,217.0,9996.0,15246.0,270.0,-1956.0,-1981.0,-53.0,0.0,0.0,1.0,0.0,0.0,1.0
LOLTMNT01_418707,complete,,MSI,2026,,0,2026-07-06 04:54:27,3,16.13,7,Red,jng,Inspired,oe:player:a8307167f3a1c933295bb9e3d43700e,LYON,oe:team:da1143bf9a245b78a8dc86417de85b3,1.0,Nocturne,Vayne,Twisted Fate,Poppy,LeBlanc,Wukong,,,,,,2366,0,1,5,8,13,15,0.0,0.0,0.0,0.0,0.0,0.0,0.0,0.0,0.3297,0.7101,,,,,,,,,,,,,,,,,,,,,1.0,1.0,,,,,,,,,,0.0,0.0,17061,432.6543,0.162682,1096.4328,848.3178,2022.0,7,0.1775,19,0.4818,5,66,1.6737,13634,8532,216.3652,0.175069,12875,,,263.0,29.0,234,,,6.6695,3513.0,4112.0,79.0,3656.0,4140.0,73.0,-143.0,-28.0,6.0,0.0,1.0,1.0,1.0,0.0,0.0,5214.0,6404.0,116.0,5695.0,7271.0,120.0,-481.0,-867.0,-4.0,0.0,2.0,1.0,1.0,1.0,0.0,7032.0,9012.0,156.0,7556.0,9848.0,153.0,-524.0,-836.0,3.0,0.0,3.0,2.0,1.0,3.0,0.0,8821.0,11610.0,198.0,9251.0,12070.0,193.0,-430.0,-460.0,5.0,0.0,4.0,2.0,1.0,3.0,1.0
LOLTMNT01_418707,complete,,MSI,2026,,0,2026-07-06 04:54:27,3,16.13,8,Red,mid,Saint,oe:player:f45792335d83b10581da2f0cbdd6e8e,LYON,oe:team:da1143bf9a245b78a8dc86417de85b3,1.0,Cassiopeia,Vayne,Twisted Fate,Poppy,LeBlanc,Wukong,,,,,,2366,0,5,3,3,13,15,0.0,0.0,0.0,0.0,1.0,1.0,0.0,0.0,0.3297,0.7101,,,,,,,,,,,,,,,,,,,,,0.0,0.0,,,,,,,,,,0.0,0.0,34154,866.12,0.32567,788.3939,628.0727,8518.0,25,0.634,13,0.3297,11,69,1.7498,16133,11031,279.738,0.226347,14650,,,336.0,319.0,17,,,8.5207,3668.0,5262.0,91.0,3890.0,5183.0,103.0,-222.0,79.0,-12.0,1.0,0.0,1.0,1.0,1.0,1.0,5975.0,7784.0,144.0,6088.0,7311.0,153.0,-113.0,473.0,-9.0,2.0,0.0,2.0,2.0,1.0,2.0,8470.0,11428.0,214.0,8595.0,10473.0,213.0,-125.0,955.0,1.0,2.0,1.0,2.0,3.0,1.0,2.0,10530.0,14993.0,251.0,10447.0,12709.0,262.0,83.0,2284.0,-11.0,3.0,1.0,2.0,3.0,1.0,2.0
LOLTMNT01_418707,complete,,MSI,2026,,0,2026-07-06 04:54:27,3,16.13,9,Red,bot,Berserker,oe:player:460ae5a7af8d68f7831b70307210ab3,LYON,oe:team:da1143bf9a245b78a8dc86417de85b3,1.0,Sivir,Vayne,Twisted Fate,Poppy,LeBlanc,Wukong,,,,,,2366,0,6,1,3,13,15,1.0,0.0,0.0,0.0,0.0,0.0,0.0,0.0,0.3297,0.7101,,,,,,,,,,,,,,,,,,,,,0.0,0.0,,,,,,,,,,0.0,1.0,31361,795.2916,0.299038,436.4582,346.2299,1686.0,15,0.3804,15,0.3804,2,44,1.1158,21517,16415,416.2722,0.336825,20800,,,462.0,462.0,0,,,11.716,3802.0,3799.0,95.0,3766.0,4103.0,95.0,36.0,-304.0,0.0,1.0,0.0,0.0,1.0,1.0,1.0,6448.0,6616.0,153.0,6196.0,6865.0,154.0,252.0,-249.0,-1.0,1.0,0.0,0.0,1.0,1.0,1.0,9303.0,10061.0,221.0,9337.0,10382.0,228.0,-34.0,-321.0,-7.0,2.0,0.0,0.0,2.0,1.0,1.0,11327.0,12799.0,274.0,11688.0,13641.0,299.0,-361.0,-842.0,-25.0,2.0,0.0,0.0,2.0,1.0,1.0
LOLTMNT01_418707,complete,,MSI,2026,,0,2026-07-06 04:54:27,3,16.13,10,Red,sup,Isles,oe:player:40704dfd2d966862568d29770de57bd,LYON,oe:team:da1143bf9a245b78a8dc86417de85b3,1.0,Nautilus,Vayne,Twisted Fate,Poppy,LeBlanc,Wukong,,,,,,2366,0,0,2,9,13,15,0.0,0.0,0.0,0.0,0.0,0.0,0.0,0.0,0.3297,0.7101,,,,,,,,,,,,,,,,,,,,,0.0,0.0,,,,,,,,,,0.0,0.0,4466,113.2544,0.0425848,357.6669,663.2967,187.0,99,2.5106,22,0.5579,37,199,5.0465,9309,4207,106.6864,0.0863212,8895,,,50.0,50.0,0,,,1.268,2239.0,2145.0,17.0,2641.0,2320.0,7.0,-402.0,-175.0,10.0,0.0,1.0,1.0,0.0,3.0,0.0,3418.0,3271.0,29.0,3800.0,3430.0,15.0,-382.0,-159.0,14.0,0.0,2.0,1.0,0.0,3.0,0.0,4531.0,4568.0,38.0,5149.0,4889.0,19.0,-618.0,-321.0,19.0,0.0,2.0,1.0,0.0,5.0,0.0,5649.0,5679.0,43.0,6196.0,5795.0,23.0,-547.0,-116.0,20.0,0.0,3.0,1.0,0.0,5.0,0.0
LOLTMNT01_418707,complete,,MSI,2026,,0,2026-07-06 04:54:27,3,16.13,100,Blue,team,,,Bilibili Gaming,oe:team:d356a144644879dabb5f34cd99c886d,0.0,,Varus,Rumble,Akali,Miss Fortune,Dr. Mundo,Ezreal,Bard,Renekton,Vi,Ahri,2366,1,15,13,38,15,13,1.0,0.0,0.0,0.0,0.0,,,,0.3804,0.7101,0.0,3.0,4.0,3.0,4.0,0.0,0.0,0.0,2.0,1.0,0.0,,0.0,0.0,1.0,1.0,0.0,3.0,0.0,1.0,1.0,1.0,0.0,0.0,1.0,10.0,3.0,1.0,1.0,40.0,16.0,2.0,0.0,107649,2729.8986,,3395.3762,3529.2223,39905.0,171,4.3364,72,1.8259,75,465,11.7921,80014,54503,1382.1555,,71818,0.0209644,1.5,,1188.0,306,,,37.8867,17790.0,21125.0,381.0,16277.0,20144.0,361.0,1513.0,981.0,20.0,3.0,5.0,2.0,2.0,2.0,3.0,28348.0,34161.0,607.0,25843.0,31814.0,562.0,2505.0,2347.0,45.0,4.0,6.0,3.0,3.0,4.0,4.0,38671.0,47330.0,819.0,35729.0,45627.0,795.0,2942.0,1703.0,24.0,6.0,10.0,4.0,4.0,6.0,6.0,47578.0,59461.0,1047.0,44367.0,58346.0,983.0,3211.0,1115.0,64.0,6.0,10.0,5.0,5.0,8.0,6.0
LOLTMNT01_418707,complete,,MSI,2026,,0,2026-07-06 04:54:27,3,16.13,200,Red,team,,,LYON,oe:team:da1143bf9a245b78a8dc86417de85b3,1.0,,Vayne,Twisted Fate,Poppy,LeBlanc,Wukong,Nocturne,Nautilus,Cassiopeia,Sivir,Zaahen,2366,0,13,15,26,13,15,1.0,0.0,0.0,0.0,1.0,,,,0.3297,0.7101,1.0,4.0,3.0,4.0,3.0,1.0,0.0,0.0,3.0,0.0,0.0,,0.0,0.0,0.0,0.0,1.0,0.0,3.0,0.0,1.0,1.0,0.0,0.0,0.0,3.0,10.0,0.0,0.0,16.0,40.0,0.0,2.0,104873,2659.5013,,3779.011,3725.6044,19213.0,154,3.9053,80,2.0287,56,429,10.8791,74245,48734,1235.858,,70328,-0.0209644,-1.5,,1187.0,251,,,36.4666,16277.0,20144.0,361.0,17790.0,21125.0,381.0,-1513.0,-981.0,-20.0,2.0,2.0,3.0,3.0,5.0,2.0,25843.0,31814.0,562.0,28348.0,34161.0,607.0,-2505.0,-2347.0,-45.0,3.0,4.0,4.0,4.0,6.0,3.0,35729.0,45627.0,795.0,38671.0,47330.0,819.0,-2942.0,-1703.0,-24.0,4.0,6.0,6.0,6.0,10.0,4.0,44367.0,58346.0,983.0,47578.0,59461.0,1047.0,-3211.0,-1115.0,-64.0,5.0,8.0,6.0,6.0,10.0,5.0
LOLTMNT01_417775,complete,,MSI,2026,,0,2026-07-06 05:59:53,1,16.13,1,Blue,top,Doran,oe:player:a1f3b2bb3f36e5113237f92d76dc4c8,T1,oe:team:ce499dea30cfce118f4fe85da0227e8,1.0,Jayce,Akali,Poppy,Vi,Rumble,Jhin,,,,,,2029,1,2,1,6,15,8,0.0,0.0,0.0,0.0,0.0,0.0,0.0,0.0,0.4436,0.6801,,,,,,,,,,,,,,,,,,,,,0.0,0.0,,,,,,,,,,1.0,0.0,32782,969.4036,0.288389,476.8063,415.7122,19057.0,22,0.6506,10,0.2957,8,66,1.9517,15068,10653,315.0222,0.23277,13600,,,335.0,307.0,28,,,9.9064,4449.0,5192.0,96.0,3329.0,4812.0,75.0,1120.0,380.0,21.0,2.0,2.0,1.0,0.0,1.0,2.0,6780.0,9053.0,158.0,4939.0,8407.0,131.0,1841.0,646.0,27.0,2.0,2.0,1.0,0.0,1.0,2.0,8802.0,12654.0,215.0,6660.0,11371.0,186.0,2142.0,1283.0,29.0,2.0,3.0,1.0,0.0,1.0,3.0,11328.0,15581.0,266.0,8123.0,13504.0,227.0,3205.0,2077.0,39.0,2.0,3.0,1.0,0.0,1.0,3.0
LOLTMNT01_417775,complete,,MSI,2026,,0,2026-07-06 05:59:53,1,16.13,2,Blue,jng,Oner,oe:player:f8b68f268106124fc4bc1c946adc9b0,T1,oe:team:ce499dea30cfce118f4fe85da0227e8,1.0,Trundle,Akali,Poppy,Vi,Rumble,Jhin,,,,,,2029,1,3,2,9,15,8,0.0,0.0,0.0,0.0,1.0,1.0,0.0,0.0,0.4436,0.6801,,,,,,,,,,,,,,,,,,,,,0.0,0.0,,,,,,,,,,0.0,0.0,17449,515.9882,0.153502,995.2193,1104.1301,5852.0,13,0.3844,31,0.9167,11,95,2.8093,13844,9429,278.827,0.206026,11208,,,237.0,35.0,202,,,7.0084,4113.0,3935.0,72.0,4285.0,3671.0,73.0,-172.0,264.0,-1.0,1.0,4.0,1.0,3.0,0.0,1.0,5622.0,5643.0,103.0,5928.0,5864.0,105.0,-306.0,-221.0,-2.0,1.0,4.0,2.0,4.0,1.0,1.0,7529.0,8212.0,143.0,7608.0,8349.0,144.0,-79.0,-137.0,-1.0,1.0,6.0,2.0,4.0,1.0,1.0,9855.0,10501.0,177.0,8875.0,9995.0,162.0,980.0,506.0,15.0,2.0,6.0,2.0,4.0,2.0,2.0
LOLTMNT01_417775,complete,,MSI,2026,,0,2026-07-06 05:59:53,1,16.13,3,Blue,mid,Faker,oe:player:e1edfc5cea461399a63cb813cf795cc,T1,oe:team:ce499dea30cfce118f4fe85da0227e8,1.0,Orianna,Akali,Poppy,Vi,Rumble,Jhin,,,,,,2029,1,2,0,7,15,8,0.0,0.0,0.0,0.0,0.0,0.0,0.0,0.0,0.4436,0.6801,,,,,,,,,,,,,,,,,,,,,0.0,0.0,,,,,,,,,,0.0,0.0,31411,928.8615,0.276328,250.7935,233.9083,10222.0,14,0.414,16,0.4731,3,55,1.6264,13323,8908,263.4204,0.194642,10775,,,296.0,289.0,7,,,8.7531,3891.0,5242.0,109.0,3332.0,4668.0,90.0,559.0,574.0,19.0,0.0,3.0,0.0,0.0,0.0,0.0,5953.0,7904.0,165.0,4751.0,6789.0,132.0,1202.0,1115.0,33.0,0.0,3.0,0.0,0.0,1.0,0.0,7746.0,10049.0,202.0,6355.0,9309.0,182.0,1391.0,740.0,20.0,0.0,4.0,0.0,0.0,1.0,0.0,9398.0,11824.0,242.0,8182.0,11876.0,236.0,1216.0,-52.0,6.0,0.0,4.0,0.0,0.0,1.0,0.0
LOLTMNT01_417775,complete,,MSI,2026,,0,2026-07-06 05:59:53,1,16.13,4,Blue,bot,Peyz,oe:player:5bbc2b92348d930ebd500cb9ce71bb7,T1,oe:team:ce499dea30cfce118f4fe85da0227e8,1.0,Syndra,Akali,Poppy,Vi,Rumble,Jhin,,,,,,2029,1,6,1,7,15,8,1.0,0.0,0.0,0.0,1.0,0.0,1.0,0.0,0.4436,0.6801,,,,,,,,,,,,,,,,,,,,,0.0,0.0,,,,,,,,,,0.0,0.0,21783,644.1498,0.191629,271.6116,134.4012,7925.0,21,0.621,8,0.2366,9,49,1.449,15762,11347,335.5446,0.247934,14225,,,351.0,347.0,4,,,10.3795,4311.0,4104.0,84.0,3768.0,4124.0,90.0,543.0,-20.0,-6.0,3.0,2.0,0.0,1.0,2.0,1.0,6551.0,6708.0,146.0,6127.0,7212.0,146.0,424.0,-504.0,0.0,3.0,2.0,0.0,2.0,2.0,1.0,9289.0,9921.0,218.0,7984.0,9755.0,201.0,1305.0,166.0,17.0,4.0,3.0,0.0,2.0,2.0,1.0,11968.0,12820.0,276.0,10465.0,11963.0,240.0,1503.0,857.0,36.0,4.0,4.0,1.0,3.0,2.0,1.0
LOLTMNT01_417775,complete,,MSI,2026,,0,2026-07-06 05:59:53,1,16.13,5,Blue,sup,Keria,oe:player:db79ce6ad35451c938fbe2995dabd37,T1,oe:team:ce499dea30cfce118f4fe85da0227e8,1.0,Camille,Akali,Poppy,Vi,Rumble,Jhin,,,,,,2029,1,2,4,11,15,8,0.0,0.0,0.0,0.0,1.0,0.0,1.0,0.0,0.4436,0.6801,,,,,,,,,,,,,,,,,,,,,0.0,0.0,,,,,,,,,,0.0,0.0,10248,303.0458,0.0901533,476.6289,396.9345,138.0,82,2.4248,21,0.621,36,153,4.5244,9844,5429,160.5421,0.118627,9575,,,37.0,37.0,0,,,1.0941,2992.0,1995.0,13.0,2600.0,1870.0,14.0,392.0,125.0,-1.0,0.0,5.0,2.0,0.0,3.0,2.0,4132.0,2835.0,22.0,3815.0,3001.0,21.0,317.0,-166.0,1.0,0.0,5.0,3.0,0.0,5.0,2.0,5667.0,3768.0,26.0,4958.0,3545.0,27.0,709.0,223.0,-1.0,1.0,6.0,3.0,0.0,5.0,3.0,6855.0,4138.0,29.0,6108.0,5000.0,31.0,747.0,-862.0,-2.0,1.0,7.0,3.0,0.0,6.0,3.0
LOLTMNT01_417775,complete,,MSI,2026,,0,2026-07-06 05:59:53,1,16.13,6,Red,top,Guigo,oe:player:d61d8a0b25028f787123bfff542d305,FURIA,oe:team:87e3e1e75839f75a10bbc66e894d806,0.0,Sion,Nocturne,Bard,Ziggs,Naafiri,Wukong,,,,,,2029,0,0,4,1,8,15,0.0,0.0,0.0,0.0,0.0,0.0,0.0,0.0,0.2366,0.6801,,,,,,,,,,,,,,,,,,,,,0.0,0.0,,,,,,,,,,0.0,1.0,10713,316.7965,0.187664,1205.796,1766.2297,651.0,15,0.4436,9,0.2661,8,48,1.4194,10394,5979,176.8063,0.185938,10050,,,275.0,275.0,0,,,8.1321,3329.0,4812.0,75.0,4449.0,5192.0,96.0,-1120.0,-380.0,-21.0,0.0,1.0,2.0,2.0,2.0,1.0,4939.0,8407.0,131.0,6780.0,9053.0,158.0,-1841.0,-646.0,-27.0,0.0,1.0,2.0,2.0,2.0,1.0,6660.0,11371.0,186.0,8802.0,12654.0,215.0,-2142.0,-1283.0,-29.0,0.0,1.0,3.0,2.0,3.0,1.0,8123.0,13504.0,227.0,11328.0,15581.0,266.0,-3205.0,-2077.0,-39.0,0.0,1.0,3.0,2.0,3.0,1.0
LOLTMNT01_417775,complete,,MSI,2026,,0,2026-07-06 05:59:53,1,16.13,7,Red,jng,Tatu,oe:player:6625d682ed10ef5e0e7c6c9e4dd2fc1,FURIA,oe:team:87e3e1e75839f75a10bbc66e894d806,0.0,Lee Sin,Nocturne,Bard,Ziggs,Naafiri,Wukong,,,,,,2029,0,4,3,3,8,15,1.0,0.0,0.0,0.0,0.0,0.0,0.0,0.0,0.2366,0.6801,,,,,,,,,,,,,,,,,,,,,0.0,0.0,,,,,,,,,,0.0,0.0,13237,391.4342,0.231878,912.1538,777.0724,0.0,27,0.7984,12,0.3549,15,64,1.8926,11043,6628,195.998,0.20612,10925,,,189.0,19.0,170,,,5.589,4285.0,3671.0,73.0,4113.0,3935.0,72.0,172.0,-264.0,1.0,3.0,0.0,1.0,1.0,4.0,1.0,5928.0,5864.0,105.0,5622.0,5643.0,103.0,306.0,221.0,2.0,4.0,1.0,1.0,1.0,4.0,2.0,7608.0,8349.0,144.0,7529.0,8212.0,143.0,79.0,137.0,1.0,4.0,1.0,1.0,1.0,6.0,2.0,8875.0,9995.0,162.0,9855.0,10501.0,177.0,-980.0,-506.0,-15.0,4.0,2.0,2.0,2.0,6.0,2.0
LOLTMNT01_417775,complete,,MSI,2026,,0,2026-07-06 05:59:53,1,16.13,8,Red,mid,Tutsz,oe:player:886e8205ac1b091dbf67dbae83b1544,FURIA,oe:team:87e3e1e75839f75a10bbc66e894d806,0.0,Ryze,Nocturne,Bard,Ziggs,Naafiri,Wukong,,,,,,2029,0,0,2,1,8,15,0.0,0.0,0.0,0.0,0.0,0.0,0.0,0.0,0.2366,0.6801,,,,,,,,,,,,,,,,,,,,,0.0,0.0,,,,,,,,,,0.0,0.0,9743,288.1124,0.170672,669.4924,426.7127,3129.0,14,0.414,15,0.4436,11,65,1.9221,11028,6613,195.5545,0.205653,10800,,,299.0,295.0,4,,,8.8418,3332.0,4668.0,90.0,3891.0,5242.0,109.0,-559.0,-574.0,-19.0,0.0,0.0,0.0,0.0,3.0,0.0,4751.0,6789.0,132.0,5953.0,7904.0,165.0,-1202.0,-1115.0,-33.0,0.0,1.0,0.0,0.0,3.0,0.0,6355.0,9309.0,182.0,7746.0,10049.0,202.0,-1391.0,-740.0,-20.0,0.0,1.0,0.0,0.0,4.0,0.0,8182.0,11876.0,236.0,9398.0,11824.0,242.0,-1216.0,52.0,-6.0,0.0,1.0,0.0,0.0,4.0,0.0
LOLTMNT01_417775,complete,,MSI,2026,,0,2026-07-06 05:59:53,1,16.13,9,Red,bot,Ayu,oe:player:d7a904873d10637ef44afa9c1de83b3,FURIA,oe:team:87e3e1e75839f75a10bbc66e894d806,0.0,Cassiopeia,Nocturne,Bard,Ziggs,Naafiri,Wukong,,,,,,2029,0,4,1,2,8,15,0.0,0.0,0.0,0.0,0.0,0.0,0.0,0.0,0.2366,0.6801,,,,,,,,,,,,,,,,,,,,,0.0,0.0,,,,,,,,,,0.0,0.0,20688,611.7693,0.362401,503.8344,202.7698,584.0,13,0.3844,8,0.2366,4,37,1.0941,13888,9473,280.1281,0.294592,13700,,,305.0,305.0,0,,,9.0192,3768.0,4124.0,90.0,4311.0,4104.0,84.0,-543.0,20.0,6.0,1.0,2.0,1.0,3.0,2.0,0.0,6127.0,7212.0,146.0,6551.0,6708.0,146.0,-424.0,504.0,0.0,2.0,2.0,1.0,3.0,2.0,0.0,7984.0,9755.0,201.0,9289.0,9921.0,218.0,-1305.0,-166.0,-17.0,2.0,2.0,1.0,4.0,3.0,0.0,10465.0,11963.0,240.0,11968.0,12820.0,276.0,-1503.0,-857.0,-36.0,3.0,2.0,1.0,4.0,4.0,1.0
LOLTMNT01_417775,complete,,MSI,2026,,0,2026-07-06 05:59:53,1,16.13,10,Red,sup,JoJo,oe:player:cb4cd2fd258d5961d2f1c4815b04123,FURIA,oe:team:87e3e1e75839f75a10bbc66e894d806,0.0,Rell,Nocturne,Bard,Ziggs,Naafiri,Wukong,,,,,,2029,0,0,5,7,8,15,0.0,0.0,0.0,0.0,0.0,0.0,0.0,1.0,0.2366,0.6801,,,,,,,,,,,,,,,,,,,,,0.0,0.0,,,,,,,,,,0.0,0.0,2705,79.9901,0.0473846,607.6589,521.0448,268.0,77,2.277,19,0.5619,36,159,4.7018,7878,3463,102.4051,0.107697,7720,,,33.0,33.0,0,,,0.9759,2600.0,1870.0,14.0,2992.0,1995.0,13.0,-392.0,-125.0,1.0,0.0,3.0,2.0,0.0,5.0,2.0,3815.0,3001.0,21.0,4132.0,2835.0,22.0,-317.0,166.0,-1.0,0.0,5.0,2.0,0.0,5.0,3.0,4958.0,3545.0,27.0,5667.0,3768.0,26.0,-709.0,-223.0,1.0,0.0,5.0,3.0,1.0,6.0,3.0,6108.0,5000.0,31.0,6855.0,4138.0,29.0,-747.0,862.0,2.0,0.0,6.0,3.0,1.0,7.0,3.0
LOLTMNT01_417775,complete,,MSI,2026,,0,2026-07-06 05:59:53,1,16.13,100,Blue,team,,,T1,oe:team:ce499dea30cfce118f4fe85da0227e8,1.0,,Akali,Poppy,Vi,Rumble,Jhin,Orianna,Jayce,Camille,Syndra,Trundle,2029,1,15,8,40,15,8,1.0,0.0,0.0,0.0,1.0,,,,0.4436,0.6801,0.0,3.0,2.0,3.0,2.0,0.0,0.0,0.0,3.0,0.0,0.0,,0.0,0.0,1.0,1.0,0.0,3.0,0.0,0.0,0.0,0.0,0.0,0.0,1.0,10.0,1.0,1.0,1.0,42.0,7.0,1.0,0.0,113673,3361.449,,2471.0596,2285.0862,43194.0,152,4.4948,86,2.5431,67,418,12.3608,67841,45767,1353.3859,,59383,0.109933,3.14,,1015.0,241,,,37.1414,19756.0,20468.0,374.0,17314.0,19145.0,342.0,2442.0,1323.0,32.0,6.0,16.0,4.0,4.0,6.0,6.0,29038.0,32143.0,594.0,25560.0,31273.0,535.0,3478.0,870.0,59.0,6.0,16.0,6.0,6.0,10.0,6.0,39033.0,44604.0,804.0,33565.0,42329.0,740.0,5468.0,2275.0,64.0,8.0,22.0,6.0,6.0,10.0,8.0,49404.0,54864.0,990.0,41753.0,52338.0,896.0,7651.0,2526.0,94.0,9.0,24.0,7.0,7.0,12.0,9.0
LOLTMNT01_417775,complete,,MSI,2026,,0,2026-07-06 05:59:53,1,16.13,200,Red,team,,,FURIA,oe:team:87e3e1e75839f75a10bbc66e894d806,0.0,,Nocturne,Bard,Ziggs,Naafiri,Wukong,Cassiopeia,Lee Sin,Rell,Sion,Ryze,2029,0,8,15,14,8,15,1.0,0.0,0.0,0.0,0.0,,,,0.2366,0.6801,1.0,2.0,3.0,2.0,3.0,0.0,0.0,1.0,0.0,1.0,0.0,,0.0,0.0,0.0,0.0,1.0,0.0,3.0,0.0,0.0,0.0,0.0,0.0,0.0,1.0,10.0,0.0,0.0,7.0,42.0,0.0,1.0,57086,1688.1025,,3898.9354,3693.8295,4632.0,146,4.3174,63,1.863,74,373,11.0301,54231,32157,950.9216,,53195,-0.109933,-3.14,,927.0,174,,,32.5579,17314.0,19145.0,342.0,19756.0,20468.0,374.0,-2442.0,-1323.0,-32.0,4.0,6.0,6.0,6.0,16.0,4.0,25560.0,31273.0,535.0,29038.0,32143.0,594.0,-3478.0,-870.0,-59.0,6.0,10.0,6.0,6.0,16.0,6.0,33565.0,42329.0,740.0,39033.0,44604.0,804.0,-5468.0,-2275.0,-64.0,6.0,10.0,8.0,8.0,22.0,6.0,41753.0,52338.0,896.0,49404.0,54864.0,990.0,-7651.0,-2526.0,-94.0,7.0,12.0,9.0,9.0,24.0,7.0
LOLTMNT01_417791,complete,,MSI,2026,,0,2026-07-06 06:52:52,2,16.13,1,Blue,top,Doran,oe:player:a1f3b2bb3f36e5113237f92d76dc4c8,T1,oe:team:ce499dea30cfce118f4fe85da0227e8,0.0,Rumble,Vi,Poppy,Naafiri,Akali,Ambessa,,,,,,1758,1,3,3,6,14,8,0.0,0.0,0.0,0.0,0.0,0.0,0.0,0.0,0.4778,0.7509,,,,,,,,,,,,,,,,,,,,,0.0,0.0,,,,,,,,,,0.0,0.0,24255,827.8157,0.225058,553.5836,741.1945,4235.0,13,0.4437,6,0.2048,1,35,1.1945,11393,7531,257.0307,0.197752,9875,,,240.0,240.0,0,,,8.1911,3393.0,5410.0,94.0,3340.0,5286.0,90.0,53.0,124.0,4.0,0.0,0.0,0.0,0.0,0.0,0.0,4962.0,8659.0,139.0,5278.0,8833.0,132.0,-316.0,-174.0,7.0,0.0,0.0,1.0,1.0,1.0,0.0,7029.0,12058.0,196.0,7010.0,11265.0,179.0,19.0,793.0,17.0,0.0,1.0,1.0,1.0,1.0,0.0,9133.0,14976.0,226.0,8357.0,13392.0,204.0,776.0,1584.0,22.0,1.0,1.0,2.0,1.0,2.0,0.0
LOLTMNT01_417791,complete,,MSI,2026,,0,2026-07-06 06:52:52,2,16.13,2,Blue,jng,Oner,oe:player:f8b68f268106124fc4bc1c946adc9b0,T1,oe:team:ce499dea30cfce118f4fe85da0227e8,0.0,Jarvan IV,Vi,Poppy,Naafiri,Akali,Ambessa,,,,,,1758,1,0,2,11,14,8,0.0,0.0,0.0,0.0,0.0,0.0,0.0,1.0,0.4778,0.7509,,,,,,,,,,,,,,,,,,,,,1.0,0.0,,,,,,,,,,0.0,0.0,11218,382.8669,0.10409,880.2048,1131.2287,154.0,10,0.3413,10,0.3413,8,57,1.9454,10580,6718,229.2833,0.176404,9250,,,192.0,24.0,168,,,6.5529,3262.0,3521.0,71.0,3683.0,3547.0,70.0,-421.0,-26.0,1.0,0.0,0.0,1.0,1.0,0.0,0.0,4796.0,5579.0,103.0,5644.0,6283.0,110.0,-848.0,-704.0,-7.0,0.0,0.0,1.0,2.0,0.0,1.0,6617.0,7934.0,139.0,7109.0,8190.0,142.0,-492.0,-256.0,-3.0,0.0,1.0,1.0,2.0,0.0,1.0,8808.0,11093.0,182.0,8441.0,9890.0,166.0,367.0,1203.0,16.0,0.0,3.0,1.0,2.0,0.0,2.0
LOLTMNT01_417791,complete,,MSI,2026,,0,2026-07-06 06:52:52,2,16.13,3,Blue,mid,Faker,oe:player:e1edfc5cea461399a63cb813cf795cc,T1,oe:team:ce499dea30cfce118f4fe85da0227e8,0.0,Annie,Vi,Poppy,Naafiri,Akali,Ambessa,,,,,,1758,1,0,0,8,14,8,0.0,0.0,0.0,0.0,0.0,0.0,0.0,0.0,0.4778,0.7509,,,,,,,,,,,,,,,,,,,,,0.0,0.0,,,,,,,,,,0.0,0.0,17371,592.8669,0.161183,406.2116,335.6655,5727.0,8,0.273,10,0.3413,3,38,1.2969,10207,6345,216.5529,0.16661,9085,,,252.0,252.0,0,,,8.6007,3398.0,5089.0,93.0,3130.0,4454.0,81.0,268.0,635.0,12.0,0.0,0.0,0.0,0.0,0.0,0.0,5127.0,8051.0,151.0,4826.0,7266.0,133.0,301.0,785.0,18.0,0.0,0.0,0.0,0.0,1.0,0.0,7015.0,10816.0,202.0,6246.0,8963.0,165.0,769.0,1853.0,37.0,0.0,1.0,0.0,0.0,1.0,1.0,8739.0,13387.0,233.0,8334.0,11898.0,217.0,405.0,1489.0,16.0,0.0,2.0,0.0,1.0,1.0,2.0
LOLTMNT01_417791,complete,,MSI,2026,,0,2026-07-06 06:52:52,2,16.13,4,Blue,bot,Peyz,oe:player:5bbc2b92348d930ebd500cb9ce71bb7,T1,oe:team:ce499dea30cfce118f4fe85da0227e8,0.0,Caitlyn,Vi,Poppy,Naafiri,Akali,Ambessa,,,,,,1758,1,9,1,3,14,8,2.0,0.0,0.0,0.0,0.0,0.0,0.0,0.0,0.4778,0.7509,,,,,,,,,,,,,,,,,,,,,0.0,0.0,,,,,,,,,,1.0,0.0,43346,1479.3857,0.402201,501.0922,388.6007,16696.0,13,0.4437,11,0.3754,4,41,1.3993,16492,12630,431.058,0.331643,13600,,,308.0,296.0,12,,,10.5119,3833.0,3659.0,102.0,3225.0,3483.0,80.0,608.0,176.0,22.0,0.0,0.0,0.0,0.0,1.0,0.0,6926.0,6312.0,162.0,5491.0,5622.0,121.0,1435.0,690.0,41.0,1.0,1.0,0.0,1.0,1.0,0.0,9833.0,9114.0,222.0,7423.0,8493.0,176.0,2410.0,621.0,46.0,3.0,1.0,0.0,1.0,1.0,0.0,12145.0,12270.0,272.0,9314.0,10425.0,224.0,2831.0,1845.0,48.0,4.0,1.0,0.0,1.0,1.0,0.0
LOLTMNT01_417791,complete,,MSI,2026,,0,2026-07-06 06:52:52,2,16.13,5,Blue,sup,Keria,oe:player:db79ce6ad35451c938fbe2995dabd37,T1,oe:team:ce499dea30cfce118f4fe85da0227e8,0.0,Lux,Vi,Poppy,Naafiri,Akali,Ambessa,,,,,,1758,1,2,2,10,14,8,0.0,0.0,0.0,0.0,0.0,0.0,0.0,0.0,0.4778,0.7509,,,,,,,,,,,,,,,,,,,,,0.0,0.0,,,,,,,,,,0.0,0.0,11582,395.2901,0.107468,424.5392,245.5631,2221.0,51,1.7406,10,0.3413,23,100,3.413,8721,4859,165.8362,0.12759,7520,,,36.0,32.0,4,,,1.2287,2459.0,2946.0,15.0,2476.0,3090.0,18.0,-17.0,-144.0,-3.0,0.0,0.0,0.0,0.0,1.0,0.0,4202.0,3801.0,17.0,3715.0,4190.0,22.0,487.0,-389.0,-5.0,1.0,1.0,2.0,0.0,3.0,1.0,5587.0,5123.0,26.0,4837.0,5100.0,27.0,750.0,23.0,-1.0,1.0,3.0,2.0,0.0,3.0,2.0,6851.0,6309.0,30.0,5930.0,6129.0,34.0,921.0,180.0,-4.0,1.0,4.0,2.0,0.0,3.0,2.0
LOLTMNT01_417791,complete,,MSI,2026,,0,2026-07-06 06:52:52,2,16.13,6,Red,top,Guigo,oe:player:d61d8a0b25028f787123bfff542d305,FURIA,oe:team:87e3e1e75839f75a10bbc66e894d806,1.0,Ornn,Nocturne,Nautilus,Pyke,Lucian,Jhin,,,,,,1758,0,2,2,3,8,14,0.0,0.0,0.0,0.0,0.0,0.0,0.0,0.0,0.273,0.7509,,,,,,,,,,,,,,,,,,,,,0.0,0.0,,,,,,,,,,0.0,0.0,10435,356.1433,0.17837,1191.8771,1800.4437,3454.0,14,0.4778,10,0.3413,6,45,1.5358,9414,5552,189.4881,0.19247,9450,,,206.0,206.0,0,,,7.0307,3340.0,5286.0,90.0,3393.0,5410.0,94.0,-53.0,-124.0,-4.0,0.0,0.0,0.0,0.0,0.0,0.0,5278.0,8833.0,132.0,4962.0,8659.0,139.0,316.0,174.0,-7.0,1.0,1.0,0.0,0.0,0.0,1.0,7010.0,11265.0,179.0,7029.0,12058.0,196.0,-19.0,-793.0,-17.0,1.0,1.0,0.0,0.0,1.0,1.0,8357.0,13392.0,204.0,9133.0,14976.0,226.0,-776.0,-1584.0,-22.0,1.0,2.0,0.0,1.0,1.0,2.0
LOLTMNT01_417791,complete,,MSI,2026,,0,2026-07-06 06:52:52,2,16.13,7,Red,jng,Tatu,oe:player:6625d682ed10ef5e0e7c6c9e4dd2fc1,FURIA,oe:team:87e3e1e75839f75a10bbc66e894d806,1.0,Aatrox,Nocturne,Nautilus,Pyke,Lucian,Jhin,,,,,,1758,0,3,3,1,8,14,0.0,0.0,0.0,0.0,1.0,1.0,0.0,0.0,0.273,0.7509,,,,,,,,,,,,,,,,,,,,,0.0,1.0,,,,,,,,,,0.0,0.0,7931,270.6826,0.135568,1108.43,722.4573,0.0,9,0.3072,8,0.273,8,46,1.57,10624,6762,230.785,0.234417,9275,,,182.0,14.0,168,,,6.2116,3683.0,3547.0,70.0,3262.0,3521.0,71.0,421.0,26.0,-1.0,1.0,0.0,0.0,0.0,0.0,1.0,5644.0,6283.0,110.0,4796.0,5579.0,103.0,848.0,704.0,7.0,2.0,0.0,1.0,0.0,0.0,1.0,7109.0,8190.0,142.0,6617.0,7934.0,139.0,492.0,256.0,3.0,2.0,0.0,1.0,0.0,1.0,1.0,8441.0,9890.0,166.0,8808.0,11093.0,182.0,-367.0,-1203.0,-16.0,2.0,0.0,2.0,0.0,3.0,1.0
LOLTMNT01_417791,complete,,MSI,2026,,0,2026-07-06 06:52:52,2,16.13,8,Red,mid,Tutsz,oe:player:886e8205ac1b091dbf67dbae83b1544,FURIA,oe:team:87e3e1e75839f75a10bbc66e894d806,1.0,Ahri,Nocturne,Nautilus,Pyke,Lucian,Jhin,,,,,,1758,0,1,3,3,8,14,0.0,0.0,0.0,0.0,0.0,0.0,0.0,0.0,0.273,0.7509,,,,,,,,,,,,,,,,,,,,,0.0,0.0,,,,,,,,,,0.0,0.0,12351,421.5358,0.211121,775.6997,540.785,5097.0,12,0.4096,5,0.1706,10,35,1.1945,9959,6097,208.0887,0.211364,9100,,,249.0,249.0,0,,,8.4983,3130.0,4454.0,81.0,3398.0,5089.0,93.0,-268.0,-635.0,-12.0,0.0,0.0,0.0,0.0,0.0,0.0,4826.0,7266.0,133.0,5127.0,8051.0,151.0,-301.0,-785.0,-18.0,0.0,1.0,0.0,0.0,0.0,0.0,6246.0,8963.0,165.0,7015.0,10816.0,202.0,-769.0,-1853.0,-37.0,0.0,1.0,1.0,0.0,1.0,0.0,8334.0,11898.0,217.0,8739.0,13387.0,233.0,-405.0,-1489.0,-16.0,1.0,1.0,2.0,0.0,2.0,0.0
LOLTMNT01_417791,complete,,MSI,2026,,0,2026-07-06 06:52:52,2,16.13,9,Red,bot,Ayu,oe:player:d7a904873d10637ef44afa9c1de83b3,FURIA,oe:team:87e3e1e75839f75a10bbc66e894d806,1.0,Ezreal,Nocturne,Nautilus,Pyke,Lucian,Jhin,,,,,,1758,0,1,2,4,8,14,0.0,0.0,0.0,0.0,1.0,0.0,1.0,0.0,0.273,0.7509,,,,,,,,,,,,,,,,,,,,,0.0,0.0,,,,,,,,,,0.0,1.0,21686,740.1365,0.370688,713.5154,384.8805,810.0,11,0.3754,2,0.0683,2,21,0.7167,10683,6821,232.7986,0.236462,9958,,,236.0,236.0,0,,,8.0546,3225.0,3483.0,80.0,3833.0,3659.0,102.0,-608.0,-176.0,-22.0,0.0,1.0,0.0,0.0,0.0,0.0,5491.0,5622.0,121.0,6926.0,6312.0,162.0,-1435.0,-690.0,-41.0,1.0,1.0,0.0,1.0,1.0,0.0,7423.0,8493.0,176.0,9833.0,9114.0,222.0,-2410.0,-621.0,-46.0,1.0,1.0,0.0,3.0,1.0,0.0,9314.0,10425.0,224.0,12145.0,12270.0,272.0,-2831.0,-1845.0,-48.0,1.0,1.0,0.0,4.0,1.0,0.0
LOLTMNT01_417791,complete,,MSI,2026,,0,2026-07-06 06:52:52,2,16.13,10,Red,sup,JoJo,oe:player:cb4cd2fd258d5961d2f1c4815b04123,FURIA,oe:team:87e3e1e75839f75a10bbc66e894d806,1.0,Bard,Nocturne,Nautilus,Pyke,Lucian,Jhin,,,,,,1758,0,1,4,4,8,14,0.0,0.0,0.0,0.0,1.0,0.0,1.0,0.0,0.273,0.7509,,,,,,,,,,,,,,,,,,,,,0.0,0.0,,,,,,,,,,0.0,0.0,6099,208.157,0.104253,679.215,386.7918,1234.0,49,1.6724,22,0.7509,24,117,3.9932,7476,3614,123.3447,0.125287,7310,,,37.0,37.0,0,,,1.2628,2476.0,3090.0,18.0,2459.0,2946.0,15.0,17.0,144.0,3.0,0.0,1.0,0.0,0.0,0.0,0.0,3715.0,4190.0,22.0,4202.0,3801.0,17.0,-487.0,389.0,5.0,0.0,3.0,1.0,1.0,1.0,2.0,4837.0,5100.0,27.0,5587.0,5123.0,26.0,-750.0,-23.0,1.0,0.0,3.0,2.0,1.0,3.0,2.0,5930.0,6129.0,34.0,6851.0,6309.0,30.0,-921.0,-180.0,4.0,0.0,3.0,2.0,1.0,4.0,2.0
LOLTMNT01_417791,complete,,MSI,2026,,0,2026-07-06 06:52:52,2,16.13,100,Blue,team,,,T1,oe:team:ce499dea30cfce118f4fe85da0227e8,0.0,,Vi,Poppy,Naafiri,Akali,Ambessa,Jarvan IV,Rumble,Annie,Caitlyn,Lux,1758,1,14,8,38,14,8,2.0,0.0,0.0,0.0,0.0,,,,0.4778,0.7509,0.0,1.0,3.0,1.0,3.0,0.0,0.0,1.0,0.0,0.0,0.0,,0.0,0.0,1.0,1.0,0.0,0.0,3.0,1.0,1.0,0.0,0.0,0.0,1.0,8.0,1.0,1.0,1.0,34.0,11.0,1.0,0.0,107772,3678.2253,,2765.6314,2842.2526,29033.0,95,3.2423,47,1.6041,39,271,9.2491,57393,38083,1299.7611,,49330,0.0897451,2.17,,844.0,184,,,35.0853,16345.0,20625.0,375.0,15854.0,19860.0,339.0,491.0,765.0,36.0,0.0,0.0,1.0,1.0,2.0,0.0,26013.0,32402.0,572.0,24954.0,32194.0,518.0,1059.0,208.0,54.0,2.0,2.0,4.0,4.0,6.0,2.0,36081.0,45045.0,785.0,32625.0,42011.0,689.0,3456.0,3034.0,96.0,4.0,7.0,4.0,4.0,6.0,4.0,45676.0,58035.0,943.0,40376.0,51734.0,845.0,5300.0,6301.0,98.0,6.0,11.0,5.0,5.0,7.0,6.0
LOLTMNT01_417791,complete,,MSI,2026,,0,2026-07-06 06:52:52,2,16.13,200,Red,team,,,FURIA,oe:team:87e3e1e75839f75a10bbc66e894d806,1.0,,Nocturne,Nautilus,Pyke,Lucian,Jhin,Bard,Ezreal,Aatrox,Ahri,Ornn,1758,0,8,14,15,8,14,0.0,0.0,0.0,0.0,1.0,,,,0.273,0.7509,1.0,3.0,1.0,3.0,1.0,1.0,0.0,1.0,0.0,0.0,1.0,,0.0,0.0,0.0,0.0,1.0,3.0,0.0,0.0,0.0,1.0,0.0,0.0,0.0,1.0,8.0,0.0,0.0,11.0,34.0,0.0,1.0,58502,1996.6553,,4468.7372,3835.3584,10595.0,95,3.2423,47,1.6041,50,264,9.0102,48156,28846,984.5051,,45093,-0.0897451,-2.17,,742.0,168,,,31.058,15854.0,19860.0,339.0,16345.0,20625.0,375.0,-491.0,-765.0,-36.0,1.0,2.0,0.0,0.0,0.0,1.0,24954.0,32194.0,518.0,26013.0,32402.0,572.0,-1059.0,-208.0,-54.0,4.0,6.0,2.0,2.0,2.0,4.0,32625.0,42011.0,689.0,36081.0,45045.0,785.0,-3456.0,-3034.0,-96.0,4.0,6.0,4.0,4.0,7.0,4.0,40376.0,51734.0,845.0,45676.0,58035.0,943.0,-5300.0,-6301.0,-98.0,5.0,7.0,6.0,6.0,11.0,5.0
LOLTMNT01_417806,complete,,MSI,2026,,0,2026-07-06 07:42:32,3,16.13,1,Blue,top,Doran,oe:player:a1f3b2bb3f36e5113237f92d76dc4c8,T1,oe:team:ce499dea30cfce118f4fe85da0227e8,1.0,Varus,Poppy,Sivir,Ambessa,Akali,Yone,,,,,,2116,1,4,6,8,21,23,0.0,0.0,0.0,0.0,0.0,0.0,0.0,0.0,0.5955,1.2476,,,,,,,,,,,,,,,,,,,,,0.0,0.0,,,,,,,,,,0.0,0.0,37521,1063.9225,0.294638,1010.8979,458.8752,6083.0,22,0.6238,3,0.0851,9,47,1.3327,14208,9616,272.6654,0.194778,12975,,,272.0,272.0,0,,,7.7127,3616.0,4903.0,94.0,3121.0,4684.0,74.0,495.0,219.0,20.0,0.0,1.0,1.0,0.0,2.0,1.0,5368.0,8256.0,142.0,4515.0,7366.0,110.0,853.0,890.0,32.0,0.0,1.0,2.0,0.0,2.0,2.0,7221.0,10433.0,172.0,6808.0,11373.0,160.0,413.0,-940.0,12.0,1.0,3.0,4.0,1.0,5.0,2.0,9364.0,13587.0,198.0,8431.0,13906.0,201.0,933.0,-319.0,-3.0,2.0,5.0,4.0,1.0,6.0,3.0
LOLTMNT01_417806,complete,,MSI,2026,,0,2026-07-06 07:42:32,3,16.13,2,Blue,jng,Oner,oe:player:f8b68f268106124fc4bc1c946adc9b0,T1,oe:team:ce499dea30cfce118f4fe85da0227e8,1.0,Vi,Poppy,Sivir,Ambessa,Akali,Yone,,,,,,2116,1,5,4,11,21,23,0.0,0.0,0.0,0.0,0.0,0.0,0.0,0.0,0.5955,1.2476,,,,,,,,,,,,,,,,,,,,,2.0,0.0,,,,,,,,,,1.0,0.0,21812,618.4877,0.171281,1156.8998,1422.1078,3131.0,15,0.4253,14,0.397,13,71,2.0132,15129,10537,298.7807,0.213434,14075,,,250.0,30.0,220,,,7.0888,3627.0,3887.0,72.0,3540.0,3448.0,61.0,87.0,439.0,11.0,0.0,3.0,1.0,1.0,3.0,0.0,6350.0,6702.0,118.0,5308.0,5995.0,98.0,1042.0,707.0,20.0,2.0,4.0,1.0,2.0,4.0,1.0,8555.0,9247.0,163.0,8037.0,8827.0,134.0,518.0,420.0,29.0,3.0,4.0,3.0,4.0,6.0,1.0,10874.0,12350.0,194.0,9934.0,10490.0,166.0,940.0,1860.0,28.0,4.0,7.0,3.0,5.0,6.0,2.0
LOLTMNT01_417806,complete,,MSI,2026,,0,2026-07-06 07:42:32,3,16.13,3,Blue,mid,Faker,oe:player:e1edfc5cea461399a63cb813cf795cc,T1,oe:team:ce499dea30cfce118f4fe85da0227e8,1.0,Taliyah,Poppy,Sivir,Ambessa,Akali,Yone,,,,,,2116,1,1,3,9,21,23,0.0,0.0,0.0,0.0,0.0,0.0,0.0,0.0,0.5955,1.2476,,,,,,,,,,,,,,,,,,,,,0.0,0.0,,,,,,,,,,0.0,0.0,24779,702.6181,0.19458,557.2968,356.5123,8738.0,21,0.5955,5,0.1418,8,43,1.2193,13241,8649,245.2457,0.17519,11900,,,281.0,273.0,8,,,7.9679,3302.0,4810.0,80.0,4093.0,4773.0,86.0,-791.0,37.0,-6.0,0.0,1.0,1.0,3.0,2.0,0.0,5030.0,7379.0,132.0,5700.0,7292.0,136.0,-670.0,87.0,-4.0,0.0,1.0,1.0,3.0,2.0,0.0,7525.0,10143.0,186.0,8189.0,9656.0,173.0,-664.0,487.0,13.0,0.0,2.0,1.0,5.0,5.0,1.0,9156.0,12591.0,207.0,9485.0,10958.0,196.0,-329.0,1633.0,11.0,0.0,5.0,2.0,6.0,6.0,2.0
LOLTMNT01_417806,complete,,MSI,2026,,0,2026-07-06 07:42:32,3,16.13,4,Blue,bot,Peyz,oe:player:5bbc2b92348d930ebd500cb9ce71bb7,T1,oe:team:ce499dea30cfce118f4fe85da0227e8,1.0,Kalista,Poppy,Sivir,Ambessa,Akali,Yone,,,,,,2116,1,11,3,8,21,23,1.0,0.0,0.0,0.0,0.0,0.0,0.0,0.0,0.5955,1.2476,,,,,,,,,,,,,,,,,,,,,0.0,0.0,,,,,,,,,,0.0,0.0,35774,1014.3856,0.28092,651.4367,492.2495,10052.0,15,0.4253,12,0.3403,3,53,1.5028,20127,15535,440.5009,0.314674,17425,,,367.0,333.0,34,,,10.4064,4279.0,3353.0,84.0,3414.0,3757.0,63.0,865.0,-404.0,21.0,3.0,0.0,1.0,1.0,3.0,2.0,6761.0,5613.0,131.0,5723.0,6331.0,107.0,1038.0,-718.0,24.0,4.0,2.0,1.0,1.0,5.0,2.0,9667.0,9092.0,196.0,8067.0,8298.0,148.0,1600.0,794.0,48.0,5.0,4.0,2.0,2.0,8.0,3.0,13180.0,12638.0,243.0,9359.0,9399.0,168.0,3821.0,3239.0,75.0,8.0,6.0,2.0,2.0,10.0,5.0
LOLTMNT01_417806,complete,,MSI,2026,,0,2026-07-06 07:42:32,3,16.13,5,Blue,sup,Keria,oe:player:db79ce6ad35451c938fbe2995dabd37,T1,oe:team:ce499dea30cfce118f4fe85da0227e8,1.0,Renata Glasc,Poppy,Sivir,Ambessa,Akali,Yone,,,,,,2116,1,0,7,17,21,23,0.0,0.0,0.0,0.0,0.0,0.0,0.0,1.0,0.5955,1.2476,,,,,,,,,,,,,,,,,,,,,0.0,0.0,,,,,,,,,,0.0,0.0,7460,211.5312,0.0585806,638.6484,508.6389,1691.0,81,2.2968,16,0.4537,32,158,4.4802,9624,5032,142.6843,0.101924,8945,,,25.0,25.0,0,,,0.7089,2609.0,2169.0,8.0,3364.0,2616.0,15.0,-755.0,-447.0,-7.0,0.0,3.0,3.0,2.0,5.0,0.0,3787.0,3464.0,15.0,4799.0,3404.0,21.0,-1012.0,60.0,-6.0,0.0,4.0,4.0,3.0,5.0,1.0,5090.0,4268.0,18.0,6142.0,5376.0,27.0,-1052.0,-1108.0,-9.0,0.0,7.0,5.0,3.0,10.0,2.0,6710.0,7057.0,20.0,7265.0,6655.0,33.0,-555.0,402.0,-13.0,0.0,12.0,6.0,3.0,12.0,2.0
LOLTMNT01_417806,complete,,MSI,2026,,0,2026-07-06 07:42:32,3,16.13,6,Red,top,Guigo,oe:player:d61d8a0b25028f787123bfff542d305,FURIA,oe:team:87e3e1e75839f75a10bbc66e894d806,0.0,Gnar,Nocturne,Ziggs,Mel,Vayne,Neeko,,,,,,2116,0,3,4,8,23,21,0.0,0.0,0.0,0.0,0.0,0.0,0.0,0.0,0.6522,1.2476,,,,,,,,,,,,,,,,,,,,,0.0,0.0,,,,,,,,,,0.0,0.0,18779,532.4858,0.177951,960.2836,1060.0378,9375.0,13,0.3686,18,0.5104,8,59,1.673,13335,8743,247.9112,0.211322,13008,,,283.0,275.0,8,,,8.0246,3121.0,4684.0,74.0,3616.0,4903.0,94.0,-495.0,-219.0,-20.0,0.0,2.0,1.0,0.0,1.0,1.0,4515.0,7366.0,110.0,5368.0,8256.0,142.0,-853.0,-890.0,-32.0,0.0,2.0,2.0,0.0,1.0,2.0,6808.0,11373.0,160.0,7221.0,10433.0,172.0,-413.0,940.0,-12.0,1.0,5.0,2.0,1.0,3.0,4.0,8431.0,13906.0,201.0,9364.0,13587.0,198.0,-933.0,319.0,3.0,1.0,6.0,3.0,2.0,5.0,4.0
LOLTMNT01_417806,complete,,MSI,2026,,0,2026-07-06 07:42:32,3,16.13,7,Red,jng,Tatu,oe:player:6625d682ed10ef5e0e7c6c9e4dd2fc1,FURIA,oe:team:87e3e1e75839f75a10bbc66e894d806,0.0,Nasus,Nocturne,Ziggs,Mel,Vayne,Neeko,,,,,,2116,0,8,3,9,23,21,1.0,0.0,0.0,0.0,0.0,0.0,0.0,0.0,0.6522,1.2476,,,,,,,,,,,,,,,,,,,,,0.0,2.0,,,,,,,,,,0.0,1.0,28015,794.3762,0.265472,1388.9603,1746.7486,1843.0,8,0.2268,17,0.482,7,60,1.7013,15141,10549,299.121,0.254975,13625,,,226.0,31.0,195,,,6.4083,3540.0,3448.0,61.0,3627.0,3887.0,72.0,-87.0,-439.0,-11.0,1.0,3.0,0.0,0.0,3.0,1.0,5308.0,5995.0,98.0,6350.0,6702.0,118.0,-1042.0,-707.0,-20.0,2.0,4.0,1.0,2.0,4.0,1.0,8037.0,8827.0,134.0,8555.0,9247.0,163.0,-518.0,-420.0,-29.0,4.0,6.0,1.0,3.0,4.0,3.0,9934.0,10490.0,166.0,10874.0,12350.0,194.0,-940.0,-1860.0,-28.0,5.0,6.0,2.0,4.0,7.0,3.0
LOLTMNT01_417806,complete,,MSI,2026,,0,2026-07-06 07:42:32,3,16.13,8,Red,mid,Tutsz,oe:player:886e8205ac1b091dbf67dbae83b1544,FURIA,oe:team:87e3e1e75839f75a10bbc66e894d806,0.0,Aurora,Nocturne,Ziggs,Mel,Vayne,Neeko,,,,,,2116,0,7,4,8,23,21,1.0,0.0,0.0,0.0,0.0,0.0,0.0,0.0,0.6522,1.2476,,,,,,,,,,,,,,,,,,,,,0.0,0.0,,,,,,,,,,0.0,0.0,26019,737.7788,0.246558,690.6522,382.6843,4452.0,8,0.2268,17,0.482,5,55,1.5595,12809,8217,232.9962,0.198608,12025,,,256.0,256.0,0,,,7.259,4093.0,4773.0,86.0,3302.0,4810.0,80.0,791.0,-37.0,6.0,3.0,2.0,0.0,0.0,1.0,1.0,5700.0,7292.0,136.0,5030.0,7379.0,132.0,670.0,-87.0,4.0,3.0,2.0,0.0,0.0,1.0,1.0,8189.0,9656.0,173.0,7525.0,10143.0,186.0,664.0,-487.0,-13.0,5.0,5.0,1.0,0.0,2.0,1.0,9485.0,10958.0,196.0,9156.0,12591.0,207.0,329.0,-1633.0,-11.0,6.0,6.0,2.0,0.0,5.0,2.0
LOLTMNT01_417806,complete,,MSI,2026,,0,2026-07-06 07:42:32,3,16.13,9,Red,bot,Ayu,oe:player:d7a904873d10637ef44afa9c1de83b3,FURIA,oe:team:87e3e1e75839f75a10bbc66e894d806,0.0,Senna,Nocturne,Ziggs,Mel,Vayne,Neeko,,,,,,2116,0,2,6,16,23,21,0.0,0.0,0.0,0.0,1.0,0.0,1.0,0.0,0.6522,1.2476,,,,,,,,,,,,,,,,,,,,,0.0,0.0,,,,,,,,,,0.0,0.0,19154,543.1191,0.181505,691.0491,503.3932,1719.0,12,0.3403,7,0.1985,3,31,0.879,13204,8612,244.1966,0.208155,12575,,,223.0,223.0,0,,,6.3233,3414.0,3757.0,63.0,4279.0,3353.0,84.0,-865.0,404.0,-21.0,1.0,3.0,2.0,3.0,0.0,1.0,5723.0,6331.0,107.0,6761.0,5613.0,131.0,-1038.0,718.0,-24.0,1.0,5.0,2.0,4.0,2.0,1.0,8067.0,8298.0,148.0,9667.0,9092.0,196.0,-1600.0,-794.0,-48.0,2.0,8.0,3.0,5.0,4.0,2.0,9359.0,9399.0,168.0,13180.0,12638.0,243.0,-3821.0,-3239.0,-75.0,2.0,10.0,5.0,8.0,6.0,2.0
LOLTMNT01_417806,complete,,MSI,2026,,0,2026-07-06 07:42:32,3,16.13,10,Red,sup,JoJo,oe:player:cb4cd2fd258d5961d2f1c4815b04123,FURIA,oe:team:87e3e1e75839f75a10bbc66e894d806,0.0,Seraphine,Nocturne,Ziggs,Mel,Vayne,Neeko,,,,,,2116,0,3,4,18,23,21,0.0,0.0,0.0,0.0,1.0,1.0,0.0,0.0,0.6522,1.2476,,,,,,,,,,,,,,,,,,,,,0.0,0.0,,,,,,,,,,0.0,0.0,13562,384.5558,0.128514,493.327,308.3932,0.0,68,1.9282,15,0.4253,26,148,4.1966,9844,5252,148.9225,0.126941,9355,,,39.0,39.0,0,,,1.1059,3364.0,2616.0,15.0,2609.0,2169.0,8.0,755.0,447.0,7.0,2.0,5.0,0.0,0.0,3.0,3.0,4799.0,3404.0,21.0,3787.0,3464.0,15.0,1012.0,-60.0,6.0,3.0,5.0,1.0,0.0,4.0,4.0,6142.0,5376.0,27.0,5090.0,4268.0,18.0,1052.0,1108.0,9.0,3.0,10.0,2.0,0.0,7.0,5.0,7265.0,6655.0,33.0,6710.0,7057.0,20.0,555.0,-402.0,13.0,3.0,12.0,2.0,0.0,12.0,6.0
LOLTMNT01_417806,complete,,MSI,2026,,0,2026-07-06 07:42:32,3,16.13,100,Blue,team,,,T1,oe:team:ce499dea30cfce118f4fe85da0227e8,1.0,,Poppy,Sivir,Ambessa,Akali,Yone,Vi,Varus,Taliyah,Kalista,Renata Glasc,2116,1,21,23,53,21,23,1.0,0.0,0.0,0.0,0.0,,,,0.5955,1.2476,1.0,3.0,2.0,3.0,2.0,1.0,0.0,1.0,1.0,0.0,0.0,,0.0,0.0,1.0,1.0,0.0,1.0,2.0,1.0,2.0,0.0,0.0,0.0,1.0,9.0,3.0,1.0,1.0,40.0,15.0,1.0,0.0,127346,3610.9452,,4015.1796,3238.3837,29695.0,154,4.3667,50,1.4178,65,372,10.5482,72329,49368,1399.8488,,65320,0.075166,1.02,,933.0,262,,,33.8847,17433.0,19122.0,338.0,17532.0,19278.0,299.0,-99.0,-156.0,39.0,3.0,8.0,7.0,7.0,15.0,3.0,27296.0,31414.0,538.0,26045.0,30388.0,472.0,1251.0,1026.0,66.0,6.0,12.0,9.0,9.0,18.0,6.0,38058.0,43183.0,735.0,37243.0,43530.0,642.0,815.0,-347.0,93.0,9.0,20.0,15.0,15.0,34.0,9.0,49284.0,58223.0,862.0,44474.0,51408.0,764.0,4810.0,6815.0,98.0,14.0,35.0,17.0,17.0,40.0,14.0
LOLTMNT01_417806,complete,,MSI,2026,,0,2026-07-06 07:42:32,3,16.13,200,Red,team,,,FURIA,oe:team:87e3e1e75839f75a10bbc66e894d806,0.0,,Nocturne,Ziggs,Mel,Vayne,Neeko,Senna,Gnar,Nasus,Aurora,Seraphine,2116,0,23,21,59,23,21,2.0,0.0,0.0,0.0,1.0,,,,0.6522,1.2476,0.0,2.0,3.0,2.0,3.0,0.0,0.0,2.0,0.0,0.0,0.0,,0.0,0.0,0.0,0.0,1.0,2.0,1.0,0.0,0.0,2.0,0.0,0.0,0.0,3.0,9.0,0.0,0.0,15.0,40.0,0.0,1.0,105529,2992.3157,,4224.2722,4001.2571,17389.0,109,3.0907,74,2.0983,49,353,10.0095,64333,41372,1173.1191,,60588,-0.075166,-1.02,,824.0,203,,,29.121,17532.0,19278.0,299.0,17433.0,19122.0,338.0,99.0,156.0,-39.0,7.0,15.0,3.0,3.0,8.0,7.0,26045.0,30388.0,472.0,27296.0,31414.0,538.0,-1251.0,-1026.0,-66.0,9.0,18.0,6.0,6.0,12.0,9.0,37243.0,43530.0,642.0,38058.0,43183.0,735.0,-815.0,347.0,-93.0,15.0,34.0,9.0,9.0,20.0,15.0,44474.0,51408.0,764.0,49284.0,58223.0,862.0,-4810.0,-6815.0,-98.0,17.0,40.0,14.0,14.0,35.0,17.0
LOLTMNT01_419700,complete,,MSI,2026,,0,2026-07-08 03:14:21,1,16.13,1,Blue,top,Dhokla,oe:player:5385f74da3e5deb5b66d9a1ee56cf97,LYON,oe:team:da1143bf9a245b78a8dc86417de85b3,1.0,Renekton,Ryze,Poppy,Vi,Yorick,Gnar,,,,,,1665,1,3,4,6,13,9,0.0,0.0,0.0,0.0,0.0,0.0,0.0,0.0,0.4685,0.7928,,,,,,,,,,,,,,,,,,,,,0.0,0.0,,,,,,,,,,0.0,0.0,15882,572.3243,0.209683,955.4595,770.3784,6410.0,10,0.3604,7,0.2523,1,29,1.045,10626,6954,250.5946,0.179717,8150,,,228.0,228.0,0,,,8.2162,3153.0,4822.0,75.0,3559.0,5125.0,81.0,-406.0,-303.0,-6.0,0.0,1.0,2.0,1.0,0.0,1.0,4476.0,6796.0,109.0,4757.0,8220.0,116.0,-281.0,-1424.0,-7.0,0.0,1.0,3.0,1.0,0.0,2.0,6787.0,10491.0,156.0,6461.0,11238.0,151.0,326.0,-747.0,5.0,1.0,3.0,4.0,1.0,3.0,3.0,8868.0,13855.0,197.0,8293.0,14098.0,200.0,575.0,-243.0,-3.0,2.0,3.0,4.0,1.0,3.0,3.0
LOLTMNT01_419700,complete,,MSI,2026,,0,2026-07-08 03:14:21,1,16.13,2,Blue,jng,Inspired,oe:player:a8307167f3a1c933295bb9e3d43700e,LYON,oe:team:da1143bf9a245b78a8dc86417de85b3,1.0,Trundle,Ryze,Poppy,Vi,Yorick,Gnar,,,,,,1665,1,3,1,8,13,9,0.0,0.0,0.0,0.0,0.0,0.0,0.0,0.0,0.4685,0.7928,,,,,,,,,,,,,,,,,,,,,0.0,0.0,,,,,,,,,,1.0,0.0,13124,472.9369,0.17327,815.7117,788.8288,11636.0,8,0.2883,13,0.4685,4,52,1.8739,12041,8369,301.5856,0.216287,10633,,,214.0,17.0,197,,,7.7117,3555.0,4350.0,82.0,3880.0,4495.0,83.0,-325.0,-145.0,-1.0,0.0,1.0,0.0,1.0,0.0,0.0,5707.0,7190.0,125.0,5661.0,7235.0,127.0,46.0,-45.0,-2.0,0.0,2.0,0.0,1.0,1.0,0.0,8230.0,9780.0,156.0,7502.0,9403.0,155.0,728.0,377.0,1.0,2.0,3.0,1.0,2.0,1.0,2.0,10294.0,12497.0,196.0,9229.0,11578.0,193.0,1065.0,919.0,3.0,2.0,4.0,1.0,2.0,1.0,2.0
LOLTMNT01_419700,complete,,MSI,2026,,0,2026-07-08 03:14:21,1,16.13,3,Blue,mid,Saint,oe:player:f45792335d83b10581da2f0cbdd6e8e,LYON,oe:team:da1143bf9a245b78a8dc86417de85b3,1.0,Taliyah,Ryze,Poppy,Vi,Yorick,Gnar,,,,,,1665,1,2,4,4,13,9,0.0,0.0,0.0,0.0,0.0,0.0,0.0,0.0,0.4685,0.7928,,,,,,,,,,,,,,,,,,,,,1.0,0.0,,,,,,,,,,0.0,0.0,15014,541.045,0.198223,345.3333,208.3964,6172.0,17,0.6126,7,0.2523,9,44,1.5856,11347,7675,276.5766,0.198351,11375,,,264.0,260.0,4,,,9.5135,4080.0,5670.0,108.0,3674.0,4828.0,94.0,406.0,842.0,14.0,1.0,0.0,1.0,0.0,1.0,0.0,6006.0,8203.0,162.0,5388.0,7592.0,152.0,618.0,611.0,10.0,1.0,0.0,1.0,0.0,1.0,0.0,8116.0,10862.0,213.0,7830.0,10915.0,213.0,286.0,-53.0,0.0,1.0,2.0,3.0,1.0,2.0,0.0,10431.0,13692.0,263.0,9438.0,13420.0,260.0,993.0,272.0,3.0,1.0,3.0,3.0,1.0,2.0,0.0
LOLTMNT01_419700,complete,,MSI,2026,,0,2026-07-08 03:14:21,1,16.13,4,Blue,bot,Berserker,oe:player:460ae5a7af8d68f7831b70307210ab3,LYON,oe:team:da1143bf9a245b78a8dc86417de85b3,1.0,Ezreal,Ryze,Poppy,Vi,Yorick,Gnar,,,,,,1665,1,5,0,7,13,9,0.0,0.0,0.0,0.0,1.0,1.0,0.0,0.0,0.4685,0.7928,,,,,,,,,,,,,,,,,,,,,0.0,0.0,,,,,,,,,,0.0,0.0,27847,1003.4955,0.367651,340.9009,183.8919,15864.0,12,0.4324,9,0.3243,4,29,1.045,15275,11603,418.1261,0.299868,12083,,,316.0,308.0,8,,,11.3874,4100.0,3617.0,104.0,3479.0,3799.0,83.0,621.0,-182.0,21.0,1.0,0.0,0.0,1.0,0.0,1.0,7013.0,6369.0,169.0,6480.0,6580.0,149.0,533.0,-211.0,20.0,2.0,0.0,0.0,2.0,0.0,1.0,10032.0,9059.0,223.0,9832.0,9205.0,201.0,200.0,-146.0,22.0,3.0,3.0,0.0,4.0,2.0,1.0,12669.0,12412.0,284.0,12315.0,12116.0,269.0,354.0,296.0,15.0,3.0,4.0,0.0,4.0,2.0,1.0
LOLTMNT01_419700,complete,,MSI,2026,,0,2026-07-08 03:14:21,1,16.13,5,Blue,sup,Isles,oe:player:40704dfd2d966862568d29770de57bd,LYON,oe:team:da1143bf9a245b78a8dc86417de85b3,1.0,Alistar,Ryze,Poppy,Vi,Yorick,Gnar,,,,,,1665,1,0,0,11,13,9,0.0,0.0,0.0,0.0,1.0,0.0,1.0,0.0,0.4685,0.7928,,,,,,,,,,,,,,,,,,,,,0.0,0.0,,,,,,,,,,0.0,0.0,3876,139.6757,0.051173,510.5225,604.7928,1602.0,62,2.2342,8,0.2883,26,107,3.8559,7765,4093,147.4955,0.105776,6655,,,32.0,32.0,0,,,1.1532,2412.0,2687.0,18.0,2507.0,2714.0,19.0,-95.0,-27.0,-1.0,0.0,1.0,0.0,0.0,1.0,0.0,3670.0,3751.0,27.0,3564.0,3964.0,28.0,106.0,-213.0,-1.0,0.0,2.0,0.0,0.0,2.0,0.0,5212.0,5212.0,31.0,4956.0,5828.0,32.0,256.0,-616.0,-1.0,0.0,5.0,0.0,0.0,6.0,1.0,6617.0,7358.0,31.0,5933.0,6568.0,33.0,684.0,790.0,-2.0,0.0,6.0,0.0,0.0,6.0,2.0
LOLTMNT01_419700,complete,,MSI,2026,,0,2026-07-08 03:14:21,1,16.13,6,Red,top,Pun,oe:player:6644a7352d32c9c4443017798130b61,Team Secret Whales,oe:team:740de582f50775c516c77ed7b923fd5,0.0,Volibear,Cassiopeia,Rumble,Ziggs,LeBlanc,Jayce,,,,,,1665,0,1,4,4,9,13,0.0,0.0,0.0,0.0,0.0,0.0,0.0,0.0,0.3243,0.7928,,,,,,,,,,,,,,,,,,,,,0.0,0.0,,,,,,,,,,0.0,0.0,13330,480.3604,0.22848,1040.8649,1437.9459,7003.0,14,0.5045,3,0.1081,9,32,1.1532,9296,5624,202.6667,0.180661,9325,,,218.0,218.0,0,,,7.8559,3559.0,5125.0,81.0,3153.0,4822.0,75.0,406.0,303.0,6.0,1.0,0.0,1.0,0.0,1.0,2.0,4757.0,8220.0,116.0,4476.0,6796.0,109.0,281.0,1424.0,7.0,1.0,0.0,2.0,0.0,1.0,3.0,6461.0,11238.0,151.0,6787.0,10491.0,156.0,-326.0,747.0,-5.0,1.0,3.0,3.0,1.0,3.0,4.0,8293.0,14098.0,200.0,8868.0,13855.0,197.0,-575.0,243.0,3.0,1.0,3.0,3.0,2.0,3.0,4.0
LOLTMNT01_419700,complete,,MSI,2026,,0,2026-07-08 03:14:21,1,16.13,7,Red,jng,Hizto,oe:player:043e89cd3b06bc1a0555024d475c9d2,Team Secret Whales,oe:team:740de582f50775c516c77ed7b923fd5,0.0,Lee Sin,Cassiopeia,Rumble,Ziggs,LeBlanc,Jayce,,,,,,1665,0,2,3,1,9,13,0.0,0.0,0.0,0.0,0.0,0.0,0.0,0.0,0.3243,0.7928,,,,,,,,,,,,,,,,,,,,,0.0,0.0,,,,,,,,,,0.0,1.0,7739,278.8829,0.132649,1050.6306,927.3874,0.0,19,0.6847,7,0.2523,9,51,1.8378,9843,6171,222.3784,0.198233,9325,,,203.0,14.0,189,,,7.3153,3880.0,4495.0,83.0,3555.0,4350.0,82.0,325.0,145.0,1.0,1.0,0.0,0.0,0.0,1.0,0.0,5661.0,7235.0,127.0,5707.0,7190.0,125.0,-46.0,45.0,2.0,1.0,1.0,0.0,0.0,2.0,0.0,7502.0,9403.0,155.0,8230.0,9780.0,156.0,-728.0,-377.0,-1.0,2.0,1.0,2.0,2.0,3.0,1.0,9229.0,11578.0,193.0,10294.0,12497.0,196.0,-1065.0,-919.0,-3.0,2.0,1.0,2.0,2.0,4.0,1.0
LOLTMNT01_419700,complete,,MSI,2026,,0,2026-07-08 03:14:21,1,16.13,8,Red,mid,Dire,oe:player:b7a3b6176406a92dd089fe2f82a1d3f,Team Secret Whales,oe:team:740de582f50775c516c77ed7b923fd5,0.0,Sylas,Cassiopeia,Rumble,Ziggs,LeBlanc,Jayce,,,,,,1665,0,1,1,3,9,13,0.0,0.0,0.0,0.0,0.0,0.0,0.0,0.0,0.3243,0.7928,,,,,,,,,,,,,,,,,,,,,0.0,1.0,,,,,,,,,,0.0,0.0,13291,478.955,0.227812,667.1712,827.027,806.0,7,0.2523,8,0.2883,4,33,1.1892,10189,6517,234.8468,0.209348,10150,,,271.0,270.0,1,,,9.7658,3674.0,4828.0,94.0,4080.0,5670.0,108.0,-406.0,-842.0,-14.0,0.0,1.0,0.0,1.0,0.0,1.0,5388.0,7592.0,152.0,6006.0,8203.0,162.0,-618.0,-611.0,-10.0,0.0,1.0,0.0,1.0,0.0,1.0,7830.0,10915.0,213.0,8116.0,10862.0,213.0,-286.0,53.0,0.0,1.0,2.0,0.0,1.0,2.0,3.0,9438.0,13420.0,260.0,10431.0,13692.0,263.0,-993.0,-272.0,-3.0,1.0,2.0,0.0,1.0,3.0,3.0
LOLTMNT01_419700,complete,,MSI,2026,,0,2026-07-08 03:14:21,1,16.13,9,Red,bot,Eddie,oe:player:e5f6c83e6e97c74fc9e9760fc8972ae,Team Secret Whales,oe:team:740de582f50775c516c77ed7b923fd5,0.0,Kai'Sa,Cassiopeia,Rumble,Ziggs,LeBlanc,Jayce,,,,,,1665,0,5,2,2,9,13,1.0,0.0,0.0,0.0,0.0,0.0,0.0,1.0,0.3243,0.7928,,,,,,,,,,,,,,,,,,,,,0.0,0.0,,,,,,,,,,0.0,0.0,19762,712.1441,0.338727,438.4505,333.1532,6136.0,14,0.5045,8,0.2883,5,33,1.1892,13600,9928,357.7658,0.318924,13425,,,286.0,278.0,8,,,10.3063,3479.0,3799.0,83.0,4100.0,3617.0,104.0,-621.0,182.0,-21.0,1.0,0.0,1.0,1.0,0.0,0.0,6480.0,6580.0,149.0,7013.0,6369.0,169.0,-533.0,211.0,-20.0,2.0,0.0,1.0,2.0,0.0,0.0,9832.0,9205.0,201.0,10032.0,9059.0,223.0,-200.0,146.0,-22.0,4.0,2.0,1.0,3.0,3.0,0.0,12315.0,12116.0,269.0,12669.0,12412.0,284.0,-354.0,-296.0,-15.0,4.0,2.0,1.0,3.0,4.0,0.0
LOLTMNT01_419700,complete,,MSI,2026,,0,2026-07-08 03:14:21,1,16.13,10,Red,sup,Bie,oe:player:1f7d70f56b608b3137df2493949fdd0,Team Secret Whales,oe:team:740de582f50775c516c77ed7b923fd5,0.0,Nautilus,Cassiopeia,Rumble,Ziggs,LeBlanc,Jayce,,,,,,1665,0,0,3,7,9,13,0.0,0.0,0.0,0.0,0.0,0.0,0.0,0.0,0.3243,0.7928,,,,,,,,,,,,,,,,,,,,,0.0,0.0,,,,,,,,,,0.0,0.0,4220,152.0721,0.0723321,528.6847,795.9279,0.0,57,2.0541,10,0.3604,19,106,3.8198,6562,2890,104.1441,0.092833,5880,,,34.0,34.0,0,,,1.2252,2507.0,2714.0,19.0,2412.0,2687.0,18.0,95.0,27.0,1.0,0.0,1.0,0.0,0.0,1.0,0.0,3564.0,3964.0,28.0,3670.0,3751.0,27.0,-106.0,213.0,1.0,0.0,2.0,0.0,0.0,2.0,0.0,4956.0,5828.0,32.0,5212.0,5212.0,31.0,-256.0,616.0,1.0,0.0,6.0,1.0,0.0,5.0,0.0,5933.0,6568.0,33.0,6617.0,7358.0,31.0,-684.0,-790.0,2.0,0.0,6.0,2.0,0.0,6.0,0.0
LOLTMNT01_419700,complete,,MSI,2026,,0,2026-07-08 03:14:21,1,16.13,100,Blue,team,,,LYON,oe:team:da1143bf9a245b78a8dc86417de85b3,1.0,,Ryze,Poppy,Vi,Yorick,Gnar,Ezreal,Alistar,Trundle,Renekton,Taliyah,1665,1,13,9,36,13,9,0.0,0.0,0.0,0.0,1.0,,,,0.4685,0.7928,0.0,1.0,3.0,1.0,3.0,1.0,0.0,0.0,0.0,0.0,0.0,,0.0,0.0,0.0,0.0,1.0,3.0,0.0,1.0,1.0,0.0,0.0,0.0,1.0,9.0,3.0,1.0,1.0,36.0,15.0,1.0,0.0,75743,2729.4775,,2967.9279,2556.2883,41684.0,109,3.9279,44,1.5856,44,261,9.4054,57054,38693,1394.3423,,48896,0.0163091,1.45,,845.0,209,,,37.982,17300.0,21146.0,387.0,17099.0,20961.0,360.0,201.0,185.0,27.0,2.0,3.0,3.0,3.0,2.0,2.0,26872.0,32309.0,592.0,25850.0,33591.0,572.0,1022.0,-1282.0,20.0,3.0,5.0,4.0,4.0,4.0,3.0,38377.0,45404.0,779.0,36581.0,46589.0,752.0,1796.0,-1185.0,27.0,7.0,16.0,8.0,8.0,14.0,7.0,48879.0,59814.0,971.0,45208.0,57780.0,955.0,3671.0,2034.0,16.0,8.0,20.0,8.0,8.0,14.0,8.0
LOLTMNT01_419700,complete,,MSI,2026,,0,2026-07-08 03:14:21,1,16.13,200,Red,team,,,Team Secret Whales,oe:team:740de582f50775c516c77ed7b923fd5,0.0,,Cassiopeia,Rumble,Ziggs,LeBlanc,Jayce,Nautilus,Lee Sin,Sylas,Kai'Sa,Volibear,1665,0,9,13,17,9,13,1.0,0.0,0.0,0.0,0.0,,,,0.3243,0.7928,1.0,3.0,1.0,3.0,1.0,1.0,0.0,0.0,0.0,1.0,1.0,,0.0,0.0,1.0,1.0,0.0,0.0,3.0,0.0,0.0,1.0,0.0,0.0,0.0,3.0,9.0,0.0,0.0,15.0,36.0,0.0,1.0,58342,2102.4144,,3725.8018,4321.4414,13945.0,111,4.0,36,1.2973,46,255,9.1892,49490,31129,1121.7658,,48105,-0.0163091,-1.45,,814.0,198,,,36.4685,17099.0,20961.0,360.0,17300.0,21146.0,387.0,-201.0,-185.0,-27.0,3.0,2.0,2.0,2.0,3.0,3.0,25850.0,33591.0,572.0,26872.0,32309.0,592.0,-1022.0,1282.0,-20.0,4.0,4.0,3.0,3.0,5.0,4.0,36581.0,46589.0,752.0,38377.0,45404.0,779.0,-1796.0,1185.0,-27.0,8.0,14.0,7.0,7.0,16.0,8.0,45208.0,57780.0,955.0,48879.0,59814.0,971.0,-3671.0,-2034.0,-16.0,8.0,14.0,8.0,8.0,20.0,8.0
LOLTMNT01_419702,complete,,MSI,2026,,0,2026-07-08 04:03:01,2,16.13,1,Blue,top,Dhokla,oe:player:5385f74da3e5deb5b66d9a1ee56cf97,LYON,oe:team:da1143bf9a245b78a8dc86417de85b3,1.0,Gnar,Ryze,Akali,Vi,Yorick,Olaf,,,,,,1752,1,4,0,5,16,8,0.0,0.0,0.0,0.0,0.0,0.0,0.0,0.0,0.5479,0.8219,,,,,,,,,,,,,,,,,,,,,0.0,0.0,,,,,,,,,,0.0,0.0,24910,853.0822,0.286207,764.2808,1048.0479,11146.0,12,0.411,4,0.137,3,34,1.1644,13465,9615,329.2808,0.22401,11858,,,281.0,275.0,6,,,9.6233,3795.0,4978.0,91.0,3189.0,4484.0,78.0,606.0,494.0,13.0,1.0,0.0,0.0,0.0,1.0,1.0,5839.0,9537.0,143.0,4808.0,7150.0,113.0,1031.0,2387.0,30.0,2.0,2.0,0.0,1.0,1.0,3.0,8903.0,13391.0,200.0,6196.0,9426.0,151.0,2707.0,3965.0,49.0,3.0,2.0,0.0,1.0,1.0,3.0,11329.0,16574.0,258.0,8112.0,12761.0,208.0,3217.0,3813.0,50.0,3.0,2.0,0.0,1.0,1.0,4.0
LOLTMNT01_419702,complete,,MSI,2026,,0,2026-07-08 04:03:01,2,16.13,2,Blue,jng,Inspired,oe:player:a8307167f3a1c933295bb9e3d43700e,LYON,oe:team:da1143bf9a245b78a8dc86417de85b3,1.0,Jarvan IV,Ryze,Akali,Vi,Yorick,Olaf,,,,,,1752,1,1,1,9,16,8,0.0,0.0,0.0,0.0,1.0,0.0,1.0,0.0,0.5479,0.8219,,,,,,,,,,,,,,,,,,,,,1.0,0.0,,,,,,,,,,0.0,0.0,9565,327.5685,0.109898,621.0616,980.5822,694.0,13,0.4452,17,0.5822,10,74,2.5342,11676,7826,268.0137,0.182331,11450,,,240.0,30.0,210,,,8.2192,3337.0,3699.0,71.0,3777.0,3661.0,66.0,-440.0,38.0,5.0,0.0,1.0,1.0,1.0,2.0,0.0,5517.0,6218.0,114.0,5119.0,5170.0,94.0,398.0,1048.0,20.0,1.0,3.0,1.0,1.0,3.0,2.0,7244.0,9079.0,154.0,6997.0,7525.0,125.0,247.0,1554.0,29.0,1.0,3.0,1.0,1.0,4.0,2.0,9428.0,12101.0,205.0,8442.0,9676.0,152.0,986.0,2425.0,53.0,1.0,4.0,1.0,1.0,4.0,2.0
LOLTMNT01_419702,complete,,MSI,2026,,0,2026-07-08 04:03:01,2,16.13,3,Blue,mid,Saint,oe:player:f45792335d83b10581da2f0cbdd6e8e,LYON,oe:team:da1143bf9a245b78a8dc86417de85b3,1.0,Viktor,Ryze,Akali,Vi,Yorick,Olaf,,,,,,1752,1,3,3,5,16,8,0.0,0.0,0.0,0.0,0.0,0.0,0.0,0.0,0.5479,0.8219,,,,,,,,,,,,,,,,,,,,,0.0,0.0,,,,,,,,,,0.0,0.0,22854,782.6712,0.262584,371.7123,391.8493,4405.0,12,0.411,9,0.3082,3,45,1.5411,11980,8130,278.4247,0.189414,11775,,,272.0,272.0,0,,,9.3151,3912.0,4894.0,92.0,3995.0,4548.0,86.0,-83.0,346.0,6.0,1.0,0.0,2.0,2.0,1.0,1.0,5597.0,7430.0,134.0,5530.0,7044.0,135.0,67.0,386.0,-1.0,1.0,3.0,2.0,2.0,1.0,1.0,7400.0,10023.0,186.0,7989.0,10020.0,186.0,-589.0,3.0,0.0,1.0,3.0,3.0,4.0,1.0,2.0,10124.0,13328.0,250.0,10017.0,12870.0,252.0,107.0,458.0,-2.0,2.0,3.0,3.0,4.0,1.0,2.0
LOLTMNT01_419702,complete,,MSI,2026,,0,2026-07-08 04:03:01,2,16.13,4,Blue,bot,Berserker,oe:player:460ae5a7af8d68f7831b70307210ab3,LYON,oe:team:da1143bf9a245b78a8dc86417de85b3,1.0,Varus,Ryze,Akali,Vi,Yorick,Olaf,,,,,,1752,1,8,1,0,16,8,2.0,0.0,0.0,0.0,1.0,1.0,0.0,0.0,0.5479,0.8219,,,,,,,,,,,,,,,,,,,,,0.0,0.0,,,,,,,,,,1.0,0.0,16622,569.2466,0.190981,360.1712,173.3219,15943.0,18,0.6164,8,0.274,8,36,1.2329,16143,12293,420.9932,0.2864,12400,,,306.0,304.0,2,,,10.4795,3800.0,3915.0,88.0,3696.0,3958.0,78.0,104.0,-43.0,10.0,1.0,0.0,1.0,1.0,1.0,1.0,6804.0,6498.0,138.0,6561.0,6713.0,137.0,243.0,-215.0,1.0,3.0,0.0,1.0,1.0,1.0,1.0,9530.0,9640.0,209.0,8656.0,9154.0,191.0,874.0,486.0,18.0,3.0,0.0,1.0,1.0,1.0,1.0,12340.0,12435.0,272.0,10984.0,12169.0,264.0,1356.0,266.0,8.0,4.0,0.0,1.0,1.0,1.0,1.0
LOLTMNT01_419702,complete,,MSI,2026,,0,2026-07-08 04:03:01,2,16.13,5,Blue,sup,Isles,oe:player:40704dfd2d966862568d29770de57bd,LYON,oe:team:da1143bf9a245b78a8dc86417de85b3,1.0,Camille,Ryze,Akali,Vi,Yorick,Olaf,,,,,,1752,1,0,3,13,16,8,0.0,0.0,0.0,0.0,1.0,0.0,1.0,0.0,0.5479,0.8219,,,,,,,,,,,,,,,,,,,,,0.0,0.0,,,,,,,,,,0.0,0.0,13084,448.0822,0.15033,567.8082,409.0411,1225.0,63,2.1575,21,0.7192,26,139,4.7603,8908,5058,173.2192,0.117845,7270,,,30.0,30.0,0,,,1.0274,3033.0,2181.0,14.0,2981.0,2696.0,13.0,52.0,-515.0,1.0,0.0,3.0,1.0,1.0,3.0,0.0,4341.0,2618.0,18.0,4091.0,3260.0,17.0,250.0,-642.0,1.0,0.0,5.0,2.0,1.0,4.0,0.0,5550.0,3397.0,24.0,5205.0,3938.0,21.0,345.0,-541.0,3.0,0.0,5.0,3.0,1.0,5.0,0.0,7132.0,5603.0,29.0,6332.0,5672.0,24.0,800.0,-69.0,5.0,0.0,7.0,3.0,1.0,5.0,1.0
LOLTMNT01_419702,complete,,MSI,2026,,0,2026-07-08 04:03:01,2,16.13,6,Red,top,Pun,oe:player:6644a7352d32c9c4443017798130b61,Team Secret Whales,oe:team:740de582f50775c516c77ed7b923fd5,0.0,Jax,Cassiopeia,Rumble,Nocturne,Ashe,Jayce,,,,,,1752,0,1,5,1,8,16,0.0,0.0,0.0,0.0,0.0,0.0,0.0,0.0,0.274,0.8219,,,,,,,,,,,,,,,,,,,,,0.0,0.0,,,,,,,,,,0.0,0.0,10694,366.2329,0.207228,1082.2945,1067.1918,2941.0,13,0.4452,4,0.137,5,33,1.1301,9376,5526,189.2466,0.180986,9208,,,242.0,242.0,0,,,8.2877,3189.0,4484.0,78.0,3795.0,4978.0,91.0,-606.0,-494.0,-13.0,0.0,1.0,1.0,1.0,0.0,0.0,4808.0,7150.0,113.0,5839.0,9537.0,143.0,-1031.0,-2387.0,-30.0,1.0,1.0,3.0,2.0,2.0,0.0,6196.0,9426.0,151.0,8903.0,13391.0,200.0,-2707.0,-3965.0,-49.0,1.0,1.0,3.0,3.0,2.0,0.0,8112.0,12761.0,208.0,11329.0,16574.0,258.0,-3217.0,-3813.0,-50.0,1.0,1.0,4.0,3.0,2.0,0.0
LOLTMNT01_419702,complete,,MSI,2026,,0,2026-07-08 04:03:01,2,16.13,7,Red,jng,Hizto,oe:player:043e89cd3b06bc1a0555024d475c9d2,Team Secret Whales,oe:team:740de582f50775c516c77ed7b923fd5,0.0,Xin Zhao,Cassiopeia,Rumble,Nocturne,Ashe,Jayce,,,,,,1752,0,1,3,4,8,16,0.0,0.0,0.0,0.0,0.0,0.0,0.0,0.0,0.274,0.8219,,,,,,,,,,,,,,,,,,,,,0.0,1.0,,,,,,,,,,0.0,0.0,10185,348.8014,0.197365,1069.3493,656.5068,1052.0,14,0.4795,7,0.2397,11,41,1.4041,9635,5785,198.1164,0.189468,9475,,,177.0,8.0,169,,,6.0616,3777.0,3661.0,66.0,3337.0,3699.0,71.0,440.0,-38.0,-5.0,1.0,2.0,0.0,0.0,1.0,1.0,5119.0,5170.0,94.0,5517.0,6218.0,114.0,-398.0,-1048.0,-20.0,1.0,3.0,2.0,1.0,3.0,1.0,6997.0,7525.0,125.0,7244.0,9079.0,154.0,-247.0,-1554.0,-29.0,1.0,4.0,2.0,1.0,3.0,1.0,8442.0,9676.0,152.0,9428.0,12101.0,205.0,-986.0,-2425.0,-53.0,1.0,4.0,2.0,1.0,4.0,1.0
LOLTMNT01_419702,complete,,MSI,2026,,0,2026-07-08 04:03:01,2,16.13,8,Red,mid,Dire,oe:player:b7a3b6176406a92dd089fe2f82a1d3f,Team Secret Whales,oe:team:740de582f50775c516c77ed7b923fd5,0.0,Orianna,Cassiopeia,Rumble,Nocturne,Ashe,Jayce,,,,,,1752,0,4,4,1,8,16,0.0,0.0,0.0,0.0,0.0,0.0,0.0,0.0,0.274,0.8219,,,,,,,,,,,,,,,,,,,,,0.0,0.0,,,,,,,,,,0.0,0.0,15063,515.8562,0.29189,647.0548,400.9589,3512.0,15,0.5137,10,0.3425,6,45,1.5411,10929,7079,242.4315,0.231846,10800,,,271.0,271.0,0,,,9.2808,3995.0,4548.0,86.0,3912.0,4894.0,92.0,83.0,-346.0,-6.0,2.0,1.0,1.0,1.0,0.0,2.0,5530.0,7044.0,135.0,5597.0,7430.0,134.0,-67.0,-386.0,1.0,2.0,1.0,1.0,1.0,3.0,2.0,7989.0,10020.0,186.0,7400.0,10023.0,186.0,589.0,-3.0,0.0,4.0,1.0,2.0,1.0,3.0,3.0,10017.0,12870.0,252.0,10124.0,13328.0,250.0,-107.0,-458.0,2.0,4.0,1.0,2.0,2.0,3.0,3.0
LOLTMNT01_419702,complete,,MSI,2026,,0,2026-07-08 04:03:01,2,16.13,9,Red,bot,Eddie,oe:player:e5f6c83e6e97c74fc9e9760fc8972ae,Team Secret Whales,oe:team:740de582f50775c516c77ed7b923fd5,0.0,Sivir,Cassiopeia,Rumble,Nocturne,Ashe,Jayce,,,,,,1752,0,1,2,1,8,16,0.0,0.0,0.0,0.0,0.0,0.0,0.0,1.0,0.274,0.8219,,,,,,,,,,,,,,,,,,,,,0.0,0.0,,,,,,,,,,0.0,1.0,10270,351.7123,0.199012,386.3699,198.7671,1877.0,14,0.4795,9,0.3082,4,38,1.3014,12602,8752,299.726,0.286636,12700,,,300.0,300.0,0,,,10.274,3696.0,3958.0,78.0,3800.0,3915.0,88.0,-104.0,43.0,-10.0,1.0,1.0,1.0,1.0,0.0,1.0,6561.0,6713.0,137.0,6804.0,6498.0,138.0,-243.0,215.0,-1.0,1.0,1.0,1.0,3.0,0.0,1.0,8656.0,9154.0,191.0,9530.0,9640.0,209.0,-874.0,-486.0,-18.0,1.0,1.0,1.0,3.0,0.0,1.0,10984.0,12169.0,264.0,12340.0,12435.0,272.0,-1356.0,-266.0,-8.0,1.0,1.0,1.0,4.0,0.0,1.0
LOLTMNT01_419702,complete,,MSI,2026,,0,2026-07-08 04:03:01,2,16.13,10,Red,sup,Bie,oe:player:1f7d70f56b608b3137df2493949fdd0,Team Secret Whales,oe:team:740de582f50775c516c77ed7b923fd5,0.0,Bard,Cassiopeia,Rumble,Nocturne,Ashe,Jayce,,,,,,1752,0,1,2,5,8,16,0.0,0.0,0.0,0.0,0.0,0.0,0.0,0.0,0.274,0.8219,,,,,,,,,,,,,,,,,,,,,0.0,0.0,,,,,,,,,,0.0,0.0,5393,184.6918,0.104505,510.274,323.5959,249.0,73,2.5,17,0.5822,30,151,5.1712,7241,3391,116.1301,0.111065,7000,,,28.0,28.0,0,,,0.9589,2981.0,2696.0,13.0,3033.0,2181.0,14.0,-52.0,515.0,-1.0,1.0,3.0,0.0,0.0,3.0,1.0,4091.0,3260.0,17.0,4341.0,2618.0,18.0,-250.0,642.0,-1.0,1.0,4.0,0.0,0.0,5.0,2.0,5205.0,3938.0,21.0,5550.0,3397.0,24.0,-345.0,541.0,-3.0,1.0,5.0,0.0,0.0,5.0,3.0,6332.0,5672.0,24.0,7132.0,5603.0,29.0,-800.0,69.0,-5.0,1.0,5.0,1.0,0.0,7.0,3.0
LOLTMNT01_419702,complete,,MSI,2026,,0,2026-07-08 04:03:01,2,16.13,100,Blue,team,,,LYON,oe:team:da1143bf9a245b78a8dc86417de85b3,1.0,,Ryze,Akali,Vi,Yorick,Olaf,Varus,Viktor,Jarvan IV,Camille,Gnar,1752,1,16,8,32,16,8,2.0,0.0,0.0,0.0,1.0,,,,0.5479,0.8219,0.0,2.0,1.0,2.0,1.0,0.0,0.0,0.0,1.0,0.0,1.0,,0.0,0.0,0.0,0.0,1.0,2.0,1.0,1.0,1.0,0.0,0.0,0.0,1.0,8.0,1.0,1.0,1.0,34.0,11.0,1.0,0.0,87035,2980.6507,,2685.0342,3002.8425,33413.0,118,4.0411,59,2.0205,50,328,11.2329,62172,42924,1470.0,,54753,0.107181,1.81,,911.0,218,,,38.6644,17877.0,19667.0,356.0,17638.0,19347.0,321.0,239.0,320.0,35.0,3.0,4.0,5.0,5.0,8.0,3.0,28098.0,32301.0,547.0,26109.0,29337.0,496.0,1989.0,2964.0,51.0,7.0,13.0,6.0,6.0,10.0,7.0,38627.0,45530.0,773.0,35043.0,40063.0,674.0,3584.0,5467.0,99.0,8.0,13.0,8.0,8.0,12.0,8.0,50353.0,60041.0,1014.0,43887.0,53148.0,900.0,6466.0,6893.0,114.0,10.0,16.0,8.0,8.0,12.0,10.0
LOLTMNT01_419702,complete,,MSI,2026,,0,2026-07-08 04:03:01,2,16.13,200,Red,team,,,Team Secret Whales,oe:team:740de582f50775c516c77ed7b923fd5,0.0,,Cassiopeia,Rumble,Nocturne,Ashe,Jayce,Xin Zhao,Sivir,Orianna,Bard,Jax,1752,0,8,16,12,8,16,0.0,0.0,0.0,0.0,0.0,,,,0.274,0.8219,1.0,1.0,2.0,1.0,2.0,0.0,0.0,1.0,0.0,0.0,0.0,,0.0,0.0,1.0,1.0,0.0,1.0,2.0,0.0,0.0,1.0,0.0,0.0,0.0,1.0,8.0,0.0,0.0,11.0,34.0,0.0,1.0,51605,1767.2945,,3695.3425,2647.0205,9631.0,129,4.4178,47,1.6096,56,308,10.5479,49783,30535,1045.7192,,49183,-0.107181,-1.81,,849.0,169,,,34.863,17638.0,19347.0,321.0,17877.0,19667.0,356.0,-239.0,-320.0,-35.0,5.0,8.0,3.0,3.0,4.0,5.0,26109.0,29337.0,496.0,28098.0,32301.0,547.0,-1989.0,-2964.0,-51.0,6.0,10.0,7.0,7.0,13.0,6.0,35043.0,40063.0,674.0,38627.0,45530.0,773.0,-3584.0,-5467.0,-99.0,8.0,12.0,8.0,8.0,13.0,8.0,43887.0,53148.0,900.0,50353.0,60041.0,1014.0,-6466.0,-6893.0,-114.0,8.0,12.0,10.0,10.0,16.0,8.0
LOLTMNT01_419708,complete,,MSI,2026,,0,2026-07-08 04:52:49,3,16.13,1,Blue,top,Dhokla,oe:player:5385f74da3e5deb5b66d9a1ee56cf97,LYON,oe:team:da1143bf9a245b78a8dc86417de85b3,1.0,Jayce,Vi,Yorick,Olaf,Akali,Twisted Fate,,,,,,2010,1,5,2,7,17,11,1.0,0.0,0.0,0.0,0.0,0.0,0.0,0.0,0.5075,0.8358,,,,,,,,,,,,,,,,,,,,,0.0,0.0,,,,,,,,,,0.0,0.0,30552,912.0,0.34927,389.6716,306.597,19437.0,13,0.3881,9,0.2687,0,47,1.403,15937,11561,345.1045,0.255046,13150,,,331.0,311.0,20,,,9.8806,4291.0,5115.0,98.0,4134.0,4816.0,81.0,157.0,299.0,17.0,1.0,2.0,1.0,3.0,0.0,0.0,6944.0,9026.0,154.0,5350.0,7522.0,111.0,1594.0,1504.0,43.0,2.0,3.0,1.0,3.0,0.0,1.0,8961.0,11746.0,200.0,7974.0,10906.0,162.0,987.0,840.0,38.0,2.0,4.0,2.0,4.0,2.0,1.0,10621.0,14725.0,252.0,9262.0,13592.0,196.0,1359.0,1133.0,56.0,2.0,4.0,2.0,4.0,3.0,1.0
LOLTMNT01_419708,complete,,MSI,2026,,0,2026-07-08 04:52:49,3,16.13,2,Blue,jng,Inspired,oe:player:a8307167f3a1c933295bb9e3d43700e,LYON,oe:team:da1143bf9a245b78a8dc86417de85b3,1.0,Nocturne,Vi,Yorick,Olaf,Akali,Twisted Fate,,,,,,2010,1,4,3,5,17,11,1.0,0.0,0.0,0.0,0.0,0.0,0.0,0.0,0.5075,0.8358,,,,,,,,,,,,,,,,,,,,,0.0,0.0,,,,,,,,,,0.0,0.0,10576,315.7015,0.120904,846.6567,634.8657,5184.0,14,0.4179,18,0.5373,12,75,2.2388,13761,9385,280.1493,0.207042,12650,,,250.0,24.0,226,,,7.4627,3699.0,3774.0,70.0,3628.0,3647.0,65.0,71.0,127.0,5.0,1.0,1.0,1.0,1.0,1.0,2.0,6116.0,6492.0,109.0,5113.0,5786.0,103.0,1003.0,706.0,6.0,3.0,2.0,1.0,1.0,1.0,4.0,8926.0,9472.0,156.0,6943.0,8805.0,143.0,1983.0,667.0,13.0,4.0,2.0,2.0,1.0,3.0,4.0,10955.0,12124.0,199.0,8444.0,10843.0,177.0,2511.0,1281.0,22.0,4.0,3.0,2.0,1.0,3.0,5.0
LOLTMNT01_419708,complete,,MSI,2026,,0,2026-07-08 04:52:49,3,16.13,3,Blue,mid,Saint,oe:player:f45792335d83b10581da2f0cbdd6e8e,LYON,oe:team:da1143bf9a245b78a8dc86417de85b3,1.0,Ahri,Vi,Yorick,Olaf,Akali,Twisted Fate,,,,,,2010,1,2,1,7,17,11,0.0,0.0,0.0,0.0,0.0,0.0,0.0,0.0,0.5075,0.8358,,,,,,,,,,,,,,,,,,,,,0.0,0.0,,,,,,,,,,0.0,0.0,18405,549.403,0.210405,344.8955,180.209,6785.0,4,0.1194,17,0.5075,3,44,1.3134,13075,8699,259.6716,0.191908,11875,,,295.0,295.0,0,,,8.806,3764.0,4929.0,95.0,3549.0,5100.0,100.0,215.0,-171.0,-5.0,1.0,1.0,0.0,0.0,1.0,1.0,5560.0,7323.0,145.0,5260.0,7775.0,156.0,300.0,-452.0,-11.0,1.0,1.0,0.0,0.0,1.0,1.0,7970.0,9923.0,202.0,7406.0,10286.0,191.0,564.0,-363.0,11.0,1.0,1.0,0.0,1.0,2.0,2.0,9800.0,12418.0,251.0,8756.0,11937.0,220.0,1044.0,481.0,31.0,1.0,1.0,0.0,2.0,2.0,2.0
LOLTMNT01_419708,complete,,MSI,2026,,0,2026-07-08 04:52:49,3,16.13,4,Blue,bot,Berserker,oe:player:460ae5a7af8d68f7831b70307210ab3,LYON,oe:team:da1143bf9a245b78a8dc86417de85b3,1.0,Ziggs,Vi,Yorick,Olaf,Akali,Twisted Fate,,,,,,2010,1,6,2,6,17,11,0.0,0.0,0.0,0.0,0.0,0.0,0.0,0.0,0.5075,0.8358,,,,,,,,,,,,,,,,,,,,,0.0,0.0,,,,,,,,,,1.0,0.0,24854,741.9104,0.28413,285.0746,126.7761,11532.0,17,0.5075,6,0.1791,6,37,1.1045,16176,11800,352.2388,0.260319,14000,,,297.0,297.0,0,,,8.8657,3711.0,3343.0,67.0,3557.0,3433.0,82.0,154.0,-90.0,-15.0,2.0,2.0,0.0,0.0,4.0,1.0,6187.0,6203.0,121.0,5733.0,6400.0,142.0,454.0,-197.0,-21.0,2.0,2.0,0.0,0.0,4.0,1.0,8502.0,9406.0,174.0,8328.0,9540.0,198.0,174.0,-134.0,-24.0,2.0,3.0,1.0,1.0,5.0,1.0,10921.0,11799.0,221.0,10514.0,11926.0,263.0,407.0,-127.0,-42.0,3.0,3.0,1.0,1.0,6.0,1.0
LOLTMNT01_419708,complete,,MSI,2026,,0,2026-07-08 04:52:49,3,16.13,5,Blue,sup,Isles,oe:player:40704dfd2d966862568d29770de57bd,LYON,oe:team:da1143bf9a245b78a8dc86417de85b3,1.0,Rell,Vi,Yorick,Olaf,Akali,Twisted Fate,,,,,,2010,1,0,3,11,17,11,0.0,0.0,0.0,0.0,0.0,0.0,0.0,1.0,0.5075,0.8358,,,,,,,,,,,,,,,,,,,,,0.0,0.0,,,,,,,,,,0.0,0.0,3087,92.1493,0.0352905,525.1045,593.0448,0.0,72,2.1493,13,0.3881,31,133,3.9701,8260,3884,115.9403,0.0856847,7405,,,29.0,29.0,0,,,0.8657,2387.0,2084.0,15.0,2560.0,2020.0,9.0,-173.0,64.0,6.0,0.0,3.0,2.0,0.0,3.0,1.0,3598.0,2857.0,18.0,3718.0,2583.0,16.0,-120.0,274.0,2.0,0.0,5.0,2.0,0.0,3.0,1.0,4878.0,3672.0,22.0,4844.0,4372.0,25.0,34.0,-700.0,-3.0,0.0,5.0,2.0,0.0,3.0,1.0,6031.0,3999.0,25.0,5896.0,5687.0,28.0,135.0,-1688.0,-3.0,0.0,5.0,3.0,0.0,4.0,1.0
LOLTMNT01_419708,complete,,MSI,2026,,0,2026-07-08 04:52:49,3,16.13,6,Red,top,Pun,oe:player:6644a7352d32c9c4443017798130b61,Team Secret Whales,oe:team:740de582f50775c516c77ed7b923fd5,0.0,Sion,Cassiopeia,Ryze,Mel,Shen,Syndra,,,,,,2010,0,4,3,4,11,17,1.0,0.0,0.0,0.0,0.0,0.0,0.0,0.0,0.3284,0.8358,,,,,,,,,,,,,,,,,,,,,0.0,0.0,,,,,,,,,,0.0,0.0,14501,432.8657,0.257997,1087.9701,1998.6567,701.0,17,0.5075,3,0.0896,10,38,1.1343,11419,7043,210.2388,0.191782,11300,,,230.0,230.0,0,,,6.8657,4134.0,4816.0,81.0,4291.0,5115.0,98.0,-157.0,-299.0,-17.0,3.0,0.0,0.0,1.0,2.0,1.0,5350.0,7522.0,111.0,6944.0,9026.0,154.0,-1594.0,-1504.0,-43.0,3.0,0.0,1.0,2.0,3.0,1.0,7974.0,10906.0,162.0,8961.0,11746.0,200.0,-987.0,-840.0,-38.0,4.0,2.0,1.0,2.0,4.0,2.0,9262.0,13592.0,196.0,10621.0,14725.0,252.0,-1359.0,-1133.0,-56.0,4.0,3.0,1.0,2.0,4.0,2.0
LOLTMNT01_419708,complete,,MSI,2026,,0,2026-07-08 04:52:49,3,16.13,7,Red,jng,Hizto,oe:player:043e89cd3b06bc1a0555024d475c9d2,Team Secret Whales,oe:team:740de582f50775c516c77ed7b923fd5,0.0,Naafiri,Cassiopeia,Ryze,Mel,Shen,Syndra,,,,,,2010,0,1,6,5,11,17,0.0,0.0,0.0,0.0,1.0,1.0,0.0,0.0,0.3284,0.8358,,,,,,,,,,,,,,,,,,,,,0.0,0.0,,,,,,,,,,0.0,0.0,10500,313.4328,0.186813,789.9104,394.9552,0.0,13,0.3881,6,0.1791,8,52,1.5522,11556,7180,214.3284,0.195512,11150,,,241.0,16.0,225,,,7.194,3628.0,3647.0,65.0,3699.0,3774.0,70.0,-71.0,-127.0,-5.0,1.0,1.0,2.0,1.0,1.0,1.0,5113.0,5786.0,103.0,6116.0,6492.0,109.0,-1003.0,-706.0,-6.0,1.0,1.0,4.0,3.0,2.0,1.0,6943.0,8805.0,143.0,8926.0,9472.0,156.0,-1983.0,-667.0,-13.0,1.0,3.0,4.0,4.0,2.0,2.0,8444.0,10843.0,177.0,10955.0,12124.0,199.0,-2511.0,-1281.0,-22.0,1.0,3.0,5.0,4.0,3.0,2.0
LOLTMNT01_419708,complete,,MSI,2026,,0,2026-07-08 04:52:49,3,16.13,8,Red,mid,Dire,oe:player:b7a3b6176406a92dd089fe2f82a1d3f,Team Secret Whales,oe:team:740de582f50775c516c77ed7b923fd5,0.0,Vex,Cassiopeia,Ryze,Mel,Shen,Syndra,,,,,,2010,0,4,4,2,11,17,1.0,0.0,0.0,0.0,0.0,0.0,0.0,0.0,0.3284,0.8358,,,,,,,,,,,,,,,,,,,,,0.0,0.0,,,,,,,,,,0.0,0.0,10282,306.9254,0.182934,406.9254,259.4925,1655.0,12,0.3582,14,0.4179,9,54,1.6119,13138,8762,261.5522,0.238591,11225,,,284.0,284.0,0,,,8.4776,3549.0,5100.0,100.0,3764.0,4929.0,95.0,-215.0,171.0,5.0,0.0,1.0,1.0,1.0,1.0,0.0,5260.0,7775.0,156.0,5560.0,7323.0,145.0,-300.0,452.0,11.0,0.0,1.0,1.0,1.0,1.0,0.0,7406.0,10286.0,191.0,7970.0,9923.0,202.0,-564.0,363.0,-11.0,1.0,2.0,2.0,1.0,1.0,0.0,8756.0,11937.0,220.0,9800.0,12418.0,251.0,-1044.0,-481.0,-31.0,2.0,2.0,2.0,1.0,1.0,0.0
LOLTMNT01_419708,complete,,MSI,2026,,0,2026-07-08 04:52:49,3,16.13,9,Red,bot,Eddie,oe:player:e5f6c83e6e97c74fc9e9760fc8972ae,Team Secret Whales,oe:team:740de582f50775c516c77ed7b923fd5,0.0,Caitlyn,Cassiopeia,Ryze,Mel,Shen,Syndra,,,,,,2010,0,2,2,6,11,17,0.0,0.0,0.0,0.0,1.0,0.0,1.0,0.0,0.3284,0.8358,,,,,,,,,,,,,,,,,,,,,0.0,0.0,,,,,,,,,,0.0,1.0,11430,341.194,0.203359,345.1642,169.8209,146.0,18,0.5373,10,0.2985,6,39,1.1642,14553,10177,303.791,0.277121,13200,,,355.0,354.0,1,,,10.597,3557.0,3433.0,82.0,3711.0,3343.0,67.0,-154.0,90.0,15.0,0.0,4.0,1.0,2.0,2.0,0.0,5733.0,6400.0,142.0,6187.0,6203.0,121.0,-454.0,197.0,21.0,0.0,4.0,1.0,2.0,2.0,0.0,8328.0,9540.0,198.0,8502.0,9406.0,174.0,-174.0,134.0,24.0,1.0,5.0,1.0,2.0,3.0,1.0,10514.0,11926.0,263.0,10921.0,11799.0,221.0,-407.0,127.0,42.0,1.0,6.0,1.0,3.0,3.0,1.0
LOLTMNT01_419708,complete,,MSI,2026,,0,2026-07-08 04:52:49,3,16.13,10,Red,sup,Bie,oe:player:1f7d70f56b608b3137df2493949fdd0,Team Secret Whales,oe:team:740de582f50775c516c77ed7b923fd5,0.0,Elise,Cassiopeia,Ryze,Mel,Shen,Syndra,,,,,,2010,0,0,2,6,11,17,0.0,0.0,0.0,0.0,1.0,0.0,1.0,0.0,0.3284,0.8358,,,,,,,,,,,,,,,,,,,,,0.0,0.0,,,,,,,,,,0.0,0.0,9493,283.3731,0.168897,454.2985,205.194,365.0,73,2.1791,20,0.597,24,147,4.3881,7938,3562,106.3284,0.0969938,7555,,,35.0,35.0,0,,,1.0448,2560.0,2020.0,9.0,2387.0,2084.0,15.0,173.0,-64.0,-6.0,0.0,3.0,1.0,0.0,3.0,2.0,3718.0,2583.0,16.0,3598.0,2857.0,18.0,120.0,-274.0,-2.0,0.0,3.0,1.0,0.0,5.0,2.0,4844.0,4372.0,25.0,4878.0,3672.0,22.0,-34.0,700.0,3.0,0.0,3.0,1.0,0.0,5.0,2.0,5896.0,5687.0,28.0,6031.0,3999.0,25.0,-135.0,1688.0,3.0,0.0,4.0,1.0,0.0,5.0,3.0
LOLTMNT01_419708,complete,,MSI,2026,,0,2026-07-08 04:52:49,3,16.13,100,Blue,team,,,LYON,oe:team:da1143bf9a245b78a8dc86417de85b3,1.0,,Vi,Yorick,Olaf,Akali,Twisted Fate,Nocturne,Ziggs,Jayce,Ahri,Rell,2010,1,17,11,36,17,11,2.0,0.0,0.0,0.0,0.0,,,,0.5075,0.8358,0.0,2.0,2.0,2.0,2.0,2.0,0.0,0.0,0.0,0.0,0.0,,0.0,0.0,1.0,1.0,0.0,1.0,2.0,0.0,0.0,0.0,0.0,0.0,1.0,9.0,1.0,1.0,1.0,36.0,9.0,1.0,0.0,87474,2611.1642,,2391.403,1841.4925,42938.0,120,3.5821,63,1.8806,52,336,10.0299,67209,45329,1353.1045,,59080,0.0819311,1.86,,956.0,246,,,35.8806,17852.0,19245.0,345.0,17428.0,19016.0,337.0,424.0,229.0,8.0,5.0,9.0,4.0,4.0,9.0,5.0,28405.0,31901.0,547.0,25174.0,30066.0,528.0,3231.0,1835.0,19.0,8.0,13.0,4.0,4.0,9.0,8.0,39237.0,44219.0,754.0,35495.0,43909.0,719.0,3742.0,310.0,35.0,9.0,15.0,7.0,7.0,15.0,9.0,48328.0,55065.0,948.0,42872.0,53985.0,884.0,5456.0,1080.0,64.0,10.0,16.0,8.0,8.0,18.0,10.0
LOLTMNT01_419708,complete,,MSI,2026,,0,2026-07-08 04:52:49,3,16.13,200,Red,team,,,Team Secret Whales,oe:team:740de582f50775c516c77ed7b923fd5,0.0,,Cassiopeia,Ryze,Mel,Shen,Syndra,Caitlyn,Elise,Sion,Naafiri,Vex,2010,0,11,17,23,11,17,2.0,0.0,0.0,0.0,1.0,,,,0.3284,0.8358,1.0,2.0,2.0,2.0,2.0,0.0,0.0,0.0,0.0,1.0,1.0,,0.0,0.0,0.0,0.0,1.0,2.0,1.0,0.0,0.0,0.0,0.0,0.0,0.0,1.0,9.0,0.0,0.0,9.0,36.0,0.0,1.0,56206,1677.791,,3084.2687,3028.1194,2867.0,133,3.9701,53,1.5821,57,330,9.8507,58604,36724,1096.2388,,54430,-0.0819311,-1.86,,919.0,226,,,34.1791,17428.0,19016.0,337.0,17852.0,19245.0,345.0,-424.0,-229.0,-8.0,4.0,9.0,5.0,5.0,9.0,4.0,25174.0,30066.0,528.0,28405.0,31901.0,547.0,-3231.0,-1835.0,-19.0,4.0,9.0,8.0,8.0,13.0,4.0,35495.0,43909.0,719.0,39237.0,44219.0,754.0,-3742.0,-310.0,-35.0,7.0,15.0,9.0,9.0,15.0,7.0,42872.0,53985.0,884.0,48328.0,55065.0,948.0,-5456.0,-1080.0,-64.0,8.0,18.0,10.0,10.0,16.0,8.0
LOLTMNT01_419720,complete,,MSI,2026,,0,2026-07-08 05:52:42,1,16.13,1,Blue,top,BrokenBlade,oe:player:84bff3a326833c7c9181c698f676878,G2 Esports,oe:team:7d6673d3a9d00363c6bebc1a630da6e,0.0,Vayne,Jayce,Vi,Orianna,Gnar,Ambessa,,,,,,2754,1,7,5,9,26,21,1.0,0.0,0.0,0.0,1.0,1.0,0.0,0.0,0.5664,1.024,,,,,,,,,,,,,,,,,,,,,0.0,0.0,,,,,,,,,,1.0,0.0,38659,842.244,0.267189,837.1895,423.1808,8517.0,23,0.5011,11,0.2397,7,79,1.7211,19131,13237,288.3878,0.211143,17858,,,349.0,345.0,4,,,7.6035,3587.0,4642.0,75.0,3587.0,4727.0,65.0,0.0,-85.0,10.0,1.0,2.0,1.0,2.0,0.0,2.0,5806.0,8722.0,127.0,4697.0,7408.0,94.0,1109.0,1314.0,33.0,2.0,4.0,1.0,2.0,0.0,4.0,7267.0,11290.0,166.0,7065.0,10781.0,140.0,202.0,509.0,26.0,2.0,4.0,1.0,3.0,1.0,4.0,8749.0,13655.0,206.0,8976.0,13452.0,178.0,-227.0,203.0,28.0,2.0,4.0,2.0,3.0,2.0,4.0
LOLTMNT01_419720,complete,,MSI,2026,,0,2026-07-08 05:52:42,1,16.13,2,Blue,jng,SkewMond,oe:player:ab15060e5225b51592cd04b3aed1e09,G2 Esports,oe:team:7d6673d3a9d00363c6bebc1a630da6e,0.0,Jarvan IV,Jayce,Vi,Orianna,Gnar,Ambessa,,,,,,2754,1,1,5,19,26,21,0.0,0.0,0.0,0.0,0.0,0.0,0.0,0.0,0.5664,1.024,,,,,,,,,,,,,,,,,,,,,1.0,1.0,,,,,,,,,,1.0,0.0,22365,487.2549,0.154574,903.9651,1453.0283,1736.0,15,0.3268,24,0.5229,14,111,2.4183,17090,11196,243.9216,0.178588,15200,,,305.0,47.0,258,,,6.6449,3700.0,3519.0,64.0,3482.0,3339.0,61.0,218.0,180.0,3.0,1.0,3.0,2.0,1.0,1.0,3.0,5829.0,6748.0,115.0,5217.0,6098.0,102.0,612.0,650.0,13.0,1.0,6.0,2.0,1.0,2.0,3.0,7588.0,9182.0,158.0,7120.0,8463.0,141.0,468.0,719.0,17.0,1.0,6.0,2.0,1.0,2.0,3.0,9131.0,10990.0,183.0,9149.0,10864.0,179.0,-18.0,126.0,4.0,1.0,8.0,3.0,2.0,2.0,4.0
LOLTMNT01_419720,complete,,MSI,2026,,0,2026-07-08 05:52:42,1,16.13,3,Blue,mid,Caps,oe:player:55dd587cdc4a278be6a5c37f9e539de,G2 Esports,oe:team:7d6673d3a9d00363c6bebc1a630da6e,0.0,Anivia,Jayce,Vi,Orianna,Gnar,Ambessa,,,,,,2754,1,9,3,10,26,21,1.0,0.0,0.0,0.0,0.0,0.0,0.0,0.0,0.5664,1.024,,,,,,,,,,,,,,,,,,,,,0.0,0.0,,,,,,,,,,0.0,0.0,30247,658.976,0.20905,938.976,615.3377,16248.0,19,0.4139,16,0.3486,6,95,2.0697,20146,14252,310.5011,0.227333,17900,,,376.0,370.0,6,,,8.1917,3456.0,4005.0,70.0,3602.0,4554.0,87.0,-146.0,-549.0,-17.0,1.0,2.0,1.0,1.0,0.0,1.0,5448.0,6246.0,112.0,5339.0,7051.0,140.0,109.0,-805.0,-28.0,3.0,2.0,1.0,1.0,0.0,1.0,7875.0,9355.0,161.0,7489.0,9515.0,185.0,386.0,-160.0,-24.0,4.0,2.0,2.0,1.0,2.0,2.0,10447.0,13559.0,213.0,9134.0,13063.0,225.0,1313.0,496.0,-12.0,6.0,2.0,2.0,1.0,3.0,3.0
LOLTMNT01_419720,complete,,MSI,2026,,0,2026-07-08 05:52:42,1,16.13,4,Blue,bot,Hans Sama,oe:player:c62a5235ad6bc113a1e64eb0e9aa8c8,G2 Esports,oe:team:7d6673d3a9d00363c6bebc1a630da6e,0.0,Ezreal,Jayce,Vi,Orianna,Gnar,Ambessa,,,,,,2754,1,9,2,5,26,21,3.0,0.0,0.0,0.0,0.0,0.0,0.0,0.0,0.5664,1.024,,,,,,,,,,,,,,,,,,,,,0.0,1.0,,,,,,,,,,0.0,0.0,43433,946.2527,0.300184,644.0305,370.305,6725.0,17,0.3704,11,0.2397,4,67,1.4597,23425,17531,381.939,0.279635,21483,,,453.0,440.0,13,,,9.8693,4236.0,4717.0,100.0,3743.0,4787.0,100.0,493.0,-70.0,0.0,3.0,0.0,0.0,0.0,1.0,0.0,6570.0,7546.0,159.0,6911.0,7906.0,167.0,-341.0,-360.0,-8.0,3.0,0.0,1.0,1.0,1.0,0.0,9176.0,10617.0,227.0,9739.0,11171.0,234.0,-563.0,-554.0,-7.0,3.0,0.0,1.0,2.0,2.0,0.0,11132.0,13025.0,274.0,12454.0,14071.0,292.0,-1322.0,-1046.0,-18.0,3.0,0.0,1.0,3.0,2.0,0.0
LOLTMNT01_419720,complete,,MSI,2026,,0,2026-07-08 05:52:42,1,16.13,5,Blue,sup,Labrov,oe:player:bb6ac5763c6576e104a7a2f59eb4ddf,G2 Esports,oe:team:7d6673d3a9d00363c6bebc1a630da6e,0.0,Leona,Jayce,Vi,Orianna,Gnar,Ambessa,,,,,,2754,1,0,6,17,26,21,0.0,0.0,0.0,0.0,0.0,0.0,0.0,0.0,0.5664,1.024,,,,,,,,,,,,,,,,,,,,,0.0,0.0,,,,,,,,,,0.0,0.0,9984,217.5163,0.0690036,808.9542,818.6492,3455.0,92,2.0044,27,0.5882,28,231,5.0327,12370,6476,141.0893,0.103301,10450,,,36.0,36.0,0,,,0.7843,2646.0,2204.0,4.0,2466.0,1475.0,11.0,180.0,729.0,-7.0,0.0,5.0,0.0,0.0,1.0,0.0,3676.0,3145.0,9.0,3729.0,3115.0,18.0,-53.0,30.0,-9.0,0.0,6.0,0.0,0.0,2.0,1.0,5069.0,4816.0,11.0,4989.0,4105.0,21.0,80.0,711.0,-10.0,0.0,7.0,1.0,0.0,3.0,1.0,6489.0,6427.0,17.0,6201.0,5755.0,24.0,288.0,672.0,-7.0,0.0,9.0,1.0,0.0,4.0,1.0
LOLTMNT01_419720,complete,,MSI,2026,,0,2026-07-08 05:52:42,1,16.13,6,Red,top,Doran,oe:player:a1f3b2bb3f36e5113237f92d76dc4c8,T1,oe:team:ce499dea30cfce118f4fe85da0227e8,1.0,Renekton,Poppy,Nautilus,Akali,Syndra,Rumble,,,,,,2754,0,3,8,5,21,26,0.0,0.0,0.0,0.0,0.0,0.0,0.0,1.0,0.4575,1.024,,,,,,,,,,,,,,,,,,,,,0.0,0.0,,,,,,,,,,0.0,1.0,20503,446.6885,0.133474,1149.1503,1389.7821,6070.0,16,0.3486,10,0.2179,9,61,1.329,16113,10219,222.6362,0.182031,15325,,,301.0,297.0,4,,,6.5577,3587.0,4727.0,65.0,3587.0,4642.0,75.0,0.0,85.0,-10.0,2.0,0.0,2.0,1.0,2.0,1.0,4697.0,7408.0,94.0,5806.0,8722.0,127.0,-1109.0,-1314.0,-33.0,2.0,0.0,4.0,2.0,4.0,1.0,7065.0,10781.0,140.0,7267.0,11290.0,166.0,-202.0,-509.0,-26.0,3.0,1.0,4.0,2.0,4.0,1.0,8976.0,13452.0,178.0,8749.0,13655.0,206.0,227.0,-203.0,-28.0,3.0,2.0,4.0,2.0,4.0,2.0
LOLTMNT01_419720,complete,,MSI,2026,,0,2026-07-08 05:52:42,1,16.13,7,Red,jng,Oner,oe:player:f8b68f268106124fc4bc1c946adc9b0,T1,oe:team:ce499dea30cfce118f4fe85da0227e8,1.0,Nocturne,Poppy,Nautilus,Akali,Syndra,Rumble,,,,,,2754,0,3,7,10,21,26,0.0,0.0,0.0,0.0,0.0,0.0,0.0,0.0,0.4575,1.024,,,,,,,,,,,,,,,,,,,,,1.0,1.0,,,,,,,,,,0.0,1.0,19753,430.3486,0.128592,1111.5686,821.7429,0.0,17,0.3704,18,0.3922,17,83,1.8083,16159,10265,223.6383,0.18285,15450,,,277.0,39.0,238,,,6.0349,3482.0,3339.0,61.0,3700.0,3519.0,64.0,-218.0,-180.0,-3.0,1.0,1.0,3.0,1.0,3.0,2.0,5217.0,6098.0,102.0,5829.0,6748.0,115.0,-612.0,-650.0,-13.0,1.0,2.0,3.0,1.0,6.0,2.0,7120.0,8463.0,141.0,7588.0,9182.0,158.0,-468.0,-719.0,-17.0,1.0,2.0,3.0,1.0,6.0,2.0,9149.0,10864.0,179.0,9131.0,10990.0,183.0,18.0,-126.0,-4.0,2.0,2.0,4.0,1.0,8.0,3.0
LOLTMNT01_419720,complete,,MSI,2026,,0,2026-07-08 05:52:42,1,16.13,8,Red,mid,Faker,oe:player:e1edfc5cea461399a63cb813cf795cc,T1,oe:team:ce499dea30cfce118f4fe85da0227e8,1.0,Cassiopeia,Poppy,Nautilus,Akali,Syndra,Rumble,,,,,,2754,0,6,5,6,21,26,0.0,0.0,0.0,0.0,0.0,0.0,0.0,0.0,0.4575,1.024,,,,,,,,,,,,,,,,,,,,,0.0,0.0,,,,,,,,,,0.0,0.0,35910,782.3529,0.233774,842.963,605.5991,7966.0,20,0.4357,8,0.1743,5,57,1.2418,18603,12709,276.8845,0.226384,17825,,,385.0,361.0,24,,,8.3878,3602.0,4554.0,87.0,3456.0,4005.0,70.0,146.0,549.0,17.0,1.0,0.0,1.0,1.0,2.0,1.0,5339.0,7051.0,140.0,5448.0,6246.0,112.0,-109.0,805.0,28.0,1.0,0.0,1.0,3.0,2.0,1.0,7489.0,9515.0,185.0,7875.0,9355.0,161.0,-386.0,160.0,24.0,1.0,2.0,2.0,4.0,2.0,2.0,9134.0,13063.0,225.0,10447.0,13559.0,213.0,-1313.0,-496.0,12.0,1.0,3.0,3.0,6.0,2.0,2.0
LOLTMNT01_419720,complete,,MSI,2026,,0,2026-07-08 05:52:42,1,16.13,9,Red,bot,Peyz,oe:player:5bbc2b92348d930ebd500cb9ce71bb7,T1,oe:team:ce499dea30cfce118f4fe85da0227e8,1.0,Ziggs,Poppy,Nautilus,Akali,Syndra,Rumble,,,,,,2754,0,9,1,8,21,26,1.0,0.0,0.0,0.0,0.0,0.0,0.0,0.0,0.4575,1.024,,,,,,,,,,,,,,,,,,,,,1.0,0.0,,,,,,,,,,0.0,0.0,60159,1310.6536,0.391635,443.4858,340.3704,10798.0,20,0.4357,7,0.1525,5,58,1.2636,23083,17189,374.488,0.306184,23075,,,455.0,421.0,34,,,9.9129,3743.0,4787.0,100.0,4236.0,4717.0,100.0,-493.0,70.0,0.0,0.0,1.0,0.0,3.0,0.0,0.0,6911.0,7906.0,167.0,6570.0,7546.0,159.0,341.0,360.0,8.0,1.0,1.0,0.0,3.0,0.0,1.0,9739.0,11171.0,234.0,9176.0,10617.0,227.0,563.0,554.0,7.0,2.0,2.0,0.0,3.0,0.0,1.0,12454.0,14071.0,292.0,11132.0,13025.0,274.0,1322.0,1046.0,18.0,3.0,2.0,0.0,3.0,0.0,1.0
LOLTMNT01_419720,complete,,MSI,2026,,0,2026-07-08 05:52:42,1,16.13,10,Red,sup,Keria,oe:player:db79ce6ad35451c938fbe2995dabd37,T1,oe:team:ce499dea30cfce118f4fe85da0227e8,1.0,Camille,Poppy,Nautilus,Akali,Syndra,Rumble,,,,,,2754,0,0,5,11,21,26,0.0,0.0,0.0,0.0,0.0,0.0,0.0,0.0,0.4575,1.024,,,,,,,,,,,,,,,,,,,,,0.0,0.0,,,,,,,,,,0.0,0.0,17285,376.5795,0.112525,548.78,569.9564,303.0,120,2.6144,28,0.61,47,234,5.098,11651,5757,125.4248,0.102551,11455,,,49.0,49.0,0,,,1.0675,2466.0,1475.0,11.0,2646.0,2204.0,4.0,-180.0,-729.0,7.0,0.0,1.0,0.0,0.0,5.0,0.0,3729.0,3115.0,18.0,3676.0,3145.0,9.0,53.0,-30.0,9.0,0.0,2.0,1.0,0.0,6.0,0.0,4989.0,4105.0,21.0,5069.0,4816.0,11.0,-80.0,-711.0,10.0,0.0,3.0,1.0,0.0,7.0,1.0,6201.0,5755.0,24.0,6489.0,6427.0,17.0,-288.0,-672.0,7.0,0.0,4.0,1.0,0.0,9.0,1.0
LOLTMNT01_419720,complete,,MSI,2026,,0,2026-07-08 05:52:42,1,16.13,100,Blue,team,,,G2 Esports,oe:team:7d6673d3a9d00363c6bebc1a630da6e,0.0,,Jayce,Vi,Orianna,Gnar,Ambessa,Jarvan IV,Ezreal,Leona,Anivia,Vayne,2754,1,26,21,60,26,21,5.0,0.0,0.0,0.0,1.0,,,,0.5664,1.024,0.0,3.0,3.0,3.0,3.0,2.0,0.0,0.0,0.0,0.0,1.0,,0.0,0.0,0.0,0.0,1.0,3.0,0.0,0.0,1.0,2.0,0.0,0.0,1.0,9.0,6.0,0.0,0.0,38.0,37.0,2.0,0.0,144688,3152.244,,4133.1155,3680.5011,36681.0,166,3.6166,89,1.939,59,583,12.7015,92162,62693,1365.8606,,82891,-0.00287915,0.0,,1238.0,281,,,33.0937,17625.0,19087.0,313.0,16880.0,18882.0,324.0,745.0,205.0,-11.0,6.0,12.0,4.0,4.0,3.0,6.0,27329.0,32407.0,522.0,25893.0,31578.0,521.0,1436.0,829.0,1.0,9.0,18.0,5.0,5.0,5.0,9.0,36975.0,45260.0,723.0,36402.0,44035.0,721.0,573.0,1225.0,2.0,10.0,19.0,7.0,7.0,10.0,10.0,45948.0,57656.0,893.0,45914.0,57205.0,898.0,34.0,451.0,-5.0,12.0,23.0,9.0,9.0,13.0,12.0
LOLTMNT01_419720,complete,,MSI,2026,,0,2026-07-08 05:52:42,1,16.13,200,Red,team,,,T1,oe:team:ce499dea30cfce118f4fe85da0227e8,1.0,,Poppy,Nautilus,Akali,Syndra,Rumble,Nocturne,Camille,Ziggs,Renekton,Cassiopeia,2754,0,21,26,40,21,26,1.0,0.0,0.0,0.0,0.0,,,,0.4575,1.024,1.0,3.0,3.0,3.0,3.0,2.0,1.0,0.0,0.0,0.0,0.0,,0.0,0.0,1.0,1.0,0.0,0.0,3.0,1.0,2.0,1.0,0.0,0.0,0.0,6.0,9.0,1.0,1.0,37.0,38.0,0.0,2.0,153610,3346.6231,,4095.9477,3727.451,25137.0,193,4.2048,71,1.5468,83,493,10.7407,85609,56140,1223.0937,,83130,0.00287915,-0.0,,1167.0,300,,,31.9608,16880.0,18882.0,324.0,17625.0,19087.0,313.0,-745.0,-205.0,11.0,4.0,3.0,6.0,6.0,12.0,4.0,25893.0,31578.0,521.0,27329.0,32407.0,522.0,-1436.0,-829.0,-1.0,5.0,5.0,9.0,9.0,18.0,5.0,36402.0,44035.0,721.0,36975.0,45260.0,723.0,-573.0,-1225.0,-2.0,7.0,10.0,10.0,10.0,19.0,7.0,45914.0,57205.0,898.0,45948.0,57656.0,893.0,-34.0,-451.0,5.0,9.0,13.0,12.0,12.0,23.0,9.0
LOLTMNT01_419742,complete,,MSI,2026,,0,2026-07-08 07:02:43,2,16.13,1,Blue,top,BrokenBlade,oe:player:84bff3a326833c7c9181c698f676878,G2 Esports,oe:team:7d6673d3a9d00363c6bebc1a630da6e,0.0,Cho'Gath,Orianna,Jayce,Vi,Ambessa,Poppy,,,,,,1884,1,5,0,6,18,8,0.0,0.0,0.0,0.0,0.0,0.0,0.0,0.0,0.5732,0.828,,,,,,,,,,,,,,,,,,,,,0.0,0.0,,,,,,,,,,0.0,0.0,19108,608.535,0.249458,1251.5924,1540.9554,12726.0,15,0.4777,9,0.2866,8,55,1.7516,13366,9247,294.4904,0.202874,13250,,,247.0,247.0,0,,,7.8662,3781.0,5259.0,92.0,3337.0,4790.0,87.0,444.0,469.0,5.0,1.0,0.0,0.0,0.0,0.0,1.0,5640.0,8715.0,135.0,5129.0,8274.0,126.0,511.0,441.0,9.0,1.0,0.0,0.0,0.0,0.0,1.0,8291.0,12363.0,179.0,6944.0,10516.0,164.0,1347.0,1847.0,15.0,3.0,1.0,0.0,0.0,0.0,2.0,10838.0,16057.0,214.0,8774.0,12207.0,193.0,2064.0,3850.0,21.0,4.0,3.0,0.0,0.0,0.0,4.0
LOLTMNT01_419742,complete,,MSI,2026,,0,2026-07-08 07:02:43,2,16.13,2,Blue,jng,SkewMond,oe:player:ab15060e5225b51592cd04b3aed1e09,G2 Esports,oe:team:7d6673d3a9d00363c6bebc1a630da6e,0.0,Pantheon,Orianna,Jayce,Vi,Ambessa,Poppy,,,,,,1884,1,4,1,6,18,8,0.0,0.0,0.0,0.0,0.0,0.0,0.0,0.0,0.5732,0.828,,,,,,,,,,,,,,,,,,,,,2.0,0.0,,,,,,,,,,0.0,0.0,16922,538.9172,0.22092,799.8726,687.1656,4505.0,13,0.414,5,0.1592,11,51,1.6242,13689,9570,304.7771,0.20996,12425,,,241.0,31.0,210,,,7.6752,3371.0,3985.0,75.0,3677.0,3719.0,68.0,-306.0,266.0,7.0,0.0,1.0,0.0,1.0,0.0,0.0,4858.0,6012.0,108.0,5943.0,6410.0,108.0,-1085.0,-398.0,0.0,0.0,1.0,1.0,2.0,1.0,1.0,7509.0,8920.0,148.0,7948.0,8749.0,144.0,-439.0,171.0,4.0,1.0,2.0,1.0,3.0,1.0,1.0,10412.0,12991.0,200.0,9513.0,11207.0,176.0,899.0,1784.0,24.0,2.0,3.0,1.0,3.0,1.0,2.0
LOLTMNT01_419742,complete,,MSI,2026,,0,2026-07-08 07:02:43,2,16.13,3,Blue,mid,Caps,oe:player:55dd587cdc4a278be6a5c37f9e539de,G2 Esports,oe:team:7d6673d3a9d00363c6bebc1a630da6e,0.0,Syndra,Orianna,Jayce,Vi,Ambessa,Poppy,,,,,,1884,1,5,4,9,18,8,1.0,0.0,0.0,0.0,0.0,0.0,0.0,1.0,0.5732,0.828,,,,,,,,,,,,,,,,,,,,,0.0,0.0,,,,,,,,,,1.0,0.0,21002,668.8535,0.274185,431.051,173.6943,11753.0,15,0.4777,4,0.1274,4,35,1.1146,14475,10356,329.8089,0.227205,12700,,,284.0,284.0,0,,,9.0446,3621.0,4918.0,100.0,3615.0,4936.0,94.0,6.0,-18.0,6.0,0.0,1.0,1.0,0.0,1.0,0.0,6209.0,7199.0,139.0,6074.0,7610.0,141.0,135.0,-411.0,-2.0,2.0,2.0,3.0,2.0,2.0,0.0,7505.0,9142.0,172.0,8417.0,10593.0,198.0,-912.0,-1451.0,-26.0,2.0,2.0,4.0,3.0,2.0,1.0,10500.0,12678.0,211.0,10233.0,12914.0,251.0,267.0,-236.0,-40.0,3.0,5.0,4.0,3.0,2.0,1.0
LOLTMNT01_419742,complete,,MSI,2026,,0,2026-07-08 07:02:43,2,16.13,4,Blue,bot,Hans Sama,oe:player:c62a5235ad6bc113a1e64eb0e9aa8c8,G2 Esports,oe:team:7d6673d3a9d00363c6bebc1a630da6e,0.0,Lucian,Orianna,Jayce,Vi,Ambessa,Poppy,,,,,,1884,1,3,2,7,18,8,0.0,0.0,0.0,0.0,0.0,0.0,0.0,0.0,0.5732,0.828,,,,,,,,,,,,,,,,,,,,,0.0,0.0,,,,,,,,,,0.0,0.0,13482,429.3631,0.17601,385.8599,226.9745,10571.0,15,0.4777,13,0.414,5,52,1.6561,15249,11130,354.4586,0.244186,14000,,,291.0,283.0,8,,,9.2675,3525.0,4405.0,103.0,3570.0,4528.0,101.0,-45.0,-123.0,2.0,0.0,0.0,0.0,0.0,0.0,0.0,6149.0,6134.0,144.0,6794.0,7350.0,161.0,-645.0,-1216.0,-17.0,1.0,0.0,1.0,1.0,1.0,0.0,8877.0,9214.0,199.0,8934.0,9794.0,215.0,-57.0,-580.0,-16.0,2.0,2.0,2.0,1.0,2.0,1.0,11650.0,11724.0,236.0,10781.0,12473.0,271.0,869.0,-749.0,-35.0,2.0,4.0,2.0,1.0,2.0,2.0
LOLTMNT01_419742,complete,,MSI,2026,,0,2026-07-08 07:02:43,2,16.13,5,Blue,sup,Labrov,oe:player:bb6ac5763c6576e104a7a2f59eb4ddf,G2 Esports,oe:team:7d6673d3a9d00363c6bebc1a630da6e,0.0,Bard,Orianna,Jayce,Vi,Ambessa,Poppy,,,,,,1884,1,1,1,13,18,8,0.0,0.0,0.0,0.0,0.0,0.0,0.0,0.0,0.5732,0.828,,,,,,,,,,,,,,,,,,,,,0.0,0.0,,,,,,,,,,0.0,0.0,6084,193.758,0.0794277,394.2675,265.414,1730.0,62,1.9745,18,0.5732,26,151,4.8089,9396,5277,168.0573,0.115775,8195,,,36.0,36.0,0,,,1.1465,2092.0,2086.0,12.0,2348.0,2043.0,15.0,-256.0,43.0,-3.0,0.0,0.0,0.0,0.0,1.0,0.0,3699.0,3752.0,22.0,3867.0,4500.0,17.0,-168.0,-748.0,5.0,0.0,3.0,1.0,1.0,3.0,2.0,5019.0,5799.0,25.0,5190.0,5579.0,23.0,-171.0,220.0,2.0,0.0,5.0,1.0,1.0,4.0,3.0,7434.0,8070.0,33.0,6282.0,6731.0,28.0,1152.0,1339.0,5.0,1.0,7.0,1.0,1.0,4.0,3.0
LOLTMNT01_419742,complete,,MSI,2026,,0,2026-07-08 07:02:43,2,16.13,6,Red,top,Doran,oe:player:a1f3b2bb3f36e5113237f92d76dc4c8,T1,oe:team:ce499dea30cfce118f4fe85da0227e8,1.0,Yorick,Akali,Nautilus,Sivir,Yone,Gnar,,,,,,1884,0,0,6,0,8,18,0.0,0.0,0.0,0.0,0.0,0.0,0.0,0.0,0.2548,0.828,,,,,,,,,,,,,,,,,,,,,0.0,0.0,,,,,,,,,,0.0,0.0,14122,449.7452,0.215366,1034.1401,715.7006,15512.0,8,0.2548,6,0.1911,3,34,1.0828,11241,7122,226.8153,0.2004,10833,,,249.0,245.0,4,,,7.9299,3337.0,4790.0,87.0,3781.0,5259.0,92.0,-444.0,-469.0,-5.0,0.0,0.0,1.0,1.0,0.0,0.0,5129.0,8274.0,126.0,5640.0,8715.0,135.0,-511.0,-441.0,-9.0,0.0,0.0,1.0,1.0,0.0,0.0,6944.0,10516.0,164.0,8291.0,12363.0,179.0,-1347.0,-1847.0,-15.0,0.0,0.0,2.0,3.0,1.0,0.0,8774.0,12207.0,193.0,10838.0,16057.0,214.0,-2064.0,-3850.0,-21.0,0.0,0.0,4.0,4.0,3.0,0.0
LOLTMNT01_419742,complete,,MSI,2026,,0,2026-07-08 07:02:43,2,16.13,7,Red,jng,Oner,oe:player:f8b68f268106124fc4bc1c946adc9b0,T1,oe:team:ce499dea30cfce118f4fe85da0227e8,1.0,Naafiri,Akali,Nautilus,Sivir,Yone,Gnar,,,,,,1884,0,3,3,1,8,18,0.0,0.0,0.0,0.0,1.0,1.0,0.0,0.0,0.2548,0.828,,,,,,,,,,,,,,,,,,,,,0.0,2.0,,,,,,,,,,0.0,0.0,14024,446.6242,0.213872,693.0573,447.293,1826.0,9,0.2866,8,0.2548,7,45,1.4331,11453,7334,233.5669,0.206365,11275,,,217.0,19.0,198,,,6.9108,3677.0,3719.0,68.0,3371.0,3985.0,75.0,306.0,-266.0,-7.0,1.0,0.0,0.0,0.0,1.0,0.0,5943.0,6410.0,108.0,4858.0,6012.0,108.0,1085.0,398.0,0.0,2.0,1.0,1.0,0.0,1.0,1.0,7948.0,8749.0,144.0,7509.0,8920.0,148.0,439.0,-171.0,-4.0,3.0,1.0,1.0,1.0,2.0,1.0,9513.0,11207.0,176.0,10412.0,12991.0,200.0,-899.0,-1784.0,-24.0,3.0,1.0,2.0,2.0,3.0,1.0
LOLTMNT01_419742,complete,,MSI,2026,,0,2026-07-08 07:02:43,2,16.13,8,Red,mid,Faker,oe:player:e1edfc5cea461399a63cb813cf795cc,T1,oe:team:ce499dea30cfce118f4fe85da0227e8,1.0,Ryze,Akali,Nautilus,Sivir,Yone,Gnar,,,,,,1884,0,3,2,2,8,18,0.0,0.0,0.0,0.0,1.0,0.0,1.0,0.0,0.2548,0.828,,,,,,,,,,,,,,,,,,,,,0.0,0.0,,,,,,,,,,0.0,1.0,17085,544.1083,0.260553,495.6051,419.0764,5503.0,19,0.6051,7,0.2229,7,39,1.242,12673,8554,272.4204,0.240693,12575,,,306.0,292.0,14,,,9.7452,3615.0,4936.0,94.0,3621.0,4918.0,100.0,-6.0,18.0,-6.0,0.0,1.0,0.0,0.0,1.0,1.0,6074.0,7610.0,141.0,6209.0,7199.0,139.0,-135.0,411.0,2.0,2.0,2.0,0.0,2.0,2.0,3.0,8417.0,10593.0,198.0,7505.0,9142.0,172.0,912.0,1451.0,26.0,3.0,2.0,1.0,2.0,2.0,4.0,10233.0,12914.0,251.0,10500.0,12678.0,211.0,-267.0,236.0,40.0,3.0,2.0,1.0,3.0,5.0,4.0
LOLTMNT01_419742,complete,,MSI,2026,,0,2026-07-08 07:02:43,2,16.13,9,Red,bot,Peyz,oe:player:5bbc2b92348d930ebd500cb9ce71bb7,T1,oe:team:ce499dea30cfce118f4fe85da0227e8,1.0,Mel,Akali,Nautilus,Sivir,Yone,Gnar,,,,,,1884,0,1,4,2,8,18,0.0,0.0,0.0,0.0,0.0,0.0,0.0,0.0,0.2548,0.828,,,,,,,,,,,,,,,,,,,,,0.0,0.0,,,,,,,,,,0.0,0.0,13594,432.9299,0.207314,578.9172,320.7643,5077.0,14,0.4459,7,0.2229,5,36,1.1465,13152,9033,287.6752,0.254171,11975,,,334.0,334.0,0,,,10.6369,3570.0,4528.0,101.0,3525.0,4405.0,103.0,45.0,123.0,-2.0,0.0,0.0,0.0,0.0,0.0,0.0,6794.0,7350.0,161.0,6149.0,6134.0,144.0,645.0,1216.0,17.0,1.0,1.0,0.0,1.0,0.0,1.0,8934.0,9794.0,215.0,8877.0,9214.0,199.0,57.0,580.0,16.0,1.0,2.0,1.0,2.0,2.0,2.0,10781.0,12473.0,271.0,11650.0,11724.0,236.0,-869.0,749.0,35.0,1.0,2.0,2.0,2.0,4.0,2.0
LOLTMNT01_419742,complete,,MSI,2026,,0,2026-07-08 07:02:43,2,16.13,10,Red,sup,Keria,oe:player:db79ce6ad35451c938fbe2995dabd37,T1,oe:team:ce499dea30cfce118f4fe85da0227e8,1.0,Pyke,Akali,Nautilus,Sivir,Yone,Gnar,,,,,,1884,0,1,3,4,8,18,0.0,0.0,0.0,0.0,1.0,0.0,1.0,0.0,0.2548,0.828,,,,,,,,,,,,,,,,,,,,,0.0,0.0,,,,,,,,,,0.0,0.0,6747,214.8726,0.102895,408.3439,212.6115,0.0,74,2.3567,17,0.5414,30,149,4.7452,7615,3496,111.3376,0.0983714,7085,,,34.0,34.0,0,,,1.0828,2348.0,2043.0,15.0,2092.0,2086.0,12.0,256.0,-43.0,3.0,0.0,1.0,0.0,0.0,0.0,0.0,3867.0,4500.0,17.0,3699.0,3752.0,22.0,168.0,748.0,-5.0,1.0,3.0,2.0,0.0,3.0,1.0,5190.0,5579.0,23.0,5019.0,5799.0,25.0,171.0,-220.0,-2.0,1.0,4.0,3.0,0.0,5.0,1.0,6282.0,6731.0,28.0,7434.0,8070.0,33.0,-1152.0,-1339.0,-5.0,1.0,4.0,3.0,1.0,7.0,1.0
LOLTMNT01_419742,complete,,MSI,2026,,0,2026-07-08 07:02:43,2,16.13,100,Blue,team,,,G2 Esports,oe:team:7d6673d3a9d00363c6bebc1a630da6e,0.0,,Orianna,Jayce,Vi,Ambessa,Poppy,Bard,Syndra,Pantheon,Lucian,Cho'Gath,1884,1,18,8,41,18,8,1.0,0.0,0.0,0.0,0.0,,,,0.5732,0.828,0.0,1.0,3.0,1.0,3.0,0.0,0.0,0.0,1.0,0.0,0.0,,0.0,0.0,1.0,1.0,0.0,2.0,1.0,1.0,2.0,0.0,0.0,0.0,0.0,8.0,5.0,0.0,0.0,38.0,27.0,1.0,0.0,76598,2439.4268,,3262.6433,2894.2038,41285.0,120,3.8217,49,1.5605,54,344,10.9554,66175,45580,1451.5924,,60570,0.119444,0.83,,881.0,218,,,35.0,16390.0,20653.0,382.0,16547.0,20016.0,365.0,-157.0,637.0,17.0,1.0,2.0,1.0,1.0,2.0,1.0,26555.0,31812.0,548.0,27807.0,34144.0,553.0,-1252.0,-2332.0,-5.0,4.0,6.0,6.0,6.0,7.0,4.0,37201.0,45438.0,723.0,37433.0,45231.0,744.0,-232.0,207.0,-21.0,8.0,12.0,8.0,8.0,9.0,8.0,50834.0,61520.0,894.0,45583.0,55532.0,919.0,5251.0,5988.0,-25.0,12.0,22.0,8.0,8.0,9.0,12.0
LOLTMNT01_419742,complete,,MSI,2026,,0,2026-07-08 07:02:43,2,16.13,200,Red,team,,,T1,oe:team:ce499dea30cfce118f4fe85da0227e8,1.0,,Akali,Nautilus,Sivir,Yone,Gnar,Ryze,Pyke,Mel,Yorick,Naafiri,1884,0,8,18,9,8,18,0.0,0.0,0.0,0.0,1.0,,,,0.2548,0.828,1.0,3.0,1.0,3.0,1.0,1.0,0.0,1.0,1.0,0.0,0.0,,0.0,0.0,0.0,0.0,1.0,1.0,2.0,0.0,0.0,2.0,0.0,0.0,1.0,5.0,8.0,1.0,1.0,27.0,38.0,0.0,1.0,65572,2088.2803,,3210.0637,2115.4459,27918.0,124,3.949,45,1.4331,52,303,9.6497,56134,35539,1131.8153,,53743,-0.119444,-0.83,,924.0,216,,,36.3057,16547.0,20016.0,365.0,16390.0,20653.0,382.0,157.0,-637.0,-17.0,1.0,2.0,1.0,1.0,2.0,1.0,27807.0,34144.0,553.0,26555.0,31812.0,548.0,1252.0,2332.0,5.0,6.0,7.0,4.0,4.0,6.0,6.0,37433.0,45231.0,744.0,37201.0,45438.0,723.0,232.0,-207.0,21.0,8.0,9.0,8.0,8.0,12.0,8.0,45583.0,55532.0,919.0,50834.0,61520.0,894.0,-5251.0,-5988.0,25.0,8.0,9.0,12.0,12.0,22.0,8.0
LOLTMNT01_419752,complete,,MSI,2026,,0,2026-07-08 08:02:04,3,16.13,1,Blue,top,BrokenBlade,oe:player:84bff3a326833c7c9181c698f676878,G2 Esports,oe:team:7d6673d3a9d00363c6bebc1a630da6e,0.0,Yasuo,Vi,Jayce,Orianna,Caitlyn,Karma,,,,,,1814,0,5,8,3,18,27,1.0,0.0,0.0,0.0,0.0,0.0,0.0,1.0,0.5954,1.4884,,,,,,,,,,,,,,,,,,,,,0.0,0.0,,,,,,,,,,0.0,0.0,20329,672.4035,0.169893,883.892,1046.6924,2651.0,13,0.43,1,0.0331,3,28,0.9261,10633,6657,220.1874,0.175234,9610,,,205.0,199.0,6,,,6.7806,3740.0,5183.0,82.0,3374.0,4799.0,80.0,366.0,384.0,2.0,1.0,0.0,1.0,0.0,1.0,1.0,5525.0,8201.0,121.0,5230.0,8031.0,121.0,295.0,170.0,0.0,2.0,1.0,3.0,0.0,2.0,2.0,8329.0,12095.0,169.0,7480.0,11237.0,167.0,849.0,858.0,2.0,5.0,2.0,3.0,1.0,3.0,3.0,9616.0,13884.0,189.0,9489.0,12966.0,186.0,127.0,918.0,3.0,5.0,3.0,5.0,2.0,4.0,4.0
LOLTMNT01_419752,complete,,MSI,2026,,0,2026-07-08 08:02:04,3,16.13,2,Blue,jng,SkewMond,oe:player:ab15060e5225b51592cd04b3aed1e09,G2 Esports,oe:team:7d6673d3a9d00363c6bebc1a630da6e,0.0,Skarner,Vi,Jayce,Orianna,Caitlyn,Karma,,,,,,1814,0,4,6,10,18,27,0.0,0.0,0.0,0.0,0.0,0.0,0.0,0.0,0.5954,1.4884,,,,,,,,,,,,,,,,,,,,,0.0,1.0,,,,,,,,,,0.0,0.0,26803,886.538,0.223997,1467.2878,2293.5281,2544.0,9,0.2977,12,0.3969,8,54,1.7861,11489,7513,248.5006,0.197768,11100,,,175.0,17.0,158,,,5.7883,3866.0,4096.0,76.0,3840.0,4089.0,75.0,26.0,7.0,1.0,1.0,2.0,0.0,1.0,1.0,1.0,5866.0,6100.0,104.0,5693.0,6794.0,115.0,173.0,-694.0,-11.0,2.0,4.0,1.0,1.0,4.0,2.0,7603.0,8281.0,130.0,7621.0,9847.0,159.0,-18.0,-1566.0,-29.0,2.0,7.0,3.0,1.0,6.0,3.0,9857.0,11416.0,153.0,9785.0,11877.0,183.0,72.0,-461.0,-30.0,3.0,10.0,3.0,2.0,6.0,4.0
LOLTMNT01_419752,complete,,MSI,2026,,0,2026-07-08 08:02:04,3,16.13,3,Blue,mid,Caps,oe:player:55dd587cdc4a278be6a5c37f9e539de,G2 Esports,oe:team:7d6673d3a9d00363c6bebc1a630da6e,0.0,Aurora,Vi,Jayce,Orianna,Caitlyn,Karma,,,,,,1814,0,3,3,5,18,27,0.0,0.0,0.0,0.0,0.0,0.0,0.0,0.0,0.5954,1.4884,,,,,,,,,,,,,,,,,,,,,0.0,0.0,,,,,,,,,,0.0,0.0,30495,1008.6549,0.254851,923.484,507.387,6799.0,3,0.0992,5,0.1654,1,17,0.5623,12454,8478,280.419,0.22317,12225,,,296.0,295.0,1,,,9.7905,3655.0,4949.0,100.0,3558.0,5030.0,95.0,97.0,-81.0,5.0,0.0,0.0,0.0,0.0,1.0,0.0,6211.0,7759.0,148.0,5944.0,7859.0,134.0,267.0,-100.0,14.0,2.0,0.0,0.0,2.0,3.0,1.0,8234.0,10956.0,202.0,7484.0,10097.0,173.0,750.0,859.0,29.0,2.0,3.0,0.0,2.0,5.0,2.0,10435.0,13313.0,244.0,9113.0,11842.0,202.0,1322.0,1471.0,42.0,3.0,5.0,2.0,3.0,6.0,4.0
LOLTMNT01_419752,complete,,MSI,2026,,0,2026-07-08 08:02:04,3,16.13,4,Blue,bot,Hans Sama,oe:player:c62a5235ad6bc113a1e64eb0e9aa8c8,G2 Esports,oe:team:7d6673d3a9d00363c6bebc1a630da6e,0.0,Varus,Vi,Jayce,Orianna,Caitlyn,Karma,,,,,,1814,0,6,5,8,18,27,1.0,0.0,0.0,0.0,0.0,0.0,0.0,0.0,0.5954,1.4884,,,,,,,,,,,,,,,,,,,,,0.0,0.0,,,,,,,,,,0.0,0.0,35010,1157.9934,0.292584,830.0772,676.9019,10399.0,15,0.4961,15,0.4961,4,56,1.8523,15501,11525,381.2018,0.303379,14700,,,265.0,261.0,4,,,8.7652,3840.0,3766.0,84.0,4084.0,3600.0,82.0,-244.0,166.0,2.0,2.0,1.0,1.0,3.0,0.0,2.0,6951.0,5820.0,129.0,7811.0,6849.0,143.0,-860.0,-1029.0,-14.0,2.0,4.0,2.0,5.0,0.0,2.0,10035.0,8827.0,194.0,10553.0,9480.0,208.0,-518.0,-653.0,-14.0,3.0,6.0,2.0,6.0,1.0,3.0,13916.0,11556.0,243.0,12830.0,12767.0,251.0,1086.0,-1211.0,-8.0,6.0,7.0,2.0,7.0,3.0,4.0
LOLTMNT01_419752,complete,,MSI,2026,,0,2026-07-08 08:02:04,3,16.13,5,Blue,sup,Labrov,oe:player:bb6ac5763c6576e104a7a2f59eb4ddf,G2 Esports,oe:team:7d6673d3a9d00363c6bebc1a630da6e,0.0,Renata Glasc,Vi,Jayce,Orianna,Caitlyn,Karma,,,,,,1814,0,0,5,13,18,27,0.0,0.0,0.0,0.0,0.0,0.0,0.0,0.0,0.5954,1.4884,,,,,,,,,,,,,,,,,,,,,0.0,0.0,,,,,,,,,,0.0,1.0,7021,232.2271,0.0586756,611.0474,535.5347,604.0,59,1.9515,13,0.43,26,117,3.8699,7792,3816,126.2183,0.100448,7710,,,22.0,22.0,0,,,0.7277,2614.0,2680.0,8.0,2644.0,2886.0,10.0,-30.0,-206.0,-2.0,0.0,3.0,2.0,0.0,3.0,0.0,4026.0,3591.0,14.0,3758.0,3763.0,15.0,268.0,-172.0,-1.0,0.0,5.0,2.0,0.0,5.0,1.0,5285.0,5808.0,18.0,4949.0,4955.0,18.0,336.0,853.0,0.0,0.0,8.0,2.0,0.0,6.0,1.0,6641.0,7977.0,20.0,6191.0,7139.0,20.0,450.0,838.0,0.0,0.0,12.0,2.0,0.0,9.0,1.0
LOLTMNT01_419752,complete,,MSI,2026,,0,2026-07-08 08:02:04,3,16.13,6,Red,top,Doran,oe:player:a1f3b2bb3f36e5113237f92d76dc4c8,T1,oe:team:ce499dea30cfce118f4fe85da0227e8,1.0,Gnar,Poppy,Seraphine,Akali,Nautilus,Lulu,,,,,,1814,1,4,4,12,27,18,0.0,0.0,0.0,0.0,1.0,0.0,1.0,0.0,0.8931,1.4884,,,,,,,,,,,,,,,,,,,,,0.0,0.0,,,,,,,,,,0.0,0.0,21169,700.1874,0.184851,766.935,718.0485,11014.0,11,0.3638,5,0.1654,5,39,1.29,12599,8623,285.215,0.192207,12188,,,228.0,226.0,2,,,7.5413,3374.0,4799.0,80.0,3740.0,5183.0,82.0,-366.0,-384.0,-2.0,0.0,1.0,1.0,1.0,0.0,1.0,5230.0,8031.0,121.0,5525.0,8201.0,121.0,-295.0,-170.0,0.0,0.0,2.0,2.0,2.0,1.0,3.0,7480.0,11237.0,167.0,8329.0,12095.0,169.0,-849.0,-858.0,-2.0,1.0,3.0,3.0,5.0,2.0,3.0,9489.0,12966.0,186.0,9616.0,13884.0,189.0,-127.0,-918.0,-3.0,2.0,4.0,4.0,5.0,3.0,5.0
LOLTMNT01_419752,complete,,MSI,2026,,0,2026-07-08 08:02:04,3,16.13,7,Red,jng,Oner,oe:player:f8b68f268106124fc4bc1c946adc9b0,T1,oe:team:ce499dea30cfce118f4fe85da0227e8,1.0,Lee Sin,Poppy,Seraphine,Akali,Nautilus,Lulu,,,,,,1814,1,4,5,13,27,18,0.0,0.0,0.0,0.0,1.0,1.0,0.0,0.0,0.8931,1.4884,,,,,,,,,,,,,,,,,,,,,1.0,0.0,,,,,,,,,,0.0,0.0,17186,568.4454,0.150071,1035.2481,1225.4024,4534.0,21,0.6946,6,0.1985,9,57,1.8853,12820,8844,292.5248,0.197133,11425,,,211.0,28.0,183,,,6.9791,3840.0,4089.0,75.0,3866.0,4096.0,76.0,-26.0,-7.0,-1.0,1.0,1.0,1.0,1.0,2.0,0.0,5693.0,6794.0,115.0,5866.0,6100.0,104.0,-173.0,694.0,11.0,1.0,4.0,2.0,2.0,4.0,1.0,7621.0,9847.0,159.0,7603.0,8281.0,130.0,18.0,1566.0,29.0,1.0,6.0,3.0,2.0,7.0,3.0,9785.0,11877.0,183.0,9857.0,11416.0,153.0,-72.0,461.0,30.0,2.0,6.0,4.0,3.0,10.0,3.0
LOLTMNT01_419752,complete,,MSI,2026,,0,2026-07-08 08:02:04,3,16.13,8,Red,mid,Faker,oe:player:e1edfc5cea461399a63cb813cf795cc,T1,oe:team:ce499dea30cfce118f4fe85da0227e8,1.0,Sylas,Poppy,Seraphine,Akali,Nautilus,Lulu,,,,,,1814,1,6,4,15,27,18,1.0,0.0,0.0,0.0,0.0,0.0,0.0,0.0,0.8931,1.4884,,,,,,,,,,,,,,,,,,,,,0.0,0.0,,,,,,,,,,0.0,0.0,28503,942.7674,0.248893,1194.9724,1121.6428,5573.0,13,0.43,8,0.2646,8,45,1.4884,12020,8044,266.0639,0.179301,11500,,,210.0,210.0,0,,,6.946,3558.0,5030.0,95.0,3655.0,4949.0,100.0,-97.0,81.0,-5.0,0.0,1.0,0.0,0.0,0.0,0.0,5944.0,7859.0,134.0,6211.0,7759.0,148.0,-267.0,100.0,-14.0,2.0,3.0,1.0,2.0,0.0,0.0,7484.0,10097.0,173.0,8234.0,10956.0,202.0,-750.0,-859.0,-29.0,2.0,5.0,2.0,2.0,3.0,0.0,9113.0,11842.0,202.0,10435.0,13313.0,244.0,-1322.0,-1471.0,-42.0,3.0,6.0,4.0,3.0,5.0,2.0
LOLTMNT01_419752,complete,,MSI,2026,,0,2026-07-08 08:02:04,3,16.13,9,Red,bot,Peyz,oe:player:5bbc2b92348d930ebd500cb9ce71bb7,T1,oe:team:ce499dea30cfce118f4fe85da0227e8,1.0,Xayah,Poppy,Seraphine,Akali,Nautilus,Lulu,,,,,,1814,1,13,4,7,27,18,2.0,0.0,0.0,0.0,0.0,0.0,0.0,0.0,0.8931,1.4884,,,,,,,,,,,,,,,,,,,,,0.0,0.0,,,,,,,,,,0.0,0.0,40794,1349.3054,0.35622,817.3429,399.0628,11028.0,13,0.43,11,0.3638,4,32,1.0584,18959,14983,495.5788,0.333975,16510,,,306.0,278.0,28,,,10.1213,4084.0,3600.0,82.0,3840.0,3766.0,84.0,244.0,-166.0,-2.0,3.0,0.0,2.0,2.0,1.0,1.0,7811.0,6849.0,143.0,6951.0,5820.0,129.0,860.0,1029.0,14.0,5.0,0.0,2.0,2.0,4.0,2.0,10553.0,9480.0,208.0,10035.0,8827.0,194.0,518.0,653.0,14.0,6.0,1.0,3.0,3.0,6.0,2.0,12830.0,12767.0,251.0,13916.0,11556.0,243.0,-1086.0,1211.0,8.0,7.0,3.0,4.0,6.0,7.0,2.0
LOLTMNT01_419752,complete,,MSI,2026,,0,2026-07-08 08:02:04,3,16.13,10,Red,sup,Keria,oe:player:db79ce6ad35451c938fbe2995dabd37,T1,oe:team:ce499dea30cfce118f4fe85da0227e8,1.0,Rakan,Poppy,Seraphine,Akali,Nautilus,Lulu,,,,,,1814,1,0,1,20,27,18,0.0,0.0,0.0,0.0,0.0,0.0,0.0,0.0,0.8931,1.4884,,,,,,,,,,,,,,,,,,,,,0.0,0.0,,,,,,,,,,1.0,0.0,6867,227.1334,0.0599638,688.6108,682.161,1435.0,62,2.0507,9,0.2977,26,123,4.0684,8345,4369,144.5094,0.0973835,7770,,,21.0,21.0,0,,,0.6946,2644.0,2886.0,10.0,2614.0,2680.0,8.0,30.0,206.0,2.0,0.0,3.0,0.0,0.0,3.0,2.0,3758.0,3763.0,15.0,4026.0,3591.0,14.0,-268.0,172.0,1.0,0.0,5.0,1.0,0.0,5.0,2.0,4949.0,4955.0,18.0,5285.0,5808.0,18.0,-336.0,-853.0,0.0,0.0,6.0,1.0,0.0,8.0,2.0,6191.0,7139.0,20.0,6641.0,7977.0,20.0,-450.0,-838.0,0.0,0.0,9.0,1.0,0.0,12.0,2.0
LOLTMNT01_419752,complete,,MSI,2026,,0,2026-07-08 08:02:04,3,16.13,100,Blue,team,,,G2 Esports,oe:team:7d6673d3a9d00363c6bebc1a630da6e,0.0,,Vi,Jayce,Orianna,Caitlyn,Karma,Varus,Skarner,Yasuo,Aurora,Renata Glasc,1814,0,18,27,39,18,27,2.0,0.0,0.0,0.0,0.0,,,,0.5954,1.4884,0.0,1.0,3.0,1.0,3.0,1.0,0.0,0.0,0.0,0.0,0.0,,0.0,0.0,1.0,1.0,0.0,3.0,0.0,0.0,0.0,1.0,0.0,0.0,1.0,4.0,7.0,1.0,1.0,25.0,28.0,0.0,1.0,119658,3957.817,,4715.7883,5060.0441,22997.0,99,3.2745,46,1.5215,42,272,8.9967,57869,37988,1256.4939,,55345,-0.0705608,0.2,,794.0,169,,,31.8523,17715.0,20674.0,350.0,17500.0,20404.0,342.0,215.0,270.0,8.0,4.0,6.0,4.0,4.0,6.0,4.0,28579.0,31471.0,516.0,28436.0,33296.0,528.0,143.0,-1825.0,-12.0,8.0,14.0,8.0,8.0,14.0,8.0,39486.0,45967.0,713.0,38087.0,45616.0,725.0,1399.0,351.0,-12.0,12.0,26.0,10.0,10.0,21.0,12.0,50465.0,58146.0,849.0,47408.0,56591.0,842.0,3057.0,1555.0,7.0,17.0,37.0,14.0,14.0,28.0,17.0
LOLTMNT01_419752,complete,,MSI,2026,,0,2026-07-08 08:02:04,3,16.13,200,Red,team,,,T1,oe:team:ce499dea30cfce118f4fe85da0227e8,1.0,,Poppy,Seraphine,Akali,Nautilus,Lulu,Lee Sin,Sylas,Gnar,Xayah,Rakan,1814,1,27,18,67,27,18,3.0,0.0,0.0,0.0,1.0,,,,0.8931,1.4884,1.0,3.0,1.0,3.0,1.0,1.0,0.0,0.0,1.0,1.0,0.0,,0.0,0.0,0.0,0.0,1.0,0.0,3.0,1.0,1.0,0.0,0.0,0.0,0.0,7.0,4.0,0.0,0.0,28.0,25.0,1.0,0.0,114519,3787.839,,4503.1092,4146.3175,33584.0,120,3.9691,39,1.29,52,296,9.7905,64743,44862,1483.8589,,59393,0.0705608,-0.2,,763.0,213,,,32.2822,17500.0,20404.0,342.0,17715.0,20674.0,350.0,-215.0,-270.0,-8.0,4.0,6.0,4.0,4.0,6.0,4.0,28436.0,33296.0,528.0,28579.0,31471.0,516.0,-143.0,1825.0,12.0,8.0,14.0,8.0,8.0,14.0,8.0,38087.0,45616.0,725.0,39486.0,45967.0,713.0,-1399.0,-351.0,12.0,10.0,21.0,12.0,12.0,26.0,10.0,47408.0,56591.0,842.0,50465.0,58146.0,849.0,-3057.0,-1555.0,-7.0,14.0,28.0,17.0,17.0,37.0,14.0
LOLTMNT01_419770,complete,,MSI,2026,,0,2026-07-08 08:52:04,4,16.13,1,Blue,top,BrokenBlade,oe:player:84bff3a326833c7c9181c698f676878,G2 Esports,oe:team:7d6673d3a9d00363c6bebc1a630da6e,0.0,Kled,Jayce,Vi,Orianna,Akali,Annie,,,,,,3057,1,15,5,7,27,34,2.0,0.0,0.0,0.0,0.0,0.0,0.0,1.0,0.5299,1.1973,,,,,,,,,,,,,,,,,,,,,0.0,0.0,,,,,,,,,,3.0,0.0,39274,770.8342,0.237564,1548.4004,2636.526,20139.0,12,0.2355,17,0.3337,6,70,1.3739,25910,19398,380.7262,0.278103,21700,,,384.0,380.0,4,,,7.5368,3883.0,4525.0,65.0,4261.0,5068.0,85.0,-378.0,-543.0,-20.0,3.0,0.0,2.0,2.0,1.0,1.0,5925.0,8196.0,123.0,5862.0,8105.0,123.0,63.0,91.0,0.0,3.0,0.0,2.0,3.0,1.0,1.0,7840.0,11038.0,150.0,7173.0,9806.0,150.0,667.0,1232.0,0.0,4.0,3.0,2.0,3.0,1.0,4.0,10488.0,14480.0,199.0,9621.0,12921.0,201.0,867.0,1559.0,-2.0,6.0,3.0,3.0,5.0,1.0,5.0
LOLTMNT01_419770,complete,,MSI,2026,,0,2026-07-08 08:52:04,4,16.13,2,Blue,jng,SkewMond,oe:player:ab15060e5225b51592cd04b3aed1e09,G2 Esports,oe:team:7d6673d3a9d00363c6bebc1a630da6e,0.0,Xin Zhao,Jayce,Vi,Orianna,Akali,Annie,,,,,,3057,1,4,6,13,27,34,0.0,0.0,0.0,0.0,0.0,0.0,0.0,0.0,0.5299,1.1973,,,,,,,,,,,,,,,,,,,,,3.0,0.0,,,,,,,,,,1.0,0.0,28741,564.1021,0.173851,1439.5289,1958.1747,546.0,14,0.2748,24,0.4711,11,108,2.1197,19990,13478,264.5339,0.19323,19805,,,337.0,54.0,283,,,6.6143,3619.0,4066.0,76.0,3930.0,4242.0,83.0,-311.0,-176.0,-7.0,0.0,2.0,1.0,1.0,0.0,0.0,5325.0,6365.0,120.0,5710.0,6679.0,126.0,-385.0,-314.0,-6.0,0.0,2.0,1.0,1.0,0.0,0.0,8400.0,8917.0,151.0,8262.0,10064.0,170.0,138.0,-1147.0,-19.0,2.0,5.0,2.0,2.0,2.0,0.0,10579.0,11251.0,178.0,9800.0,11559.0,188.0,779.0,-308.0,-10.0,3.0,6.0,3.0,2.0,5.0,0.0
LOLTMNT01_419770,complete,,MSI,2026,,0,2026-07-08 08:52:04,4,16.13,3,Blue,mid,Caps,oe:player:55dd587cdc4a278be6a5c37f9e539de,G2 Esports,oe:team:7d6673d3a9d00363c6bebc1a630da6e,0.0,Viktor,Jayce,Vi,Orianna,Akali,Annie,,,,,,3057,1,4,5,11,27,34,0.0,0.0,0.0,0.0,0.0,0.0,0.0,0.0,0.5299,1.1973,,,,,,,,,,,,,,,,,,,,,0.0,0.0,,,,,,,,,,1.0,0.0,53455,1049.1658,0.323343,646.1825,1021.7468,11003.0,16,0.314,8,0.157,2,51,1.001,20246,13734,269.5584,0.1969,18350,,,416.0,393.0,23,,,8.1649,3796.0,5235.0,93.0,3705.0,5028.0,71.0,91.0,207.0,22.0,0.0,1.0,1.0,3.0,0.0,2.0,5398.0,7961.0,145.0,5762.0,8153.0,128.0,-364.0,-192.0,17.0,0.0,1.0,1.0,3.0,0.0,2.0,7574.0,11239.0,188.0,7416.0,10600.0,164.0,158.0,639.0,24.0,2.0,4.0,1.0,4.0,1.0,3.0,9204.0,13540.0,233.0,8713.0,13274.0,195.0,491.0,266.0,38.0,2.0,5.0,2.0,4.0,3.0,4.0
LOLTMNT01_419770,complete,,MSI,2026,,0,2026-07-08 08:52:04,4,16.13,4,Blue,bot,Hans Sama,oe:player:c62a5235ad6bc113a1e64eb0e9aa8c8,G2 Esports,oe:team:7d6673d3a9d00363c6bebc1a630da6e,0.0,Ashe,Jayce,Vi,Orianna,Akali,Annie,,,,,,3057,1,2,8,12,27,34,0.0,0.0,0.0,0.0,0.0,0.0,0.0,0.0,0.5299,1.1973,,,,,,,,,,,,,,,,,,,,,0.0,0.0,,,,,,,,,,1.0,0.0,35691,700.5103,0.21589,639.1168,568.8518,5891.0,20,0.3925,17,0.3337,4,65,1.2758,22570,16058,315.1717,0.230219,22300,,,440.0,392.0,48,,,8.6359,3495.0,3472.0,78.0,4583.0,3961.0,94.0,-1088.0,-489.0,-16.0,1.0,1.0,1.0,2.0,1.0,0.0,5524.0,5640.0,126.0,7180.0,6401.0,155.0,-1656.0,-761.0,-29.0,1.0,1.0,1.0,2.0,1.0,0.0,7425.0,7510.0,166.0,10059.0,8971.0,211.0,-2634.0,-1461.0,-45.0,1.0,2.0,3.0,4.0,2.0,1.0,9583.0,9812.0,222.0,12538.0,11837.0,270.0,-2955.0,-2025.0,-48.0,1.0,3.0,4.0,5.0,3.0,2.0
LOLTMNT01_419770,complete,,MSI,2026,,0,2026-07-08 08:52:04,4,16.13,5,Blue,sup,Labrov,oe:player:bb6ac5763c6576e104a7a2f59eb4ddf,G2 Esports,oe:team:7d6673d3a9d00363c6bebc1a630da6e,0.0,Karma,Jayce,Vi,Orianna,Akali,Annie,,,,,,3057,1,2,10,15,27,34,0.0,0.0,0.0,0.0,0.0,0.0,0.0,0.0,0.5299,1.1973,,,,,,,,,,,,,,,,,,,,,0.0,0.0,,,,,,,,,,0.0,0.0,8159,160.1374,0.0493528,841.5898,642.8656,288.0,115,2.2571,23,0.4514,40,225,4.4161,13595,7083,139.0186,0.101548,14360,,,49.0,47.0,2,,,0.9617,2511.0,2067.0,15.0,2816.0,2470.0,8.0,-305.0,-403.0,7.0,0.0,1.0,3.0,0.0,3.0,1.0,3550.0,3075.0,22.0,4074.0,3576.0,15.0,-524.0,-501.0,7.0,0.0,1.0,4.0,0.0,3.0,1.0,5149.0,5774.0,30.0,5556.0,5272.0,23.0,-407.0,502.0,7.0,1.0,5.0,5.0,0.0,6.0,2.0,6536.0,7912.0,36.0,7197.0,7307.0,26.0,-661.0,605.0,10.0,1.0,7.0,5.0,1.0,8.0,2.0
LOLTMNT01_419770,complete,,MSI,2026,,0,2026-07-08 08:52:04,4,16.13,6,Red,top,Doran,oe:player:a1f3b2bb3f36e5113237f92d76dc4c8,T1,oe:team:ce499dea30cfce118f4fe85da0227e8,1.0,Olaf,Poppy,Seraphine,Nautilus,Warwick,K'Sante,,,,,,3057,0,8,9,7,34,27,1.0,0.0,0.0,0.0,1.0,1.0,0.0,0.0,0.6673,1.1973,,,,,,,,,,,,,,,,,,,,,0.0,0.0,,,,,,,,,,0.0,3.0,40297,790.9127,0.195106,1150.5594,1656.3101,2263.0,13,0.2552,14,0.2748,7,66,1.2954,19305,12793,251.0893,0.187845,19275,,,359.0,347.0,12,,,7.0461,4261.0,5068.0,85.0,3883.0,4525.0,65.0,378.0,543.0,20.0,2.0,1.0,1.0,3.0,0.0,2.0,5862.0,8105.0,123.0,5925.0,8196.0,123.0,-63.0,-91.0,0.0,3.0,1.0,1.0,3.0,0.0,2.0,7173.0,9806.0,150.0,7840.0,11038.0,150.0,-667.0,-1232.0,0.0,3.0,1.0,4.0,4.0,3.0,2.0,9621.0,12921.0,201.0,10488.0,14480.0,199.0,-867.0,-1559.0,2.0,5.0,1.0,5.0,6.0,3.0,3.0
LOLTMNT01_419770,complete,,MSI,2026,,0,2026-07-08 08:52:04,4,16.13,7,Red,jng,Oner,oe:player:f8b68f268106124fc4bc1c946adc9b0,T1,oe:team:ce499dea30cfce118f4fe85da0227e8,1.0,Wukong,Poppy,Seraphine,Nautilus,Warwick,K'Sante,,,,,,3057,0,3,4,11,34,27,0.0,0.0,0.0,0.0,0.0,0.0,0.0,0.0,0.6673,1.1973,,,,,,,,,,,,,,,,,,,,,0.0,3.0,,,,,,,,,,0.0,1.0,18089,355.0343,0.0875815,974.1315,1312.7184,2923.0,12,0.2355,22,0.4318,10,89,1.7468,18130,11618,228.0275,0.170592,17433,,,319.0,67.0,252,,,6.261,3930.0,4242.0,83.0,3619.0,4066.0,76.0,311.0,176.0,7.0,1.0,0.0,0.0,0.0,2.0,1.0,5710.0,6679.0,126.0,5325.0,6365.0,120.0,385.0,314.0,6.0,1.0,0.0,0.0,0.0,2.0,1.0,8262.0,10064.0,170.0,8400.0,8917.0,151.0,-138.0,1147.0,19.0,2.0,2.0,0.0,2.0,5.0,2.0,9800.0,11559.0,188.0,10579.0,11251.0,178.0,-779.0,308.0,10.0,2.0,5.0,0.0,3.0,6.0,3.0
LOLTMNT01_419770,complete,,MSI,2026,,0,2026-07-08 08:52:04,4,16.13,8,Red,mid,Faker,oe:player:e1edfc5cea461399a63cb813cf795cc,T1,oe:team:ce499dea30cfce118f4fe85da0227e8,1.0,Galio,Poppy,Seraphine,Nautilus,Warwick,K'Sante,,,,,,3057,0,5,8,13,34,27,0.0,0.0,0.0,0.0,0.0,0.0,0.0,0.0,0.6673,1.1973,,,,,,,,,,,,,,,,,,,,,0.0,0.0,,,,,,,,,,0.0,1.0,37048,727.1443,0.179375,944.632,1554.1511,3131.0,11,0.2159,9,0.1766,9,63,1.2365,19886,13374,262.4926,0.196376,19180,,,389.0,389.0,0,,,7.6349,3705.0,5028.0,71.0,3796.0,5235.0,93.0,-91.0,-207.0,-22.0,3.0,0.0,2.0,0.0,1.0,1.0,5762.0,8153.0,128.0,5398.0,7961.0,145.0,364.0,192.0,-17.0,3.0,0.0,2.0,0.0,1.0,1.0,7416.0,10600.0,164.0,7574.0,11239.0,188.0,-158.0,-639.0,-24.0,4.0,1.0,3.0,2.0,4.0,1.0,8713.0,13274.0,195.0,9204.0,13540.0,233.0,-491.0,-266.0,-38.0,4.0,3.0,4.0,2.0,5.0,2.0
LOLTMNT01_419770,complete,,MSI,2026,,0,2026-07-08 08:52:04,4,16.13,9,Red,bot,Peyz,oe:player:5bbc2b92348d930ebd500cb9ce71bb7,T1,oe:team:ce499dea30cfce118f4fe85da0227e8,1.0,Caitlyn,Poppy,Seraphine,Nautilus,Warwick,K'Sante,,,,,,3057,0,17,3,5,34,27,3.0,1.0,1.0,1.0,0.0,0.0,0.0,0.0,0.6673,1.1973,,,,,,,,,,,,,,,,,,,,,0.0,0.0,,,,,,,,,,0.0,1.0,87290,1713.2483,0.422632,495.6624,765.0442,15750.0,20,0.3925,14,0.2748,6,60,1.1776,28713,22201,435.7409,0.325986,32050,,,516.0,487.0,29,,,10.1276,4583.0,3961.0,94.0,3495.0,3472.0,78.0,1088.0,489.0,16.0,2.0,1.0,0.0,1.0,1.0,1.0,7180.0,6401.0,155.0,5524.0,5640.0,126.0,1656.0,761.0,29.0,2.0,1.0,0.0,1.0,1.0,1.0,10059.0,8971.0,211.0,7425.0,7510.0,166.0,2634.0,1461.0,45.0,4.0,2.0,1.0,1.0,2.0,3.0,12538.0,11837.0,270.0,9583.0,9812.0,222.0,2955.0,2025.0,48.0,5.0,3.0,2.0,1.0,3.0,4.0
LOLTMNT01_419770,complete,,MSI,2026,,0,2026-07-08 08:52:04,4,16.13,10,Red,sup,Keria,oe:player:db79ce6ad35451c938fbe2995dabd37,T1,oe:team:ce499dea30cfce118f4fe85da0227e8,1.0,Lux,Poppy,Seraphine,Nautilus,Warwick,K'Sante,,,,,,3057,0,1,3,21,34,27,0.0,0.0,0.0,0.0,0.0,0.0,0.0,0.0,0.6673,1.1973,,,,,,,,,,,,,,,,,,,,,0.0,0.0,,,,,,,,,,0.0,0.0,23815,467.419,0.115305,438.8616,396.4671,579.0,122,2.3945,17,0.3337,50,228,4.475,14630,8118,159.3327,0.119201,15150,,,79.0,75.0,4,,,1.5505,2816.0,2470.0,8.0,2511.0,2067.0,15.0,305.0,403.0,-7.0,0.0,3.0,1.0,0.0,1.0,3.0,4074.0,3576.0,15.0,3550.0,3075.0,22.0,524.0,501.0,-7.0,0.0,3.0,1.0,0.0,1.0,4.0,5556.0,5272.0,23.0,5149.0,5774.0,30.0,407.0,-502.0,-7.0,0.0,6.0,2.0,1.0,5.0,5.0,7197.0,7307.0,26.0,6536.0,7912.0,36.0,661.0,-605.0,-10.0,1.0,8.0,2.0,1.0,7.0,5.0
LOLTMNT01_419770,complete,,MSI,2026,,0,2026-07-08 08:52:04,4,16.13,100,Blue,team,,,G2 Esports,oe:team:7d6673d3a9d00363c6bebc1a630da6e,0.0,,Jayce,Vi,Orianna,Akali,Annie,Ashe,Karma,Xin Zhao,Viktor,Kled,3057,1,27,34,58,27,34,2.0,0.0,0.0,0.0,0.0,,,,0.5299,1.1973,0.0,4.0,4.0,4.0,3.0,0.0,0.0,0.0,0.0,4.0,0.0,,0.0,1.0,0.0,0.0,1.0,0.0,3.0,1.0,3.0,0.0,0.0,0.0,0.0,11.0,4.0,0.0,0.0,45.0,26.0,6.0,0.0,165320,3244.7498,,5114.8184,6828.1649,37867.0,177,3.474,89,1.7468,63,519,10.1865,102311,69752,1369.0285,,96515,-0.0658607,-0.75,,1266.0,360,,,31.9136,17304.0,19365.0,327.0,19295.0,20769.0,341.0,-1991.0,-1404.0,-14.0,4.0,5.0,8.0,8.0,5.0,4.0,25722.0,31237.0,536.0,28588.0,32914.0,547.0,-2866.0,-1677.0,-11.0,4.0,5.0,9.0,9.0,5.0,4.0,36388.0,44478.0,685.0,38466.0,44713.0,718.0,-2078.0,-235.0,-33.0,10.0,19.0,13.0,13.0,12.0,10.0,46390.0,56995.0,868.0,47869.0,56898.0,880.0,-1479.0,97.0,-12.0,13.0,24.0,17.0,17.0,20.0,13.0
LOLTMNT01_419770,complete,,MSI,2026,,0,2026-07-08 08:52:04,4,16.13,200,Red,team,,,T1,oe:team:ce499dea30cfce118f4fe85da0227e8,1.0,,Poppy,Seraphine,Nautilus,Warwick,K'Sante,Caitlyn,Lux,Wukong,Olaf,Galio,3057,0,34,27,57,34,27,4.0,1.0,1.0,1.0,1.0,,,,0.6673,1.1973,1.0,4.0,4.0,3.0,4.0,0.0,1.0,0.0,0.0,1.0,1.0,,1.0,0.0,1.0,1.0,0.0,3.0,0.0,0.0,0.0,3.0,0.0,0.0,1.0,4.0,11.0,1.0,1.0,26.0,45.0,0.0,6.0,206539,4053.7586,,4003.8469,5684.6909,24646.0,178,3.4936,76,1.4917,82,506,9.9313,100664,68105,1336.7026,,103088,0.0658607,0.75,,1365.0,297,,,32.6202,19295.0,20769.0,341.0,17304.0,19365.0,327.0,1991.0,1404.0,14.0,8.0,5.0,4.0,4.0,5.0,8.0,28588.0,32914.0,547.0,25722.0,31237.0,536.0,2866.0,1677.0,11.0,9.0,5.0,4.0,4.0,5.0,9.0,38466.0,44713.0,718.0,36388.0,44478.0,685.0,2078.0,235.0,33.0,13.0,12.0,10.0,10.0,19.0,13.0,47869.0,56898.0,880.0,46390.0,56995.0,868.0,1479.0,-97.0,12.0,17.0,20.0,13.0,13.0,24.0,17.0
LOLTMNT01_422096,complete,,MSI,2026,,0,2026-07-09 08:12:21,1,16.13,1,Blue,top,Bin,oe:player:fb66ef5885b4be9323905b821dc3a42,Bilibili Gaming,oe:team:d356a144644879dabb5f34cd99c886d,0.0,Gnar,Vi,Jayce,Orianna,Vayne,Ambessa,,,,,,1501,1,3,0,3,25,2,0.0,0.0,0.0,0.0,1.0,0.0,1.0,0.0,0.9993,1.0793,,,,,,,,,,,,,,,,,,,,,0.0,0.0,,,,,,,,,,0.0,0.0,6758,270.1399,0.103433,324.9833,342.7315,10900.0,11,0.4397,3,0.1199,2,28,1.1193,11430,8092,323.4644,0.20054,10133,,,265.0,263.0,2,,,10.5929,3452.0,4999.0,90.0,3429.0,4719.0,94.0,23.0,280.0,-4.0,0.0,2.0,0.0,0.0,0.0,0.0,5537.0,8722.0,143.0,5317.0,7731.0,137.0,220.0,991.0,6.0,1.0,3.0,0.0,1.0,0.0,1.0,8804.0,12887.0,209.0,6747.0,10178.0,174.0,2057.0,2709.0,35.0,2.0,3.0,0.0,1.0,1.0,2.0,11429.0,16914.0,265.0,8116.0,12178.0,203.0,3313.0,4736.0,62.0,3.0,3.0,0.0,1.0,1.0,3.0
LOLTMNT01_422096,complete,,MSI,2026,,0,2026-07-09 08:12:21,1,16.13,2,Blue,jng,Xun,oe:player:fbdc4428b2d095c83aebeed5da4e4b2,Bilibili Gaming,oe:team:d356a144644879dabb5f34cd99c886d,0.0,Jarvan IV,Vi,Jayce,Orianna,Vayne,Ambessa,,,,,,1501,1,8,1,12,25,2,2.0,0.0,0.0,0.0,1.0,0.0,1.0,0.0,0.9993,1.0793,,,,,,,,,,,,,,,,,,,,,1.0,0.0,,,,,,,,,,0.0,0.0,14131,564.8634,0.216279,926.6223,1041.7455,9379.0,8,0.3198,7,0.2798,4,42,1.6789,12328,8990,359.3604,0.222794,10250,,,175.0,9.0,166,,,6.9953,3901.0,3640.0,70.0,3210.0,3504.0,66.0,691.0,136.0,4.0,2.0,2.0,0.0,0.0,0.0,1.0,5731.0,6530.0,114.0,4787.0,5179.0,96.0,944.0,1351.0,18.0,2.0,4.0,1.0,0.0,1.0,3.0,8649.0,9088.0,149.0,6211.0,7578.0,123.0,2438.0,1510.0,26.0,6.0,6.0,1.0,0.0,2.0,5.0,12327.0,12980.0,175.0,7541.0,9358.0,143.0,4786.0,3622.0,32.0,8.0,12.0,1.0,0.0,2.0,7.0
LOLTMNT01_422096,complete,,MSI,2026,,0,2026-07-09 08:12:21,1,16.13,3,Blue,mid,Knight,oe:player:ed29043422e3c515e1cb292464b990b,Bilibili Gaming,oe:team:d356a144644879dabb5f34cd99c886d,0.0,Akali,Vi,Jayce,Orianna,Vayne,Ambessa,,,,,,1501,1,10,1,3,25,2,3.0,0.0,0.0,0.0,1.0,1.0,0.0,0.0,0.9993,1.0793,,,,,,,,,,,,,,,,,,,,,0.0,0.0,,,,,,,,,,1.0,0.0,20589,823.0113,0.31512,498.9873,295.4031,11943.0,6,0.2398,5,0.1999,2,31,1.2392,13124,9786,391.1792,0.24252,12100,,,243.0,243.0,0,,,9.7135,3994.0,5271.0,96.0,3138.0,4528.0,81.0,856.0,743.0,15.0,1.0,1.0,0.0,0.0,0.0,0.0,6792.0,8337.0,152.0,4783.0,7357.0,135.0,2009.0,980.0,17.0,4.0,1.0,0.0,0.0,0.0,0.0,9481.0,11769.0,186.0,6381.0,9550.0,176.0,3100.0,2219.0,10.0,7.0,2.0,1.0,0.0,1.0,2.0,13123.0,15764.0,243.0,8509.0,12346.0,234.0,4614.0,3418.0,9.0,10.0,3.0,1.0,0.0,1.0,3.0
LOLTMNT01_422096,complete,,MSI,2026,,0,2026-07-09 08:12:21,1,16.13,4,Blue,bot,Viper,oe:player:9573154ad8bc9459b4c0d940315054f,Bilibili Gaming,oe:team:d356a144644879dabb5f34cd99c886d,0.0,Cassiopeia,Vi,Jayce,Orianna,Vayne,Ambessa,,,,,,1501,1,4,0,7,25,2,0.0,0.0,0.0,0.0,0.0,0.0,0.0,0.0,0.9993,1.0793,,,,,,,,,,,,,,,,,,,,,0.0,0.0,,,,,,,,,,0.0,0.0,15787,631.0593,0.241624,482.6782,250.1932,5437.0,12,0.4797,7,0.2798,5,34,1.3591,12181,8843,353.4843,0.219151,10375,,,264.0,256.0,8,,,10.553,4142.0,4730.0,98.0,3360.0,4148.0,92.0,782.0,582.0,6.0,2.0,1.0,0.0,0.0,0.0,2.0,6107.0,7256.0,150.0,5871.0,6922.0,154.0,236.0,334.0,-4.0,2.0,1.0,0.0,0.0,0.0,2.0,8606.0,10868.0,221.0,9143.0,10112.0,221.0,-537.0,756.0,0.0,2.0,3.0,0.0,1.0,0.0,3.0,12180.0,14314.0,264.0,10921.0,12117.0,265.0,1259.0,2197.0,-1.0,4.0,7.0,0.0,1.0,0.0,5.0
LOLTMNT01_422096,complete,,MSI,2026,,0,2026-07-09 08:12:21,1,16.13,5,Blue,sup,ON,oe:player:90651ebea9a35ec4e018c8157492e17,Bilibili Gaming,oe:team:d356a144644879dabb5f34cd99c886d,0.0,Shen,Vi,Jayce,Orianna,Vayne,Ambessa,,,,,,1501,1,0,0,18,25,2,0.0,0.0,0.0,0.0,1.0,0.0,1.0,0.0,0.9993,1.0793,,,,,,,,,,,,,,,,,,,,,0.0,0.0,,,,,,,,,,0.0,0.0,8072,322.6649,0.123544,410.0067,571.1792,2789.0,62,2.4783,13,0.5197,29,126,5.0366,7978,4640,185.4763,0.114995,7100,,,20.0,20.0,0,,,0.7995,2775.0,1768.0,7.0,2184.0,1462.0,10.0,591.0,306.0,-3.0,0.0,5.0,0.0,0.0,0.0,2.0,3993.0,2609.0,12.0,3332.0,2968.0,15.0,661.0,-359.0,-3.0,0.0,6.0,0.0,0.0,1.0,3.0,5580.0,4292.0,15.0,4778.0,4124.0,29.0,802.0,168.0,-14.0,0.0,11.0,0.0,0.0,2.0,5.0,7977.0,7754.0,20.0,5931.0,5773.0,35.0,2046.0,1981.0,-15.0,0.0,18.0,0.0,0.0,2.0,7.0
LOLTMNT01_422096,complete,,MSI,2026,,0,2026-07-09 08:12:21,1,16.13,6,Red,top,Zeus,oe:player:98dd15c330fb5abb4508347265a7f76,Hanwha Life Esports,oe:team:3a1d18f46bcb3716ebcfcf4ef068934,1.0,Rumble,Poppy,Bard,Camille,Nautilus,Lucian,,,,,,1501,0,1,3,1,2,25,0.0,0.0,0.0,0.0,0.0,0.0,0.0,0.0,0.0799,1.0793,,,,,,,,,,,,,,,,,,,,,0.0,0.0,,,,,,,,,,0.0,0.0,7898,315.7095,0.209513,404.3304,359.1206,0.0,12,0.4797,1,0.04,2,21,0.8394,8117,4779,191.0326,0.1964,7650,,,203.0,202.0,1,,,8.1146,3429.0,4719.0,94.0,3452.0,4999.0,90.0,-23.0,-280.0,4.0,0.0,0.0,0.0,0.0,2.0,0.0,5317.0,7731.0,137.0,5537.0,8722.0,143.0,-220.0,-991.0,-6.0,1.0,0.0,1.0,1.0,3.0,0.0,6747.0,10178.0,174.0,8804.0,12887.0,209.0,-2057.0,-2709.0,-35.0,1.0,1.0,2.0,2.0,3.0,0.0,8116.0,12178.0,203.0,11429.0,16914.0,265.0,-3313.0,-4736.0,-62.0,1.0,1.0,3.0,3.0,3.0,0.0
LOLTMNT01_422096,complete,,MSI,2026,,0,2026-07-09 08:12:21,1,16.13,7,Red,jng,Kanavi,oe:player:41deab55354f57a94135989133f9968,Hanwha Life Esports,oe:team:3a1d18f46bcb3716ebcfcf4ef068934,1.0,Naafiri,Poppy,Bard,Camille,Nautilus,Lucian,,,,,,1501,0,0,7,2,2,25,0.0,0.0,0.0,0.0,0.0,0.0,0.0,1.0,0.0799,1.0793,,,,,,,,,,,,,,,,,,,,,0.0,1.0,,,,,,,,,,0.0,0.0,9725,388.7408,0.257978,1019.1606,447.1419,0.0,8,0.3198,10,0.3997,7,39,1.559,7542,4204,168.048,0.172771,7375,,,143.0,12.0,131,,,5.7162,3210.0,3504.0,66.0,3901.0,3640.0,70.0,-691.0,-136.0,-4.0,0.0,0.0,1.0,2.0,2.0,0.0,4787.0,5179.0,96.0,5731.0,6530.0,114.0,-944.0,-1351.0,-18.0,0.0,1.0,3.0,2.0,4.0,1.0,6211.0,7578.0,123.0,8649.0,9088.0,149.0,-2438.0,-1510.0,-26.0,0.0,2.0,5.0,6.0,6.0,1.0,7541.0,9358.0,143.0,12327.0,12980.0,175.0,-4786.0,-3622.0,-32.0,0.0,2.0,7.0,8.0,12.0,1.0
LOLTMNT01_422096,complete,,MSI,2026,,0,2026-07-09 08:12:21,1,16.13,8,Red,mid,Zeka,oe:player:f9cd2ef9afea5cda0eb3263a025cec1,Hanwha Life Esports,oe:team:3a1d18f46bcb3716ebcfcf4ef068934,1.0,Yone,Poppy,Bard,Camille,Nautilus,Lucian,,,,,,1501,0,0,3,1,2,25,0.0,0.0,0.0,0.0,0.0,0.0,0.0,0.0,0.0799,1.0793,,,,,,,,,,,,,,,,,,,,,0.0,0.0,,,,,,,,,,0.0,1.0,5132,205.1432,0.136138,601.7588,388.501,4515.0,11,0.4397,1,0.04,3,21,0.8394,8510,5172,206.7422,0.21255,8425,,,234.0,234.0,0,,,9.3538,3138.0,4528.0,81.0,3994.0,5271.0,96.0,-856.0,-743.0,-15.0,0.0,0.0,0.0,1.0,1.0,0.0,4783.0,7357.0,135.0,6792.0,8337.0,152.0,-2009.0,-980.0,-17.0,0.0,0.0,0.0,4.0,1.0,0.0,6381.0,9550.0,176.0,9481.0,11769.0,186.0,-3100.0,-2219.0,-10.0,0.0,1.0,2.0,7.0,2.0,1.0,8509.0,12346.0,234.0,13123.0,15764.0,243.0,-4614.0,-3418.0,-9.0,0.0,1.0,3.0,10.0,3.0,1.0
LOLTMNT01_422096,complete,,MSI,2026,,0,2026-07-09 08:12:21,1,16.13,9,Red,bot,Gumayusi,oe:player:c7319736816efe935787b4381c6f321,Hanwha Life Esports,oe:team:3a1d18f46bcb3716ebcfcf4ef068934,1.0,Ziggs,Poppy,Bard,Camille,Nautilus,Lucian,,,,,,1501,0,1,5,0,2,25,0.0,0.0,0.0,0.0,0.0,0.0,0.0,0.0,0.0799,1.0793,,,,,,,,,,,,,,,,,,,,,0.0,0.0,,,,,,,,,,0.0,0.0,12786,511.0993,0.339178,491.0326,209.2605,957.0,11,0.4397,7,0.2798,6,31,1.2392,10922,7584,303.1579,0.311667,10200,,,265.0,257.0,8,,,10.5929,3360.0,4148.0,92.0,4142.0,4730.0,98.0,-782.0,-582.0,-6.0,0.0,0.0,2.0,2.0,1.0,0.0,5871.0,6922.0,154.0,6107.0,7256.0,150.0,-236.0,-334.0,4.0,0.0,0.0,2.0,2.0,1.0,0.0,9143.0,10112.0,221.0,8606.0,10868.0,221.0,537.0,-756.0,0.0,1.0,0.0,3.0,2.0,3.0,0.0,10921.0,12117.0,265.0,12180.0,14314.0,264.0,-1259.0,-2197.0,1.0,1.0,0.0,5.0,4.0,7.0,0.0
LOLTMNT01_422096,complete,,MSI,2026,,0,2026-07-09 08:12:21,1,16.13,10,Red,sup,Delight,oe:player:051ca2e31ba25123961b3df95fdef4c,Hanwha Life Esports,oe:team:3a1d18f46bcb3716ebcfcf4ef068934,1.0,Rell,Poppy,Bard,Camille,Nautilus,Lucian,,,,,,1501,0,0,7,2,2,25,0.0,0.0,0.0,0.0,0.0,0.0,0.0,0.0,0.0799,1.0793,,,,,,,,,,,,,,,,,,,,,0.0,0.0,,,,,,,,,,0.0,0.0,2156,86.1825,0.0571929,592.445,559.1472,0.0,39,1.559,11,0.4397,15,94,3.7575,5932,2594,103.6909,0.106611,5185,,,35.0,35.0,0,,,1.3991,2184.0,1462.0,10.0,2775.0,1768.0,7.0,-591.0,-306.0,3.0,0.0,0.0,2.0,0.0,5.0,0.0,3332.0,2968.0,15.0,3993.0,2609.0,12.0,-661.0,359.0,3.0,0.0,1.0,3.0,0.0,6.0,0.0,4778.0,4124.0,29.0,5580.0,4292.0,15.0,-802.0,-168.0,14.0,0.0,2.0,5.0,0.0,11.0,0.0,5931.0,5773.0,35.0,7977.0,7754.0,20.0,-2046.0,-1981.0,15.0,0.0,2.0,7.0,0.0,18.0,0.0
LOLTMNT01_422096,complete,,MSI,2026,,0,2026-07-09 08:12:21,1,16.13,100,Blue,team,,,Bilibili Gaming,oe:team:d356a144644879dabb5f34cd99c886d,0.0,,Vi,Jayce,Orianna,Vayne,Ambessa,Cassiopeia,Jarvan IV,Gnar,Shen,Akali,1501,1,25,2,43,25,2,5.0,0.0,0.0,0.0,1.0,,,,0.9993,1.0793,1.0,4.0,0.0,4.0,0.0,0.0,0.0,1.0,1.0,2.0,0.0,,0.0,0.0,1.0,1.0,0.0,3.0,0.0,1.0,1.0,0.0,0.0,0.0,1.0,10.0,1.0,1.0,1.0,41.0,7.0,2.0,0.0,65337,2611.7388,,2643.2778,2501.2525,40448.0,99,3.9574,35,1.3991,42,261,10.433,57041,40353,1613.0446,,49958,0.250538,4.2,,791.0,176,,,38.6542,18264.0,20408.0,361.0,15321.0,18361.0,343.0,2943.0,2047.0,18.0,5.0,11.0,0.0,0.0,0.0,5.0,28160.0,33454.0,571.0,24090.0,30157.0,537.0,4070.0,3297.0,34.0,9.0,15.0,1.0,1.0,2.0,9.0,41120.0,48904.0,780.0,33260.0,41542.0,723.0,7860.0,7362.0,57.0,17.0,25.0,2.0,2.0,6.0,17.0,57036.0,67726.0,967.0,41018.0,51772.0,880.0,16018.0,15954.0,87.0,25.0,43.0,2.0,2.0,6.0,25.0
LOLTMNT01_422096,complete,,MSI,2026,,0,2026-07-09 08:12:21,1,16.13,200,Red,team,,,Hanwha Life Esports,oe:team:3a1d18f46bcb3716ebcfcf4ef068934,1.0,,Poppy,Bard,Camille,Nautilus,Lucian,Naafiri,Ziggs,Rell,Rumble,Yone,1501,0,2,25,6,2,25,0.0,0.0,0.0,0.0,0.0,,,,0.0799,1.0793,0.0,0.0,4.0,0.0,4.0,0.0,0.0,0.0,0.0,0.0,0.0,,0.0,0.0,0.0,0.0,1.0,0.0,3.0,0.0,0.0,1.0,0.0,0.0,0.0,1.0,10.0,0.0,0.0,7.0,41.0,0.0,2.0,37697,1506.8754,,3108.7275,1963.1712,5472.0,81,3.2378,30,1.1992,33,206,8.2345,41023,24335,972.7515,,38835,-0.250538,-4.2,,740.0,140,,,35.1765,15321.0,18361.0,343.0,18264.0,20408.0,361.0,-2943.0,-2047.0,-18.0,0.0,0.0,5.0,5.0,11.0,0.0,24090.0,30157.0,537.0,28160.0,33454.0,571.0,-4070.0,-3297.0,-34.0,1.0,2.0,9.0,9.0,15.0,1.0,33260.0,41542.0,723.0,41120.0,48904.0,780.0,-7860.0,-7362.0,-57.0,2.0,6.0,17.0,17.0,25.0,2.0,41018.0,51772.0,880.0,57036.0,67726.0,967.0,-16018.0,-15954.0,-87.0,2.0,6.0,25.0,25.0,43.0,2.0
LOLTMNT01_422110,complete,,MSI,2026,,0,2026-07-09 08:57:08,2,16.13,1,Blue,top,Zeus,oe:player:98dd15c330fb5abb4508347265a7f76,Hanwha Life Esports,oe:team:3a1d18f46bcb3716ebcfcf4ef068934,1.0,Jax,Poppy,Bard,Syndra,Alistar,Nautilus,,,,,,1765,0,1,5,4,6,24,0.0,0.0,0.0,0.0,0.0,0.0,0.0,0.0,0.204,1.0198,,,,,,,,,,,,,,,,,,,,,0.0,0.0,,,,,,,,,,0.0,0.0,15081,512.6686,0.241683,1099.0028,1031.2521,12712.0,12,0.4079,4,0.136,3,27,0.9178,10612,6736,228.9858,0.233202,10708,,,245.0,245.0,0,,,8.3286,3423.0,5273.0,99.0,3365.0,5211.0,93.0,58.0,62.0,6.0,0.0,0.0,0.0,0.0,0.0,0.0,5445.0,8918.0,152.0,5368.0,8697.0,143.0,77.0,221.0,9.0,0.0,1.0,0.0,1.0,0.0,1.0,7036.0,11370.0,192.0,8313.0,12453.0,210.0,-1277.0,-1083.0,-18.0,0.0,3.0,1.0,1.0,0.0,1.0,8817.0,13820.0,229.0,10632.0,16348.0,246.0,-1815.0,-2528.0,-17.0,0.0,4.0,2.0,3.0,1.0,2.0
LOLTMNT01_422110,complete,,MSI,2026,,0,2026-07-09 08:57:08,2,16.13,2,Blue,jng,Kanavi,oe:player:41deab55354f57a94135989133f9968,Hanwha Life Esports,oe:team:3a1d18f46bcb3716ebcfcf4ef068934,1.0,Wukong,Poppy,Bard,Syndra,Alistar,Nautilus,,,,,,1765,0,2,6,3,6,24,0.0,0.0,0.0,0.0,0.0,0.0,0.0,0.0,0.204,1.0198,,,,,,,,,,,,,,,,,,,,,0.0,1.0,,,,,,,,,,0.0,1.0,11146,378.9008,0.178622,1031.1501,836.7705,0.0,10,0.3399,12,0.4079,8,56,1.9037,9727,5851,198.9008,0.202562,9133,,,185.0,19.0,166,,,6.289,3556.0,4333.0,85.0,3957.0,4185.0,80.0,-401.0,148.0,5.0,0.0,0.0,0.0,1.0,0.0,0.0,5508.0,6357.0,120.0,6462.0,7085.0,127.0,-954.0,-728.0,-7.0,1.0,1.0,1.0,3.0,1.0,0.0,7244.0,8580.0,159.0,8513.0,9666.0,170.0,-1269.0,-1086.0,-11.0,1.0,3.0,1.0,3.0,3.0,0.0,9138.0,10662.0,182.0,11408.0,13917.0,205.0,-2270.0,-3255.0,-23.0,2.0,3.0,3.0,5.0,4.0,0.0
LOLTMNT01_422110,complete,,MSI,2026,,0,2026-07-09 08:57:08,2,16.13,3,Blue,mid,Zeka,oe:player:f9cd2ef9afea5cda0eb3263a025cec1,Hanwha Life Esports,oe:team:3a1d18f46bcb3716ebcfcf4ef068934,1.0,Annie,Poppy,Bard,Syndra,Alistar,Nautilus,,,,,,1765,0,0,5,4,6,24,0.0,0.0,0.0,0.0,0.0,0.0,0.0,1.0,0.204,1.0198,,,,,,,,,,,,,,,,,,,,,0.0,0.0,,,,,,,,,,0.0,0.0,18010,612.238,0.288622,599.83,391.5467,0.0,7,0.238,2,0.068,2,16,0.5439,9144,5268,179.0822,0.182378,9060,,,248.0,248.0,0,,,8.4306,3427.0,4938.0,99.0,3563.0,5010.0,95.0,-136.0,-72.0,4.0,0.0,0.0,1.0,0.0,1.0,0.0,4892.0,7094.0,136.0,5497.0,7892.0,152.0,-605.0,-798.0,-16.0,0.0,1.0,1.0,0.0,2.0,0.0,6267.0,9138.0,172.0,7974.0,10371.0,197.0,-1707.0,-1233.0,-25.0,0.0,3.0,1.0,2.0,2.0,0.0,7855.0,11532.0,213.0,11505.0,16132.0,257.0,-3650.0,-4600.0,-44.0,0.0,4.0,3.0,4.0,4.0,0.0
LOLTMNT01_422110,complete,,MSI,2026,,0,2026-07-09 08:57:08,2,16.13,4,Blue,bot,Gumayusi,oe:player:c7319736816efe935787b4381c6f321,Hanwha Life Esports,oe:team:3a1d18f46bcb3716ebcfcf4ef068934,1.0,Jhin,Poppy,Bard,Syndra,Alistar,Nautilus,,,,,,1765,0,2,3,1,6,24,0.0,0.0,0.0,0.0,0.0,0.0,0.0,0.0,0.204,1.0198,,,,,,,,,,,,,,,,,,,,,0.0,0.0,,,,,,,,,,0.0,0.0,12591,428.0227,0.201779,445.5297,279.4674,0.0,17,0.5779,10,0.3399,8,47,1.5977,11855,7979,271.2408,0.276236,11550,,,327.0,327.0,0,,,11.1161,3567.0,4231.0,103.0,3622.0,4207.0,98.0,-55.0,24.0,5.0,0.0,0.0,0.0,0.0,0.0,0.0,5497.0,6507.0,149.0,6036.0,7112.0,153.0,-539.0,-605.0,-4.0,0.0,1.0,1.0,0.0,3.0,0.0,8197.0,9628.0,217.0,8209.0,10164.0,214.0,-12.0,-536.0,3.0,2.0,1.0,1.0,0.0,4.0,0.0,10170.0,12349.0,282.0,10602.0,13487.0,259.0,-432.0,-1138.0,23.0,2.0,1.0,1.0,0.0,6.0,0.0
LOLTMNT01_422110,complete,,MSI,2026,,0,2026-07-09 08:57:08,2,16.13,5,Blue,sup,Delight,oe:player:051ca2e31ba25123961b3df95fdef4c,Hanwha Life Esports,oe:team:3a1d18f46bcb3716ebcfcf4ef068934,1.0,Camille,Poppy,Bard,Syndra,Alistar,Nautilus,,,,,,1765,0,1,5,3,6,24,0.0,0.0,0.0,0.0,0.0,0.0,0.0,0.0,0.204,1.0198,,,,,,,,,,,,,,,,,,,,,0.0,0.0,,,,,,,,,,0.0,1.0,5572,189.4164,0.0892949,667.4448,441.8924,0.0,57,1.9377,15,0.5099,19,125,4.2493,6927,3051,103.7167,0.105622,6740,,,42.0,42.0,0,,,1.4278,2096.0,1993.0,14.0,2239.0,2455.0,12.0,-143.0,-462.0,2.0,0.0,0.0,0.0,0.0,1.0,0.0,3699.0,3364.0,25.0,3489.0,3752.0,15.0,210.0,-388.0,10.0,1.0,0.0,1.0,0.0,3.0,1.0,4952.0,4331.0,34.0,4807.0,4780.0,20.0,145.0,-449.0,14.0,1.0,2.0,2.0,0.0,5.0,3.0,6031.0,5220.0,37.0,6573.0,7529.0,24.0,-542.0,-2309.0,13.0,1.0,3.0,3.0,0.0,10.0,3.0
LOLTMNT01_422110,complete,,MSI,2026,,0,2026-07-09 08:57:08,2,16.13,6,Red,top,Bin,oe:player:fb66ef5885b4be9323905b821dc3a42,Bilibili Gaming,oe:team:d356a144644879dabb5f34cd99c886d,0.0,Ambessa,Jayce,Orianna,Vi,Renekton,Vayne,,,,,,1765,1,6,2,6,24,6,0.0,0.0,0.0,0.0,0.0,0.0,0.0,0.0,0.8159,1.0198,,,,,,,,,,,,,,,,,,,,,0.0,0.0,,,,,,,,,,0.0,0.0,24117,819.8414,0.249915,612.7479,1017.7904,11239.0,13,0.4419,6,0.204,1,35,1.1898,14138,10262,348.8499,0.227661,12225,,,286.0,270.0,16,,,9.7224,3365.0,5211.0,93.0,3423.0,5273.0,99.0,-58.0,-62.0,-6.0,0.0,0.0,0.0,0.0,0.0,0.0,5368.0,8697.0,143.0,5445.0,8918.0,152.0,-77.0,-221.0,-9.0,1.0,0.0,1.0,0.0,1.0,0.0,8313.0,12453.0,210.0,7036.0,11370.0,192.0,1277.0,1083.0,18.0,1.0,0.0,1.0,0.0,3.0,1.0,10632.0,16348.0,246.0,8817.0,13820.0,229.0,1815.0,2528.0,17.0,3.0,1.0,2.0,0.0,4.0,2.0
LOLTMNT01_422110,complete,,MSI,2026,,0,2026-07-09 08:57:08,2,16.13,7,Red,jng,Xun,oe:player:fbdc4428b2d095c83aebeed5da4e4b2,Bilibili Gaming,oe:team:d356a144644879dabb5f34cd99c886d,0.0,Lee Sin,Jayce,Orianna,Vi,Renekton,Vayne,,,,,,1765,1,7,0,10,24,6,0.0,0.0,0.0,0.0,1.0,1.0,0.0,0.0,0.8159,1.0198,,,,,,,,,,,,,,,,,,,,,1.0,0.0,,,,,,,,,,1.0,0.0,18311,622.4703,0.189749,928.1813,988.6232,5043.0,24,0.8159,9,0.3059,13,62,2.1076,14198,10322,350.8895,0.228992,12825,,,232.0,21.0,211,,,7.8867,3957.0,4185.0,80.0,3556.0,4333.0,85.0,401.0,-148.0,-5.0,1.0,0.0,0.0,0.0,0.0,0.0,6462.0,7085.0,127.0,5508.0,6357.0,120.0,954.0,728.0,7.0,3.0,1.0,0.0,1.0,1.0,1.0,8513.0,9666.0,170.0,7244.0,8580.0,159.0,1269.0,1086.0,11.0,3.0,3.0,0.0,1.0,3.0,1.0,11408.0,13917.0,205.0,9138.0,10662.0,182.0,2270.0,3255.0,23.0,5.0,4.0,0.0,2.0,3.0,3.0
LOLTMNT01_422110,complete,,MSI,2026,,0,2026-07-09 08:57:08,2,16.13,8,Red,mid,Knight,oe:player:ed29043422e3c515e1cb292464b990b,Bilibili Gaming,oe:team:d356a144644879dabb5f34cd99c886d,0.0,Ryze,Jayce,Orianna,Vi,Renekton,Vayne,,,,,,1765,1,8,0,9,24,6,0.0,0.0,0.0,0.0,1.0,0.0,1.0,0.0,0.8159,1.0198,,,,,,,,,,,,,,,,,,,,,0.0,0.0,,,,,,,,,,0.0,0.0,29279,995.3201,0.303406,606.4589,550.8782,5441.0,12,0.4079,5,0.17,6,34,1.1558,14248,10372,352.5892,0.230101,13300,,,286.0,278.0,8,,,9.7224,3563.0,5010.0,95.0,3427.0,4938.0,99.0,136.0,72.0,-4.0,0.0,1.0,0.0,0.0,0.0,1.0,5497.0,7892.0,152.0,4892.0,7094.0,136.0,605.0,798.0,16.0,0.0,2.0,0.0,0.0,1.0,1.0,7974.0,10371.0,197.0,6267.0,9138.0,172.0,1707.0,1233.0,25.0,2.0,2.0,0.0,0.0,3.0,1.0,11505.0,16132.0,257.0,7855.0,11532.0,213.0,3650.0,4600.0,44.0,4.0,4.0,0.0,0.0,4.0,3.0
LOLTMNT01_422110,complete,,MSI,2026,,0,2026-07-09 08:57:08,2,16.13,9,Red,bot,Viper,oe:player:9573154ad8bc9459b4c0d940315054f,Bilibili Gaming,oe:team:d356a144644879dabb5f34cd99c886d,0.0,Taliyah,Jayce,Orianna,Vi,Renekton,Vayne,,,,,,1765,1,2,1,11,24,6,0.0,0.0,0.0,0.0,0.0,0.0,0.0,0.0,0.8159,1.0198,,,,,,,,,,,,,,,,,,,,,0.0,0.0,,,,,,,,,,0.0,0.0,16196,550.5722,0.167832,386.7535,208.1473,6910.0,21,0.7139,6,0.204,10,36,1.2238,13177,9301,316.1813,0.206341,12225,,,277.0,269.0,8,,,9.4164,3622.0,4207.0,98.0,3567.0,4231.0,103.0,55.0,-24.0,-5.0,0.0,0.0,0.0,0.0,0.0,0.0,6036.0,7112.0,153.0,5497.0,6507.0,149.0,539.0,605.0,4.0,0.0,3.0,0.0,0.0,1.0,1.0,8209.0,10164.0,214.0,8197.0,9628.0,217.0,12.0,536.0,-3.0,0.0,4.0,0.0,2.0,1.0,1.0,10602.0,13487.0,259.0,10170.0,12349.0,282.0,432.0,1138.0,-23.0,0.0,6.0,0.0,2.0,1.0,1.0
LOLTMNT01_422110,complete,,MSI,2026,,0,2026-07-09 08:57:08,2,16.13,10,Red,sup,ON,oe:player:90651ebea9a35ec4e018c8157492e17,Bilibili Gaming,oe:team:d356a144644879dabb5f34cd99c886d,0.0,Leona,Jayce,Orianna,Vi,Renekton,Vayne,,,,,,1765,1,1,3,19,24,6,0.0,0.0,0.0,0.0,1.0,0.0,1.0,0.0,0.8159,1.0198,,,,,,,,,,,,,,,,,,,,,0.0,0.0,,,,,,,,,,1.0,0.0,8598,292.2833,0.0890975,574.1643,574.4023,5269.0,66,2.2436,11,0.3739,31,121,4.1133,8695,4819,163.8187,0.106906,7925,,,29.0,29.0,0,,,0.9858,2239.0,2455.0,12.0,2096.0,1993.0,14.0,143.0,462.0,-2.0,0.0,1.0,0.0,0.0,0.0,0.0,3489.0,3752.0,15.0,3699.0,3364.0,25.0,-210.0,388.0,-10.0,0.0,3.0,1.0,1.0,0.0,1.0,4807.0,4780.0,20.0,4952.0,4331.0,34.0,-145.0,449.0,-14.0,0.0,5.0,3.0,1.0,2.0,2.0,6573.0,7529.0,24.0,6031.0,5220.0,37.0,542.0,2309.0,-13.0,0.0,10.0,3.0,1.0,3.0,3.0
LOLTMNT01_422110,complete,,MSI,2026,,0,2026-07-09 08:57:08,2,16.13,100,Blue,team,,,Hanwha Life Esports,oe:team:3a1d18f46bcb3716ebcfcf4ef068934,1.0,,Poppy,Bard,Syndra,Alistar,Nautilus,Camille,Wukong,Annie,Jax,Jhin,1765,0,6,24,15,6,24,0.0,0.0,0.0,0.0,0.0,,,,0.204,1.0198,0.0,0.0,4.0,0.0,4.0,0.0,0.0,0.0,0.0,0.0,0.0,,0.0,0.0,0.0,0.0,1.0,3.0,0.0,0.0,0.0,1.0,0.0,0.0,0.0,0.0,10.0,0.0,0.0,10.0,40.0,0.0,2.0,62400,2121.2465,,3842.9575,2980.9292,12712.0,103,3.5014,43,1.4618,40,271,9.2125,48265,28884,981.8924,,47191,-0.214001,-2.36,,881.0,166,,,35.5921,16069.0,20768.0,400.0,16746.0,21068.0,378.0,-677.0,-300.0,22.0,0.0,0.0,1.0,1.0,2.0,0.0,25041.0,32240.0,582.0,26852.0,34538.0,590.0,-1811.0,-2298.0,-8.0,2.0,4.0,4.0,4.0,9.0,2.0,33696.0,43047.0,774.0,37816.0,47434.0,811.0,-4120.0,-4387.0,-37.0,4.0,12.0,6.0,6.0,14.0,4.0,42011.0,53583.0,943.0,50720.0,67413.0,991.0,-8709.0,-13830.0,-48.0,5.0,15.0,12.0,12.0,25.0,5.0
LOLTMNT01_422110,complete,,MSI,2026,,0,2026-07-09 08:57:08,2,16.13,200,Red,team,,,Bilibili Gaming,oe:team:d356a144644879dabb5f34cd99c886d,0.0,,Jayce,Orianna,Vi,Renekton,Vayne,Ryze,Lee Sin,Ambessa,Leona,Taliyah,1765,1,24,6,55,24,6,0.0,0.0,0.0,0.0,1.0,,,,0.8159,1.0198,1.0,4.0,0.0,4.0,0.0,2.0,0.0,1.0,0.0,0.0,1.0,,0.0,0.0,1.0,1.0,0.0,0.0,3.0,1.0,1.0,0.0,0.0,0.0,1.0,10.0,0.0,1.0,1.0,40.0,10.0,2.0,0.0,96501,3280.4873,,3108.3059,3339.8414,33902.0,136,4.6232,37,1.2578,61,288,9.7904,64456,45075,1532.2946,,58500,0.214001,2.36,,867.0,243,,,37.7337,16746.0,21068.0,378.0,16069.0,20768.0,400.0,677.0,300.0,-22.0,1.0,2.0,0.0,0.0,0.0,1.0,26852.0,34538.0,590.0,25041.0,32240.0,582.0,1811.0,2298.0,8.0,4.0,9.0,2.0,2.0,4.0,4.0,37816.0,47434.0,811.0,33696.0,43047.0,774.0,4120.0,4387.0,37.0,6.0,14.0,4.0,4.0,12.0,6.0,50720.0,67413.0,991.0,42011.0,53583.0,943.0,8709.0,13830.0,48.0,12.0,25.0,5.0,5.0,15.0,12.0
LOLTMNT01_422124,complete,,MSI,2026,,0,2026-07-09 09:45:47,3,16.13,1,Blue,top,Zeus,oe:player:98dd15c330fb5abb4508347265a7f76,Hanwha Life Esports,oe:team:3a1d18f46bcb3716ebcfcf4ef068934,1.0,Dr. Mundo,Syndra,Bard,Qiyana,Caitlyn,Lulu,,,,,,1882,1,5,0,5,13,6,1.0,0.0,0.0,0.0,0.0,0.0,0.0,0.0,0.4145,0.6057,,,,,,,,,,,,,,,,,,,,,0.0,0.0,,,,,,,,,,0.0,0.0,23441,747.322,0.253003,1496.5887,1535.8342,18834.0,14,0.4463,3,0.0956,3,50,1.594,14523,10408,331.8172,0.239721,13375,,,276.0,256.0,20,,,8.7991,3290.0,5197.0,85.0,3846.0,5193.0,106.0,-556.0,4.0,-21.0,0.0,1.0,0.0,0.0,0.0,0.0,5804.0,8471.0,124.0,5454.0,8289.0,146.0,350.0,182.0,-22.0,1.0,1.0,0.0,0.0,1.0,1.0,8246.0,11967.0,161.0,7659.0,11796.0,206.0,587.0,171.0,-45.0,2.0,2.0,0.0,0.0,2.0,2.0,10730.0,15766.0,225.0,9699.0,15269.0,268.0,1031.0,497.0,-43.0,2.0,2.0,0.0,0.0,2.0,2.0
LOLTMNT01_422124,complete,,MSI,2026,,0,2026-07-09 09:45:47,3,16.13,2,Blue,jng,Kanavi,oe:player:41deab55354f57a94135989133f9968,Hanwha Life Esports,oe:team:3a1d18f46bcb3716ebcfcf4ef068934,1.0,Trundle,Syndra,Bard,Qiyana,Caitlyn,Lulu,,,,,,1882,1,3,3,5,13,6,0.0,0.0,0.0,0.0,1.0,1.0,0.0,0.0,0.4145,0.6057,,,,,,,,,,,,,,,,,,,,,1.0,0.0,,,,,,,,,,0.0,0.0,18686,595.7279,0.201682,1217.7896,1085.0053,7612.0,10,0.3188,23,0.7333,7,85,2.7099,13159,9044,288.3316,0.208305,11808,,,242.0,26.0,216,,,7.7152,4118.0,4203.0,91.0,3040.0,3410.0,60.0,1078.0,793.0,31.0,1.0,1.0,0.0,0.0,0.0,1.0,5916.0,6317.0,121.0,4987.0,5914.0,96.0,929.0,403.0,25.0,1.0,2.0,1.0,1.0,0.0,1.0,8517.0,9674.0,168.0,6612.0,9076.0,134.0,1905.0,598.0,34.0,2.0,2.0,2.0,1.0,1.0,1.0,10284.0,12140.0,209.0,7856.0,10551.0,156.0,2428.0,1589.0,53.0,2.0,2.0,2.0,1.0,1.0,1.0
LOLTMNT01_422124,complete,,MSI,2026,,0,2026-07-09 09:45:47,3,16.13,3,Blue,mid,Zeka,oe:player:f9cd2ef9afea5cda0eb3263a025cec1,Hanwha Life Esports,oe:team:3a1d18f46bcb3716ebcfcf4ef068934,1.0,Viktor,Syndra,Bard,Qiyana,Caitlyn,Lulu,,,,,,1882,1,4,0,5,13,6,0.0,0.0,0.0,0.0,1.0,0.0,1.0,0.0,0.4145,0.6057,,,,,,,,,,,,,,,,,,,,,0.0,0.0,,,,,,,,,,1.0,0.0,31311,998.2253,0.337946,204.644,354.0064,11530.0,18,0.5739,7,0.2232,4,40,1.2752,14105,9990,318.491,0.230094,13400,,,308.0,304.0,4,,,9.8193,3873.0,5263.0,99.0,3338.0,4755.0,91.0,535.0,508.0,8.0,1.0,1.0,0.0,0.0,0.0,1.0,6273.0,8519.0,166.0,4824.0,7108.0,136.0,1449.0,1411.0,30.0,1.0,1.0,0.0,0.0,0.0,1.0,8792.0,11370.0,228.0,6743.0,10274.0,198.0,2049.0,1096.0,30.0,1.0,1.0,0.0,0.0,0.0,1.0,10382.0,13338.0,272.0,8591.0,13273.0,257.0,1791.0,65.0,15.0,1.0,1.0,0.0,0.0,0.0,1.0
LOLTMNT01_422124,complete,,MSI,2026,,0,2026-07-09 09:45:47,3,16.13,4,Blue,bot,Gumayusi,oe:player:c7319736816efe935787b4381c6f321,Hanwha Life Esports,oe:team:3a1d18f46bcb3716ebcfcf4ef068934,1.0,Lucian,Syndra,Bard,Qiyana,Caitlyn,Lulu,,,,,,1882,1,1,2,3,13,6,0.0,0.0,0.0,0.0,1.0,0.0,1.0,0.0,0.4145,0.6057,,,,,,,,,,,,,,,,,,,,,0.0,0.0,,,,,,,,,,0.0,0.0,14832,472.8587,0.160085,500.3401,367.9384,3823.0,17,0.542,20,0.6376,7,52,1.6578,13537,9422,300.3826,0.217012,12625,,,341.0,321.0,20,,,10.8714,3360.0,3557.0,91.0,3889.0,4317.0,94.0,-529.0,-760.0,-3.0,0.0,1.0,1.0,1.0,0.0,0.0,5373.0,5827.0,141.0,6052.0,6702.0,140.0,-679.0,-875.0,1.0,0.0,1.0,2.0,2.0,0.0,0.0,7980.0,8796.0,208.0,8588.0,8941.0,194.0,-608.0,-145.0,14.0,0.0,1.0,2.0,3.0,0.0,1.0,10380.0,11718.0,283.0,10858.0,11894.0,268.0,-478.0,-176.0,15.0,0.0,1.0,2.0,3.0,0.0,1.0
LOLTMNT01_422124,complete,,MSI,2026,,0,2026-07-09 09:45:47,3,16.13,5,Blue,sup,Delight,oe:player:051ca2e31ba25123961b3df95fdef4c,Hanwha Life Esports,oe:team:3a1d18f46bcb3716ebcfcf4ef068934,1.0,Milio,Syndra,Bard,Qiyana,Caitlyn,Lulu,,,,,,1882,1,0,1,10,13,6,0.0,0.0,0.0,0.0,1.0,0.0,1.0,0.0,0.4145,0.6057,,,,,,,,,,,,,,,,,,,,,0.0,0.0,,,,,,,,,,1.0,0.0,4381,139.6706,0.047285,263.2731,116.78,186.0,63,2.0085,28,0.8927,23,161,5.1328,8668,4553,145.1541,0.104868,7965,,,39.0,39.0,0,,,1.2434,2489.0,2796.0,14.0,2421.0,2495.0,11.0,68.0,301.0,3.0,0.0,2.0,0.0,0.0,0.0,0.0,3770.0,3263.0,23.0,3646.0,3537.0,15.0,124.0,-274.0,8.0,0.0,2.0,0.0,0.0,1.0,0.0,5247.0,4715.0,32.0,4803.0,5083.0,20.0,444.0,-368.0,12.0,0.0,3.0,0.0,0.0,2.0,0.0,6370.0,5834.0,35.0,5947.0,5906.0,26.0,423.0,-72.0,9.0,0.0,3.0,0.0,0.0,2.0,0.0
LOLTMNT01_422124,complete,,MSI,2026,,0,2026-07-09 09:45:47,3,16.13,6,Red,top,Bin,oe:player:fb66ef5885b4be9323905b821dc3a42,Bilibili Gaming,oe:team:d356a144644879dabb5f34cd99c886d,0.0,Renekton,Jayce,Orianna,Vi,Vayne,Nocturne,,,,,,1882,0,1,4,2,6,13,0.0,0.0,0.0,0.0,0.0,0.0,0.0,0.0,0.1913,0.6057,,,,,,,,,,,,,,,,,,,,,0.0,0.0,,,,,,,,,,0.0,0.0,14971,477.2901,0.205389,971.9235,827.0244,4742.0,10,0.3188,6,0.1913,1,28,0.8927,12022,7907,252.0829,0.243292,11575,,,318.0,318.0,0,,,10.1382,3846.0,5193.0,106.0,3290.0,5197.0,85.0,556.0,-4.0,21.0,0.0,0.0,0.0,0.0,1.0,0.0,5454.0,8289.0,146.0,5804.0,8471.0,124.0,-350.0,-182.0,22.0,0.0,1.0,1.0,1.0,1.0,0.0,7659.0,11796.0,206.0,8246.0,11967.0,161.0,-587.0,-171.0,45.0,0.0,2.0,2.0,2.0,2.0,0.0,9699.0,15269.0,268.0,10730.0,15766.0,225.0,-1031.0,-497.0,43.0,0.0,2.0,2.0,2.0,2.0,0.0
LOLTMNT01_422124,complete,,MSI,2026,,0,2026-07-09 09:45:47,3,16.13,7,Red,jng,Xun,oe:player:fbdc4428b2d095c83aebeed5da4e4b2,Bilibili Gaming,oe:team:d356a144644879dabb5f34cd99c886d,0.0,Skarner,Jayce,Orianna,Vi,Vayne,Nocturne,,,,,,1882,0,1,4,2,6,13,0.0,0.0,0.0,0.0,0.0,0.0,0.0,0.0,0.1913,0.6057,,,,,,,,,,,,,,,,,,,,,0.0,1.0,,,,,,,,,,0.0,0.0,10947,349.0011,0.150183,872.136,1731.6791,0.0,16,0.5101,7,0.2232,8,57,1.8172,9104,4989,159.0542,0.153509,8950,,,169.0,16.0,153,,,5.3879,3040.0,3410.0,60.0,4118.0,4203.0,91.0,-1078.0,-793.0,-31.0,0.0,0.0,1.0,1.0,1.0,0.0,4987.0,5914.0,96.0,5916.0,6317.0,121.0,-929.0,-403.0,-25.0,1.0,0.0,1.0,1.0,2.0,1.0,6612.0,9076.0,134.0,8517.0,9674.0,168.0,-1905.0,-598.0,-34.0,1.0,1.0,1.0,2.0,2.0,2.0,7856.0,10551.0,156.0,10284.0,12140.0,209.0,-2428.0,-1589.0,-53.0,1.0,1.0,1.0,2.0,2.0,2.0
LOLTMNT01_422124,complete,,MSI,2026,,0,2026-07-09 09:45:47,3,16.13,8,Red,mid,Knight,oe:player:ed29043422e3c515e1cb292464b990b,Bilibili Gaming,oe:team:d356a144644879dabb5f34cd99c886d,0.0,Mel,Jayce,Orianna,Vi,Vayne,Nocturne,,,,,,1882,0,0,2,2,6,13,0.0,0.0,0.0,0.0,0.0,0.0,0.0,1.0,0.1913,0.6057,,,,,,,,,,,,,,,,,,,,,0.0,0.0,,,,,,,,,,0.0,1.0,23424,746.78,0.321357,536.78,320.2763,0.0,12,0.3826,8,0.255,4,35,1.1158,10467,6352,202.508,0.195446,10250,,,295.0,291.0,4,,,9.4049,3338.0,4755.0,91.0,3873.0,5263.0,99.0,-535.0,-508.0,-8.0,0.0,0.0,1.0,1.0,1.0,0.0,4824.0,7108.0,136.0,6273.0,8519.0,166.0,-1449.0,-1411.0,-30.0,0.0,0.0,1.0,1.0,1.0,0.0,6743.0,10274.0,198.0,8792.0,11370.0,228.0,-2049.0,-1096.0,-30.0,0.0,0.0,1.0,1.0,1.0,0.0,8591.0,13273.0,257.0,10382.0,13338.0,272.0,-1791.0,-65.0,-15.0,0.0,0.0,1.0,1.0,1.0,0.0
LOLTMNT01_422124,complete,,MSI,2026,,0,2026-07-09 09:45:47,3,16.13,9,Red,bot,Viper,oe:player:9573154ad8bc9459b4c0d940315054f,Bilibili Gaming,oe:team:d356a144644879dabb5f34cd99c886d,0.0,Xayah,Jayce,Orianna,Vi,Vayne,Nocturne,,,,,,1882,0,4,2,1,6,13,0.0,0.0,0.0,0.0,0.0,0.0,0.0,0.0,0.1913,0.6057,,,,,,,,,,,,,,,,,,,,,0.0,0.0,,,,,,,,,,0.0,0.0,18355,585.1753,0.251814,503.0818,284.474,3845.0,16,0.5101,10,0.3188,5,46,1.4665,14125,10010,319.1286,0.307998,13875,,,341.0,323.0,18,,,10.8714,3889.0,4317.0,94.0,3360.0,3557.0,91.0,529.0,760.0,3.0,1.0,0.0,0.0,0.0,1.0,1.0,6052.0,6702.0,140.0,5373.0,5827.0,141.0,679.0,875.0,-1.0,2.0,0.0,0.0,0.0,1.0,2.0,8588.0,8941.0,194.0,7980.0,8796.0,208.0,608.0,145.0,-14.0,3.0,0.0,1.0,0.0,1.0,2.0,10858.0,11894.0,268.0,10380.0,11718.0,283.0,478.0,176.0,-15.0,3.0,0.0,1.0,0.0,1.0,2.0
LOLTMNT01_422124,complete,,MSI,2026,,0,2026-07-09 09:45:47,3,16.13,10,Red,sup,ON,oe:player:90651ebea9a35ec4e018c8157492e17,Bilibili Gaming,oe:team:d356a144644879dabb5f34cd99c886d,0.0,Rakan,Jayce,Orianna,Vi,Vayne,Nocturne,,,,,,1882,0,0,1,4,6,13,0.0,0.0,0.0,0.0,0.0,0.0,0.0,0.0,0.1913,0.6057,,,,,,,,,,,,,,,,,,,,,0.0,0.0,,,,,,,,,,0.0,1.0,5194,165.5898,0.0712571,618.746,716.6844,0.0,77,2.4548,22,0.7014,35,145,4.6227,7357,3242,103.3581,0.0997557,7225,,,32.0,32.0,0,,,1.0202,2421.0,2495.0,11.0,2489.0,2796.0,14.0,-68.0,-301.0,-3.0,0.0,0.0,0.0,0.0,2.0,0.0,3646.0,3537.0,15.0,3770.0,3263.0,23.0,-124.0,274.0,-8.0,0.0,1.0,0.0,0.0,2.0,0.0,4803.0,5083.0,20.0,5247.0,4715.0,32.0,-444.0,368.0,-12.0,0.0,2.0,0.0,0.0,3.0,0.0,5947.0,5906.0,26.0,6370.0,5834.0,35.0,-423.0,72.0,-9.0,0.0,2.0,0.0,0.0,3.0,0.0
LOLTMNT01_422124,complete,,MSI,2026,,0,2026-07-09 09:45:47,3,16.13,100,Blue,team,,,Hanwha Life Esports,oe:team:3a1d18f46bcb3716ebcfcf4ef068934,1.0,,Syndra,Bard,Qiyana,Caitlyn,Lulu,Viktor,Lucian,Milio,Trundle,Dr. Mundo,1882,1,13,6,28,13,6,1.0,0.0,0.0,0.0,1.0,,,,0.4145,0.6057,1.0,4.0,1.0,4.0,1.0,0.0,0.0,0.0,0.0,3.0,1.0,,0.0,0.0,1.0,1.0,0.0,3.0,0.0,1.0,1.0,0.0,0.0,0.0,1.0,10.0,0.0,1.0,1.0,41.0,9.0,2.0,0.0,92651,2953.8045,,3682.6355,3459.5643,41985.0,122,3.8895,81,2.5824,44,388,12.3698,63992,43418,1384.2083,,59173,0.131439,2.19,,946.0,260,,,38.4485,17130.0,21016.0,380.0,16534.0,20170.0,362.0,596.0,846.0,18.0,2.0,6.0,1.0,1.0,0.0,2.0,27136.0,32397.0,575.0,24963.0,31550.0,533.0,2173.0,847.0,42.0,3.0,7.0,3.0,3.0,2.0,3.0,38782.0,46522.0,797.0,34405.0,45170.0,752.0,4377.0,1352.0,45.0,5.0,9.0,4.0,4.0,5.0,5.0,48146.0,58796.0,1024.0,42951.0,56893.0,975.0,5195.0,1903.0,49.0,5.0,9.0,4.0,4.0,5.0,5.0
LOLTMNT01_422124,complete,,MSI,2026,,0,2026-07-09 09:45:47,3,16.13,200,Red,team,,,Bilibili Gaming,oe:team:d356a144644879dabb5f34cd99c886d,0.0,,Jayce,Orianna,Vi,Vayne,Nocturne,Skarner,Mel,Renekton,Rakan,Xayah,1882,0,6,13,11,6,13,0.0,0.0,0.0,0.0,0.0,,,,0.1913,0.6057,0.0,1.0,4.0,1.0,4.0,0.0,1.0,0.0,0.0,0.0,0.0,,0.0,0.0,0.0,0.0,1.0,0.0,3.0,0.0,0.0,1.0,0.0,0.0,0.0,0.0,10.0,0.0,0.0,9.0,41.0,0.0,2.0,72891,2323.8363,,3502.6674,3880.1382,8587.0,131,4.1764,53,1.6897,53,311,9.915,53075,32501,1036.1637,,51875,-0.131439,-2.19,,980.0,175,,,36.8225,16534.0,20170.0,362.0,17130.0,21016.0,380.0,-596.0,-846.0,-18.0,1.0,0.0,2.0,2.0,6.0,1.0,24963.0,31550.0,533.0,27136.0,32397.0,575.0,-2173.0,-847.0,-42.0,3.0,2.0,3.0,3.0,7.0,3.0,34405.0,45170.0,752.0,38782.0,46522.0,797.0,-4377.0,-1352.0,-45.0,4.0,5.0,5.0,5.0,9.0,4.0,42951.0,56893.0,975.0,48146.0,58796.0,1024.0,-5195.0,-1903.0,-49.0,4.0,5.0,5.0,5.0,9.0,4.0
LOLTMNT01_422152,complete,,MSI,2026,,0,2026-07-09 10:57:19,4,16.13,1,Blue,top,Zeus,oe:player:98dd15c330fb5abb4508347265a7f76,Hanwha Life Esports,oe:team:3a1d18f46bcb3716ebcfcf4ef068934,0.0,Zaahen,Syndra,Bard,Nocturne,Alistar,Karma,,,,,,2260,0,2,7,4,11,23,0.0,0.0,0.0,0.0,1.0,0.0,1.0,0.0,0.292,0.9027,,,,,,,,,,,,,,,,,,,,,0.0,0.0,,,,,,,,,,0.0,0.0,28025,744.0265,0.258235,1436.6018,1494.1062,5447.0,16,0.4248,7,0.1858,9,55,1.4602,15194,10308,273.6637,0.234587,15208,,,343.0,323.0,20,,,9.1062,3842.0,4732.0,80.0,3240.0,4471.0,81.0,602.0,261.0,-1.0,0.0,2.0,1.0,0.0,1.0,2.0,6164.0,8230.0,132.0,5335.0,8392.0,143.0,829.0,-162.0,-11.0,1.0,2.0,2.0,0.0,2.0,2.0,8159.0,11689.0,199.0,7391.0,11893.0,208.0,768.0,-204.0,-9.0,1.0,2.0,2.0,0.0,2.0,2.0,9916.0,14662.0,250.0,9424.0,16020.0,252.0,492.0,-1358.0,-2.0,1.0,3.0,3.0,0.0,6.0,3.0
LOLTMNT01_422152,complete,,MSI,2026,,0,2026-07-09 10:57:19,4,16.13,2,Blue,jng,Kanavi,oe:player:41deab55354f57a94135989133f9968,Hanwha Life Esports,oe:team:3a1d18f46bcb3716ebcfcf4ef068934,0.0,Vi,Syndra,Bard,Nocturne,Alistar,Karma,,,,,,2260,0,1,6,4,11,23,0.0,0.0,0.0,0.0,0.0,0.0,0.0,0.0,0.292,0.9027,,,,,,,,,,,,,,,,,,,,,0.0,2.0,,,,,,,,,,0.0,0.0,8938,237.292,0.0823589,854.9469,1033.1416,0.0,12,0.3186,23,0.6106,11,76,2.0177,12391,7505,199.2478,0.170797,11925,,,257.0,41.0,216,,,6.823,3467.0,3360.0,63.0,3233.0,3301.0,62.0,234.0,59.0,1.0,1.0,0.0,1.0,0.0,2.0,1.0,5158.0,5607.0,102.0,5763.0,6419.0,111.0,-605.0,-812.0,-9.0,1.0,1.0,2.0,2.0,3.0,1.0,7184.0,8790.0,156.0,7595.0,9011.0,153.0,-411.0,-221.0,3.0,1.0,1.0,2.0,2.0,3.0,1.0,9018.0,11729.0,199.0,10031.0,12220.0,190.0,-1013.0,-491.0,9.0,1.0,2.0,3.0,3.0,5.0,1.0
LOLTMNT01_422152,complete,,MSI,2026,,0,2026-07-09 10:57:19,4,16.13,3,Blue,mid,Zeka,oe:player:f9cd2ef9afea5cda0eb3263a025cec1,Hanwha Life Esports,oe:team:3a1d18f46bcb3716ebcfcf4ef068934,0.0,Aurora,Syndra,Bard,Nocturne,Alistar,Karma,,,,,,2260,0,4,2,4,11,23,0.0,0.0,0.0,0.0,1.0,1.0,0.0,0.0,0.292,0.9027,,,,,,,,,,,,,,,,,,,,,0.0,0.0,,,,,,,,,,0.0,1.0,32849,872.0973,0.302686,482.7611,258.292,2415.0,10,0.2655,16,0.4248,7,56,1.4867,15234,10348,274.7257,0.235498,15175,,,335.0,335.0,0,,,8.8938,3833.0,4788.0,87.0,4177.0,4723.0,89.0,-344.0,65.0,-2.0,1.0,2.0,0.0,2.0,0.0,0.0,5654.0,7874.0,151.0,6500.0,7724.0,148.0,-846.0,150.0,3.0,1.0,2.0,0.0,3.0,2.0,0.0,7489.0,10592.0,211.0,9048.0,12433.0,217.0,-1559.0,-1841.0,-6.0,1.0,2.0,0.0,3.0,2.0,0.0,9515.0,12712.0,249.0,11681.0,16723.0,273.0,-2166.0,-4011.0,-24.0,2.0,2.0,1.0,3.0,7.0,0.0
LOLTMNT01_422152,complete,,MSI,2026,,0,2026-07-09 10:57:19,4,16.13,4,Blue,bot,Gumayusi,oe:player:c7319736816efe935787b4381c6f321,Hanwha Life Esports,oe:team:3a1d18f46bcb3716ebcfcf4ef068934,0.0,Varus,Syndra,Bard,Nocturne,Alistar,Karma,,,,,,2260,0,4,4,3,11,23,0.0,0.0,0.0,0.0,0.0,0.0,0.0,0.0,0.292,0.9027,,,,,,,,,,,,,,,,,,,,,0.0,0.0,,,,,,,,,,0.0,0.0,32109,852.4513,0.295867,523.4071,301.8319,6995.0,19,0.5044,9,0.2389,7,38,1.0088,16476,11590,307.6991,0.263763,15775,,,384.0,384.0,0,,,10.1947,3969.0,4125.0,94.0,3633.0,4104.0,91.0,336.0,21.0,3.0,1.0,0.0,0.0,0.0,1.0,0.0,6202.0,6672.0,153.0,5903.0,6828.0,146.0,299.0,-156.0,7.0,1.0,0.0,0.0,0.0,3.0,0.0,8426.0,10026.0,223.0,8027.0,9837.0,209.0,399.0,189.0,14.0,1.0,0.0,0.0,0.0,3.0,0.0,10644.0,12585.0,273.0,11512.0,13780.0,259.0,-868.0,-1195.0,14.0,2.0,1.0,1.0,3.0,5.0,0.0
LOLTMNT01_422152,complete,,MSI,2026,,0,2026-07-09 10:57:19,4,16.13,5,Blue,sup,Delight,oe:player:051ca2e31ba25123961b3df95fdef4c,Hanwha Life Esports,oe:team:3a1d18f46bcb3716ebcfcf4ef068934,0.0,Nautilus,Syndra,Bard,Nocturne,Alistar,Karma,,,,,,2260,0,0,4,10,11,23,0.0,0.0,0.0,0.0,0.0,0.0,0.0,0.0,0.292,0.9027,,,,,,,,,,,,,,,,,,,,,0.0,0.0,,,,,,,,,,0.0,1.0,6604,175.3274,0.0608523,521.9204,816.292,222.0,85,2.2566,16,0.4248,33,175,4.646,9076,4190,111.2389,0.0953551,8900,,,37.0,37.0,0,,,0.9823,2396.0,2042.0,13.0,2367.0,1867.0,7.0,29.0,175.0,6.0,0.0,2.0,0.0,0.0,1.0,0.0,3662.0,3181.0,24.0,3380.0,3079.0,14.0,282.0,102.0,10.0,0.0,3.0,1.0,0.0,1.0,1.0,4804.0,3648.0,27.0,4412.0,3747.0,16.0,392.0,-99.0,11.0,0.0,3.0,1.0,0.0,1.0,1.0,6052.0,4964.0,33.0,6337.0,6182.0,20.0,-285.0,-1218.0,13.0,0.0,5.0,2.0,1.0,5.0,2.0
LOLTMNT01_422152,complete,,MSI,2026,,0,2026-07-09 10:57:19,4,16.13,6,Red,top,Bin,oe:player:fb66ef5885b4be9323905b821dc3a42,Bilibili Gaming,oe:team:d356a144644879dabb5f34cd99c886d,1.0,K'Sante,Poppy,Caitlyn,Jayce,Ahri,Vayne,,,,,,2260,1,3,3,13,23,11,1.0,0.0,0.0,0.0,0.0,0.0,0.0,1.0,0.6106,0.9027,,,,,,,,,,,,,,,,,,,,,0.0,0.0,,,,,,,,,,0.0,0.0,25177,668.4159,0.207017,890.2035,1828.3009,5338.0,14,0.3717,11,0.292,6,49,1.3009,14655,9769,259.354,0.187024,14150,,,305.0,305.0,0,,,8.0973,3240.0,4471.0,81.0,3842.0,4732.0,80.0,-602.0,-261.0,1.0,0.0,1.0,2.0,0.0,2.0,1.0,5335.0,8392.0,143.0,6164.0,8230.0,132.0,-829.0,162.0,11.0,0.0,2.0,2.0,1.0,2.0,2.0,7391.0,11893.0,208.0,8159.0,11689.0,199.0,-768.0,204.0,9.0,0.0,2.0,2.0,1.0,2.0,2.0,9424.0,16020.0,252.0,9916.0,14662.0,250.0,-492.0,1358.0,2.0,0.0,6.0,3.0,1.0,3.0,3.0
LOLTMNT01_422152,complete,,MSI,2026,,0,2026-07-09 10:57:19,4,16.13,7,Red,jng,Xun,oe:player:fbdc4428b2d095c83aebeed5da4e4b2,Bilibili Gaming,oe:team:d356a144644879dabb5f34cd99c886d,1.0,Pantheon,Poppy,Caitlyn,Jayce,Ahri,Vayne,,,,,,2260,1,4,3,10,23,11,1.0,0.0,0.0,0.0,0.0,0.0,0.0,0.0,0.6106,0.9027,,,,,,,,,,,,,,,,,,,,,2.0,0.0,,,,,,,,,,0.0,0.0,19380,514.5133,0.159351,899.1504,847.885,938.0,8,0.2124,12,0.3186,8,45,1.1947,15093,10207,270.9823,0.195409,14600,,,257.0,19.0,238,,,6.823,3233.0,3301.0,62.0,3467.0,3360.0,63.0,-234.0,-59.0,-1.0,0.0,2.0,1.0,1.0,0.0,1.0,5763.0,6419.0,111.0,5158.0,5607.0,102.0,605.0,812.0,9.0,2.0,3.0,1.0,1.0,1.0,2.0,7595.0,9011.0,153.0,7184.0,8790.0,156.0,411.0,221.0,-3.0,2.0,3.0,1.0,1.0,1.0,2.0,10031.0,12220.0,190.0,9018.0,11729.0,199.0,1013.0,491.0,-9.0,3.0,5.0,1.0,1.0,2.0,3.0
LOLTMNT01_422152,complete,,MSI,2026,,0,2026-07-09 10:57:19,4,16.13,8,Red,mid,Knight,oe:player:ed29043422e3c515e1cb292464b990b,Bilibili Gaming,oe:team:d356a144644879dabb5f34cd99c886d,1.0,Orianna,Poppy,Caitlyn,Jayce,Ahri,Vayne,,,,,,2260,1,7,0,15,23,11,0.0,0.0,0.0,0.0,0.0,0.0,0.0,0.0,0.6106,0.9027,,,,,,,,,,,,,,,,,,,,,0.0,0.0,,,,,,,,,,1.0,0.0,33153,880.1681,0.272599,625.115,658.354,18000.0,20,0.531,9,0.2389,8,62,1.646,18099,13213,350.7876,0.252958,17150,,,351.0,327.0,24,,,9.3186,4177.0,4723.0,89.0,3833.0,4788.0,87.0,344.0,-65.0,2.0,2.0,0.0,0.0,1.0,2.0,0.0,6500.0,7724.0,148.0,5654.0,7874.0,151.0,846.0,-150.0,-3.0,3.0,2.0,0.0,1.0,2.0,0.0,9048.0,12433.0,217.0,7489.0,10592.0,211.0,1559.0,1841.0,6.0,3.0,2.0,0.0,1.0,2.0,0.0,11681.0,16723.0,273.0,9515.0,12712.0,249.0,2166.0,4011.0,24.0,3.0,7.0,0.0,2.0,2.0,1.0
LOLTMNT01_422152,complete,,MSI,2026,,0,2026-07-09 10:57:19,4,16.13,9,Red,bot,Viper,oe:player:9573154ad8bc9459b4c0d940315054f,Bilibili Gaming,oe:team:d356a144644879dabb5f34cd99c886d,1.0,Ezreal,Poppy,Caitlyn,Jayce,Ahri,Vayne,,,,,,2260,1,6,1,10,23,11,2.0,1.0,0.0,0.0,0.0,0.0,0.0,0.0,0.6106,0.9027,,,,,,,,,,,,,,,,,,,,,0.0,0.0,,,,,,,,,,0.0,0.0,32874,872.7611,0.270305,631.0619,270.9823,8207.0,20,0.531,9,0.2389,5,41,1.0885,18021,13135,348.7168,0.251465,15758,,,355.0,339.0,16,,,9.4248,3633.0,4104.0,91.0,3969.0,4125.0,94.0,-336.0,-21.0,-3.0,0.0,1.0,0.0,1.0,0.0,0.0,5903.0,6828.0,146.0,6202.0,6672.0,153.0,-299.0,156.0,-7.0,0.0,3.0,0.0,1.0,0.0,0.0,8027.0,9837.0,209.0,8426.0,10026.0,223.0,-399.0,-189.0,-14.0,0.0,3.0,0.0,1.0,0.0,0.0,11512.0,13780.0,259.0,10644.0,12585.0,273.0,868.0,1195.0,-14.0,3.0,5.0,0.0,2.0,1.0,1.0
LOLTMNT01_422152,complete,,MSI,2026,,0,2026-07-09 10:57:19,4,16.13,10,Red,sup,ON,oe:player:90651ebea9a35ec4e018c8157492e17,Bilibili Gaming,oe:team:d356a144644879dabb5f34cd99c886d,1.0,Neeko,Poppy,Caitlyn,Jayce,Ahri,Vayne,,,,,,2260,1,3,4,14,23,11,0.0,0.0,0.0,0.0,0.0,0.0,0.0,0.0,0.6106,0.9027,,,,,,,,,,,,,,,,,,,,,0.0,0.0,,,,,,,,,,1.0,0.0,11034,292.9381,0.0907267,644.1239,297.4779,1450.0,92,2.4425,16,0.4248,39,176,4.6726,10796,5910,156.9027,0.113145,9225,,,28.0,28.0,0,,,0.7434,2367.0,1867.0,7.0,2396.0,2042.0,13.0,-29.0,-175.0,-6.0,0.0,1.0,0.0,0.0,2.0,0.0,3380.0,3079.0,14.0,3662.0,3181.0,24.0,-282.0,-102.0,-10.0,0.0,1.0,1.0,0.0,3.0,1.0,4412.0,3747.0,16.0,4804.0,3648.0,27.0,-392.0,99.0,-11.0,0.0,1.0,1.0,0.0,3.0,1.0,6337.0,6182.0,20.0,6052.0,4964.0,33.0,285.0,1218.0,-13.0,1.0,5.0,2.0,0.0,5.0,2.0
LOLTMNT01_422152,complete,,MSI,2026,,0,2026-07-09 10:57:19,4,16.13,100,Blue,team,,,Hanwha Life Esports,oe:team:3a1d18f46bcb3716ebcfcf4ef068934,0.0,,Syndra,Bard,Nocturne,Alistar,Karma,Vi,Varus,Nautilus,Aurora,Zaahen,2260,0,11,23,25,11,23,0.0,0.0,0.0,0.0,1.0,,,,0.292,0.9027,1.0,2.0,3.0,2.0,3.0,0.0,1.0,1.0,0.0,0.0,0.0,,0.0,0.0,0.0,0.0,1.0,2.0,1.0,0.0,0.0,2.0,0.0,0.0,0.0,3.0,9.0,0.0,0.0,17.0,38.0,0.0,2.0,108525,2881.1947,,3819.6372,3903.6637,15079.0,142,3.7699,71,1.885,67,400,10.6195,68371,43941,1166.5752,,66983,-0.0565767,-0.74,,1120.0,236,,,36.0,17507.0,19047.0,337.0,16650.0,18466.0,330.0,857.0,581.0,7.0,3.0,6.0,2.0,2.0,5.0,3.0,26840.0,31564.0,562.0,26881.0,32442.0,562.0,-41.0,-878.0,0.0,4.0,8.0,5.0,5.0,11.0,4.0,36062.0,44745.0,816.0,36473.0,46921.0,803.0,-411.0,-2176.0,13.0,4.0,8.0,5.0,5.0,11.0,4.0,45145.0,56652.0,1004.0,48985.0,64925.0,994.0,-3840.0,-8273.0,10.0,6.0,13.0,10.0,10.0,28.0,6.0
LOLTMNT01_422152,complete,,MSI,2026,,0,2026-07-09 10:57:19,4,16.13,200,Red,team,,,Bilibili Gaming,oe:team:d356a144644879dabb5f34cd99c886d,1.0,,Poppy,Caitlyn,Jayce,Ahri,Vayne,Orianna,Pantheon,Ezreal,Neeko,K'Sante,2260,1,23,11,62,23,11,4.0,1.0,0.0,0.0,0.0,,,,0.6106,0.9027,0.0,3.0,2.0,3.0,2.0,0.0,0.0,0.0,3.0,0.0,0.0,,0.0,0.0,1.0,1.0,0.0,1.0,2.0,1.0,2.0,0.0,0.0,0.0,1.0,9.0,3.0,1.0,1.0,38.0,17.0,2.0,0.0,121618,3228.7965,,3689.6549,3903.0,33933.0,154,4.0885,57,1.5133,66,373,9.9027,76664,52234,1386.7434,,70883,0.0565767,0.74,,1018.0,278,,,34.4071,16650.0,18466.0,330.0,17507.0,19047.0,337.0,-857.0,-581.0,-7.0,2.0,5.0,3.0,3.0,6.0,2.0,26881.0,32442.0,562.0,26840.0,31564.0,562.0,41.0,878.0,0.0,5.0,11.0,4.0,4.0,8.0,5.0,36473.0,46921.0,803.0,36062.0,44745.0,816.0,411.0,2176.0,-13.0,5.0,11.0,4.0,4.0,8.0,5.0,48985.0,64925.0,994.0,45145.0,56652.0,1004.0,3840.0,8273.0,-10.0,10.0,28.0,6.0,6.0,13.0,10.0
LOLTMNT01_422565,complete,,MSI,2026,,0,2026-07-10 08:12:49,1,16.13,1,Blue,top,BrokenBlade,oe:player:84bff3a326833c7c9181c698f676878,G2 Esports,oe:team:7d6673d3a9d00363c6bebc1a630da6e,1.0,Anivia,Akali,Nocturne,Jayce,Gnar,K'Sante,,,,,,2142,0,2,2,4,8,17,0.0,0.0,0.0,0.0,0.0,0.0,0.0,0.0,0.2241,0.7003,,,,,,,,,,,,,,,,,,,,,0.0,0.0,,,,,,,,,,0.0,0.0,24563,688.0392,0.26186,866.8627,565.9944,7663.0,21,0.5882,5,0.1401,8,53,1.4846,12743,8098,226.8347,0.205962,11800,,,285.0,281.0,4,,,7.9832,3860.0,5332.0,90.0,3106.0,4950.0,76.0,754.0,382.0,14.0,1.0,0.0,0.0,0.0,0.0,1.0,5404.0,8725.0,133.0,4806.0,8159.0,126.0,598.0,566.0,7.0,1.0,0.0,0.0,0.0,0.0,1.0,7398.0,13675.0,188.0,6740.0,11958.0,183.0,658.0,1717.0,5.0,1.0,1.0,0.0,0.0,2.0,1.0,8791.0,15321.0,205.0,8335.0,14691.0,217.0,456.0,630.0,-12.0,1.0,2.0,1.0,1.0,3.0,2.0
LOLTMNT01_422565,complete,,MSI,2026,,0,2026-07-10 08:12:49,1,16.13,2,Blue,jng,SkewMond,oe:player:ab15060e5225b51592cd04b3aed1e09,G2 Esports,oe:team:7d6673d3a9d00363c6bebc1a630da6e,1.0,Jarvan IV,Akali,Nocturne,Jayce,Gnar,K'Sante,,,,,,2142,0,1,2,6,8,17,0.0,0.0,0.0,0.0,0.0,0.0,0.0,0.0,0.2241,0.7003,,,,,,,,,,,,,,,,,,,,,0.0,1.0,,,,,,,,,,0.0,0.0,15320,429.1317,0.163323,967.1148,1431.2885,894.0,12,0.3361,9,0.2521,10,53,1.4846,13348,8703,243.7815,0.22135,12750,,,266.0,21.0,245,,,7.451,3794.0,4731.0,87.0,3955.0,4184.0,78.0,-161.0,547.0,9.0,0.0,1.0,0.0,1.0,0.0,0.0,5553.0,6791.0,125.0,5826.0,6855.0,126.0,-273.0,-64.0,-1.0,0.0,1.0,0.0,1.0,0.0,0.0,7416.0,9376.0,168.0,8083.0,9814.0,172.0,-667.0,-438.0,-4.0,0.0,2.0,1.0,2.0,1.0,1.0,9708.0,12288.0,215.0,9699.0,11993.0,203.0,9.0,295.0,12.0,0.0,4.0,1.0,2.0,2.0,1.0
LOLTMNT01_422565,complete,,MSI,2026,,0,2026-07-10 08:12:49,1,16.13,3,Blue,mid,Caps,oe:player:55dd587cdc4a278be6a5c37f9e539de,G2 Esports,oe:team:7d6673d3a9d00363c6bebc1a630da6e,1.0,Orianna,Akali,Nocturne,Jayce,Gnar,K'Sante,,,,,,2142,0,3,3,2,8,17,0.0,0.0,0.0,0.0,0.0,0.0,0.0,0.0,0.2241,0.7003,,,,,,,,,,,,,,,,,,,,,0.0,0.0,,,,,,,,,,0.0,0.0,26415,739.916,0.281604,548.6275,481.7927,7151.0,14,0.3922,5,0.1401,4,51,1.4286,13463,8818,247.0028,0.224275,13200,,,294.0,286.0,8,,,8.2353,3671.0,5549.0,111.0,3417.0,5028.0,95.0,254.0,521.0,16.0,0.0,0.0,0.0,0.0,0.0,0.0,5437.0,7926.0,161.0,5262.0,7584.0,146.0,175.0,342.0,15.0,0.0,0.0,0.0,0.0,0.0,0.0,7268.0,10115.0,202.0,7257.0,9565.0,179.0,11.0,550.0,23.0,1.0,0.0,1.0,2.0,1.0,0.0,9383.0,12171.0,239.0,8968.0,11774.0,223.0,415.0,397.0,16.0,2.0,0.0,1.0,2.0,1.0,0.0
LOLTMNT01_422565,complete,,MSI,2026,,0,2026-07-10 08:12:49,1,16.13,4,Blue,bot,Hans Sama,oe:player:c62a5235ad6bc113a1e64eb0e9aa8c8,G2 Esports,oe:team:7d6673d3a9d00363c6bebc1a630da6e,1.0,Ashe,Akali,Nocturne,Jayce,Gnar,K'Sante,,,,,,2142,0,1,5,3,8,17,0.0,0.0,0.0,0.0,0.0,0.0,0.0,1.0,0.2241,0.7003,,,,,,,,,,,,,,,,,,,,,0.0,0.0,,,,,,,,,,0.0,1.0,19037,533.2493,0.202949,588.8796,363.3333,2804.0,17,0.4762,14,0.3922,6,61,1.7087,14334,9689,271.4006,0.246428,14300,,,311.0,308.0,3,,,8.7115,3188.0,3298.0,81.0,3938.0,3780.0,102.0,-750.0,-482.0,-21.0,0.0,0.0,1.0,0.0,1.0,0.0,5715.0,5170.0,129.0,6265.0,6272.0,167.0,-550.0,-1102.0,-38.0,0.0,0.0,1.0,0.0,1.0,0.0,7882.0,7443.0,188.0,8461.0,8972.0,230.0,-579.0,-1529.0,-42.0,0.0,0.0,1.0,0.0,1.0,0.0,10020.0,9728.0,227.0,10556.0,11147.0,271.0,-536.0,-1419.0,-44.0,1.0,1.0,1.0,1.0,1.0,1.0
LOLTMNT01_422565,complete,,MSI,2026,,0,2026-07-10 08:12:49,1,16.13,5,Blue,sup,Labrov,oe:player:bb6ac5763c6576e104a7a2f59eb4ddf,G2 Esports,oe:team:7d6673d3a9d00363c6bebc1a630da6e,1.0,Seraphine,Akali,Nocturne,Jayce,Gnar,K'Sante,,,,,,2142,0,1,5,2,8,17,0.0,0.0,0.0,0.0,0.0,0.0,0.0,0.0,0.2241,0.7003,,,,,,,,,,,,,,,,,,,,,0.0,0.0,,,,,,,,,,0.0,1.0,8467,237.1709,0.0902646,495.2101,255.1261,397.0,69,1.9328,18,0.5042,26,146,4.0896,8655,4010,112.3249,0.101985,8000,,,41.0,41.0,0,,,1.1485,2226.0,2413.0,13.0,2319.0,2988.0,11.0,-93.0,-575.0,2.0,0.0,0.0,0.0,0.0,0.0,0.0,3491.0,3848.0,23.0,3545.0,4131.0,20.0,-54.0,-283.0,3.0,0.0,0.0,0.0,0.0,0.0,0.0,4714.0,4978.0,27.0,4746.0,5344.0,25.0,-32.0,-366.0,2.0,0.0,1.0,1.0,0.0,2.0,0.0,5939.0,5577.0,32.0,5983.0,6126.0,32.0,-44.0,-549.0,0.0,0.0,2.0,2.0,0.0,3.0,0.0
LOLTMNT01_422565,complete,,MSI,2026,,0,2026-07-10 08:12:49,1,16.13,6,Red,top,Dhokla,oe:player:5385f74da3e5deb5b66d9a1ee56cf97,LYON,oe:team:da1143bf9a245b78a8dc86417de85b3,0.0,Renekton,Poppy,Naafiri,Skarner,Bard,Nautilus,,,,,,2142,1,5,2,6,17,8,1.0,0.0,0.0,0.0,0.0,0.0,0.0,0.0,0.4762,0.7003,,,,,,,,,,,,,,,,,,,,,0.0,0.0,,,,,,,,,,0.0,0.0,25828,723.4734,0.245499,1131.3725,1090.112,5438.0,13,0.3641,4,0.112,6,39,1.0924,13481,8836,247.507,0.191313,12650,,,263.0,263.0,0,,,7.3669,3106.0,4950.0,76.0,3860.0,5332.0,90.0,-754.0,-382.0,-14.0,0.0,0.0,1.0,1.0,0.0,0.0,4806.0,8159.0,126.0,5404.0,8725.0,133.0,-598.0,-566.0,-7.0,0.0,0.0,1.0,1.0,0.0,0.0,6740.0,11958.0,183.0,7398.0,13675.0,188.0,-658.0,-1717.0,-5.0,0.0,2.0,1.0,1.0,1.0,0.0,8335.0,14691.0,217.0,8791.0,15321.0,205.0,-456.0,-630.0,12.0,1.0,3.0,2.0,1.0,2.0,1.0
LOLTMNT01_422565,complete,,MSI,2026,,0,2026-07-10 08:12:49,1,16.13,7,Red,jng,Inspired,oe:player:a8307167f3a1c933295bb9e3d43700e,LYON,oe:team:da1143bf9a245b78a8dc86417de85b3,0.0,Xin Zhao,Poppy,Naafiri,Skarner,Bard,Nautilus,,,,,,2142,1,4,2,6,17,8,0.0,0.0,0.0,0.0,1.0,1.0,0.0,0.0,0.4762,0.7003,,,,,,,,,,,,,,,,,,,,,1.0,0.0,,,,,,,,,,0.0,0.0,14528,406.9468,0.138091,933.8375,1093.8095,2127.0,13,0.3641,9,0.2521,11,53,1.4846,14886,10241,286.8627,0.221735,13525,,,290.0,25.0,265,,,8.1232,3955.0,4184.0,78.0,3794.0,4731.0,87.0,161.0,-547.0,-9.0,1.0,0.0,0.0,0.0,1.0,0.0,5826.0,6855.0,126.0,5553.0,6791.0,125.0,273.0,64.0,1.0,1.0,0.0,0.0,0.0,1.0,0.0,8083.0,9814.0,172.0,7416.0,9376.0,168.0,667.0,438.0,4.0,2.0,1.0,1.0,0.0,2.0,1.0,9699.0,11993.0,203.0,9708.0,12288.0,215.0,-9.0,-295.0,-12.0,2.0,2.0,1.0,0.0,4.0,1.0
LOLTMNT01_422565,complete,,MSI,2026,,0,2026-07-10 08:12:49,1,16.13,8,Red,mid,Saint,oe:player:f45792335d83b10581da2f0cbdd6e8e,LYON,oe:team:da1143bf9a245b78a8dc86417de85b3,0.0,Sylas,Poppy,Naafiri,Skarner,Bard,Nautilus,,,,,,2142,1,6,1,6,17,8,2.0,0.0,0.0,0.0,0.0,0.0,0.0,0.0,0.4762,0.7003,,,,,,,,,,,,,,,,,,,,,0.0,0.0,,,,,,,,,,0.0,0.0,20789,582.3249,0.197603,884.3978,907.2549,15075.0,18,0.5042,10,0.2801,14,57,1.5966,14923,10278,287.8992,0.222536,13950,,,290.0,286.0,4,,,8.1232,3417.0,5028.0,95.0,3671.0,5549.0,111.0,-254.0,-521.0,-16.0,0.0,0.0,0.0,0.0,0.0,0.0,5262.0,7584.0,146.0,5437.0,7926.0,161.0,-175.0,-342.0,-15.0,0.0,0.0,0.0,0.0,0.0,0.0,7257.0,9565.0,179.0,7268.0,10115.0,202.0,-11.0,-550.0,-23.0,2.0,1.0,0.0,1.0,0.0,1.0,8968.0,11774.0,223.0,9383.0,12171.0,239.0,-415.0,-397.0,-16.0,2.0,1.0,0.0,2.0,0.0,1.0
LOLTMNT01_422565,complete,,MSI,2026,,0,2026-07-10 08:12:49,1,16.13,9,Red,bot,Berserker,oe:player:460ae5a7af8d68f7831b70307210ab3,LYON,oe:team:da1143bf9a245b78a8dc86417de85b3,0.0,Ezreal,Poppy,Naafiri,Skarner,Bard,Nautilus,,,,,,2142,1,2,2,10,17,8,0.0,0.0,0.0,0.0,1.0,0.0,1.0,0.0,0.4762,0.7003,,,,,,,,,,,,,,,,,,,,,0.0,0.0,,,,,,,,,,1.0,0.0,37402,1047.6751,0.355512,473.1933,266.7227,13343.0,17,0.4762,18,0.5042,5,66,1.8487,16452,11807,330.7283,0.255642,14658,,,354.0,354.0,0,,,9.916,3938.0,3780.0,102.0,3188.0,3298.0,81.0,750.0,482.0,21.0,0.0,1.0,0.0,0.0,0.0,1.0,6265.0,6272.0,167.0,5715.0,5170.0,129.0,550.0,1102.0,38.0,0.0,1.0,0.0,0.0,0.0,1.0,8461.0,8972.0,230.0,7882.0,7443.0,188.0,579.0,1529.0,42.0,0.0,1.0,0.0,0.0,0.0,1.0,10556.0,11147.0,271.0,10020.0,9728.0,227.0,536.0,1419.0,44.0,1.0,1.0,1.0,1.0,1.0,1.0
LOLTMNT01_422565,complete,,MSI,2026,,0,2026-07-10 08:12:49,1,16.13,10,Red,sup,Isles,oe:player:40704dfd2d966862568d29770de57bd,LYON,oe:team:da1143bf9a245b78a8dc86417de85b3,0.0,Karma,Poppy,Naafiri,Skarner,Bard,Nautilus,,,,,,2142,1,0,1,14,17,8,0.0,0.0,0.0,0.0,0.0,0.0,0.0,0.0,0.4762,0.7003,,,,,,,,,,,,,,,,,,,,,0.0,0.0,,,,,,,,,,1.0,0.0,6659,186.5266,0.0632949,319.5798,171.9888,670.0,79,2.2129,19,0.5322,34,169,4.7339,9669,5024,140.7283,0.108775,8105,,,35.0,35.0,0,,,0.9804,2319.0,2988.0,11.0,2226.0,2413.0,13.0,93.0,575.0,-2.0,0.0,0.0,0.0,0.0,0.0,0.0,3545.0,4131.0,20.0,3491.0,3848.0,23.0,54.0,283.0,-3.0,0.0,0.0,0.0,0.0,0.0,0.0,4746.0,5344.0,25.0,4714.0,4978.0,27.0,32.0,366.0,-2.0,0.0,2.0,0.0,0.0,1.0,1.0,5983.0,6126.0,32.0,5939.0,5577.0,32.0,44.0,549.0,0.0,0.0,3.0,0.0,0.0,2.0,2.0
LOLTMNT01_422565,complete,,MSI,2026,,0,2026-07-10 08:12:49,1,16.13,100,Blue,team,,,G2 Esports,oe:team:7d6673d3a9d00363c6bebc1a630da6e,1.0,,Akali,Nocturne,Jayce,Gnar,K'Sante,Jarvan IV,Anivia,Orianna,Ashe,Seraphine,2142,0,8,17,17,8,17,0.0,0.0,0.0,0.0,0.0,,,,0.2241,0.7003,0.0,1.0,4.0,1.0,4.0,0.0,0.0,0.0,0.0,0.0,1.0,,0.0,0.0,1.0,1.0,0.0,3.0,0.0,0.0,0.0,1.0,0.0,0.0,1.0,3.0,10.0,1.0,1.0,19.0,40.0,0.0,2.0,93802,2627.507,,3466.6947,3097.535,18909.0,133,3.7255,51,1.4286,54,364,10.1961,62543,39317,1101.3165,,60050,-0.0461696,-0.49,,937.0,260,,,33.5294,16739.0,21323.0,382.0,16735.0,20930.0,362.0,4.0,393.0,20.0,1.0,1.0,1.0,1.0,1.0,1.0,25600.0,32460.0,571.0,25704.0,33001.0,585.0,-104.0,-541.0,-14.0,1.0,1.0,1.0,1.0,1.0,1.0,34678.0,45587.0,773.0,35287.0,45653.0,789.0,-609.0,-66.0,-16.0,2.0,4.0,4.0,4.0,7.0,2.0,43841.0,55085.0,918.0,43541.0,55731.0,946.0,300.0,-646.0,-28.0,4.0,9.0,6.0,6.0,10.0,4.0
LOLTMNT01_422565,complete,,MSI,2026,,0,2026-07-10 08:12:49,1,16.13,200,Red,team,,,LYON,oe:team:da1143bf9a245b78a8dc86417de85b3,0.0,,Poppy,Naafiri,Skarner,Bard,Nautilus,Ezreal,Xin Zhao,Karma,Sylas,Renekton,2142,1,17,8,42,17,8,3.0,0.0,0.0,0.0,1.0,,,,0.4762,0.7003,1.0,4.0,1.0,4.0,1.0,1.0,0.0,0.0,0.0,1.0,2.0,,0.0,0.0,0.0,0.0,1.0,0.0,3.0,1.0,1.0,0.0,0.0,0.0,0.0,10.0,3.0,0.0,0.0,40.0,19.0,2.0,0.0,105206,2946.9468,,3742.381,3529.888,36653.0,140,3.9216,60,1.6807,70,384,10.7563,69411,46185,1293.6975,,62888,0.0461696,0.49,,963.0,269,,,34.5098,16735.0,20930.0,362.0,16739.0,21323.0,382.0,-4.0,-393.0,-20.0,1.0,1.0,1.0,1.0,1.0,1.0,25704.0,33001.0,585.0,25600.0,32460.0,571.0,104.0,541.0,14.0,1.0,1.0,1.0,1.0,1.0,1.0,35287.0,45653.0,789.0,34678.0,45587.0,773.0,609.0,66.0,16.0,4.0,7.0,2.0,2.0,4.0,4.0,43541.0,55731.0,946.0,43841.0,55085.0,918.0,-300.0,646.0,28.0,6.0,10.0,4.0,4.0,9.0,6.0
LOLTMNT01_422589,complete,,MSI,2026,,0,2026-07-10 09:08:47,2,16.13,1,Blue,top,Dhokla,oe:player:5385f74da3e5deb5b66d9a1ee56cf97,LYON,oe:team:da1143bf9a245b78a8dc86417de85b3,1.0,Gnar,Vi,Ryze,Twisted Fate,Vayne,Poppy,,,,,,1838,1,5,1,7,18,7,0.0,0.0,0.0,0.0,0.0,0.0,0.0,0.0,0.5876,0.7835,,,,,,,,,,,,,,,,,,,,,0.0,0.0,,,,,,,,,,0.0,0.0,14283,466.2568,0.226409,700.3482,953.4059,13686.0,11,0.3591,6,0.1959,2,33,1.0773,13009,8984,293.2753,0.218626,11733,,,280.0,276.0,4,,,9.1404,4268.0,5254.0,82.0,3553.0,4575.0,78.0,715.0,679.0,4.0,3.0,3.0,0.0,1.0,0.0,3.0,6702.0,9361.0,143.0,4871.0,7316.0,114.0,1831.0,2045.0,29.0,4.0,3.0,0.0,1.0,0.0,4.0,8778.0,12586.0,194.0,6261.0,9394.0,151.0,2517.0,3192.0,43.0,4.0,5.0,0.0,1.0,0.0,5.0,10738.0,15560.0,244.0,8278.0,12830.0,214.0,2460.0,2730.0,30.0,5.0,5.0,0.0,1.0,0.0,5.0
LOLTMNT01_422589,complete,,MSI,2026,,0,2026-07-10 09:08:47,2,16.13,2,Blue,jng,Inspired,oe:player:a8307167f3a1c933295bb9e3d43700e,LYON,oe:team:da1143bf9a245b78a8dc86417de85b3,1.0,Lee Sin,Vi,Ryze,Twisted Fate,Vayne,Poppy,,,,,,1838,1,6,2,9,18,7,1.0,0.0,0.0,0.0,0.0,0.0,0.0,0.0,0.5876,0.7835,,,,,,,,,,,,,,,,,,,,,0.0,0.0,,,,,,,,,,0.0,0.0,12591,411.0229,0.199588,813.4603,794.7878,7596.0,16,0.5223,9,0.2938,7,55,1.7954,13263,9238,301.5669,0.224808,11625,,,233.0,12.0,221,,,7.6061,4302.0,3540.0,63.0,3944.0,4037.0,70.0,358.0,-497.0,-7.0,2.0,5.0,1.0,1.0,2.0,1.0,6369.0,6720.0,111.0,5395.0,5976.0,101.0,974.0,744.0,10.0,2.0,6.0,1.0,1.0,2.0,1.0,8643.0,9702.0,156.0,6787.0,8022.0,130.0,1856.0,1680.0,26.0,4.0,6.0,1.0,1.0,2.0,1.0,10658.0,12921.0,202.0,8744.0,11546.0,177.0,1914.0,1375.0,25.0,4.0,6.0,2.0,1.0,3.0,1.0
LOLTMNT01_422589,complete,,MSI,2026,,0,2026-07-10 09:08:47,2,16.13,3,Blue,mid,Saint,oe:player:f45792335d83b10581da2f0cbdd6e8e,LYON,oe:team:da1143bf9a245b78a8dc86417de85b3,1.0,Viktor,Vi,Ryze,Twisted Fate,Vayne,Poppy,,,,,,1838,1,6,0,5,18,7,1.0,1.0,0.0,0.0,0.0,0.0,0.0,0.0,0.5876,0.7835,,,,,,,,,,,,,,,,,,,,,0.0,0.0,,,,,,,,,,1.0,0.0,16446,536.8662,0.260696,219.728,196.975,8975.0,15,0.4897,8,0.2612,4,38,1.2405,13428,9403,306.9532,0.228823,11500,,,277.0,277.0,0,,,9.0424,4044.0,5054.0,86.0,3419.0,4542.0,91.0,625.0,512.0,-5.0,2.0,2.0,0.0,0.0,0.0,1.0,6134.0,7584.0,141.0,5132.0,7086.0,149.0,1002.0,498.0,-8.0,2.0,2.0,0.0,0.0,0.0,1.0,7657.0,9809.0,184.0,6964.0,10050.0,214.0,693.0,-241.0,-30.0,2.0,2.0,0.0,0.0,0.0,1.0,9441.0,11949.0,229.0,9195.0,14354.0,273.0,246.0,-2405.0,-44.0,2.0,3.0,0.0,0.0,0.0,1.0
LOLTMNT01_422589,complete,,MSI,2026,,0,2026-07-10 09:08:47,2,16.13,4,Blue,bot,Berserker,oe:player:460ae5a7af8d68f7831b70307210ab3,LYON,oe:team:da1143bf9a245b78a8dc86417de85b3,1.0,Varus,Vi,Ryze,Twisted Fate,Vayne,Poppy,,,,,,1838,1,1,1,6,18,7,0.0,0.0,0.0,0.0,0.0,0.0,0.0,1.0,0.5876,0.7835,,,,,,,,,,,,,,,,,,,,,0.0,0.0,,,,,,,,,,0.0,0.0,15383,502.1654,0.243846,198.5092,83.8303,5193.0,15,0.4897,9,0.2938,5,58,1.8934,13767,9742,318.0196,0.237073,11725,,,329.0,329.0,0,,,10.7399,3832.0,4149.0,96.0,3294.0,4642.0,89.0,538.0,-493.0,7.0,1.0,1.0,1.0,0.0,1.0,0.0,6124.0,6824.0,153.0,5824.0,7601.0,160.0,300.0,-777.0,-7.0,1.0,1.0,1.0,0.0,1.0,0.0,8656.0,9956.0,221.0,7920.0,10723.0,225.0,736.0,-767.0,-4.0,1.0,1.0,1.0,0.0,1.0,0.0,10640.0,12594.0,279.0,10929.0,13948.0,297.0,-289.0,-1354.0,-18.0,1.0,1.0,1.0,1.0,1.0,0.0
LOLTMNT01_422589,complete,,MSI,2026,,0,2026-07-10 09:08:47,2,16.13,5,Blue,sup,Isles,oe:player:40704dfd2d966862568d29770de57bd,LYON,oe:team:da1143bf9a245b78a8dc86417de85b3,1.0,Leona,Vi,Ryze,Twisted Fate,Vayne,Poppy,,,,,,1838,1,0,3,13,18,7,0.0,0.0,0.0,0.0,0.0,0.0,0.0,0.0,0.5876,0.7835,,,,,,,,,,,,,,,,,,,,,0.0,0.0,,,,,,,,,,0.0,0.0,4382,143.0468,0.0694618,455.876,411.741,337.0,68,2.2198,19,0.6202,29,158,5.1578,7751,3726,121.6322,0.0906708,6565,,,30.0,30.0,0,,,0.9793,2581.0,1995.0,14.0,2601.0,1380.0,4.0,-20.0,615.0,10.0,0.0,5.0,1.0,1.0,1.0,3.0,3533.0,2473.0,18.0,3583.0,2776.0,10.0,-50.0,-303.0,8.0,0.0,5.0,1.0,1.0,1.0,3.0,4759.0,3304.0,23.0,4534.0,3593.0,16.0,225.0,-289.0,7.0,0.0,6.0,1.0,1.0,1.0,4.0,5981.0,4050.0,27.0,5785.0,4453.0,22.0,196.0,-403.0,5.0,0.0,7.0,1.0,1.0,2.0,5.0
LOLTMNT01_422589,complete,,MSI,2026,,0,2026-07-10 09:08:47,2,16.13,6,Red,top,BrokenBlade,oe:player:84bff3a326833c7c9181c698f676878,G2 Esports,oe:team:7d6673d3a9d00363c6bebc1a630da6e,0.0,Yasuo,Jayce,Nocturne,Rumble,Syndra,Akali,,,,,,1838,0,1,6,1,6,18,0.0,0.0,0.0,0.0,0.0,0.0,0.0,0.0,0.1959,0.7835,,,,,,,,,,,,,,,,,,,,,0.0,0.0,,,,,,,,,,0.0,0.0,8296,270.8161,0.174088,512.383,625.8868,1895.0,16,0.5223,7,0.2285,4,43,1.4037,9900,5875,191.7845,0.183846,8650,,,251.0,251.0,0,,,8.1937,3553.0,4575.0,78.0,4268.0,5254.0,82.0,-715.0,-679.0,-4.0,1.0,0.0,3.0,3.0,3.0,0.0,4871.0,7316.0,114.0,6702.0,9361.0,143.0,-1831.0,-2045.0,-29.0,1.0,0.0,4.0,4.0,3.0,0.0,6261.0,9394.0,151.0,8778.0,12586.0,194.0,-2517.0,-3192.0,-43.0,1.0,0.0,5.0,4.0,5.0,0.0,8278.0,12830.0,214.0,10738.0,15560.0,244.0,-2460.0,-2730.0,-30.0,1.0,0.0,5.0,5.0,5.0,0.0
LOLTMNT01_422589,complete,,MSI,2026,,0,2026-07-10 09:08:47,2,16.13,7,Red,jng,SkewMond,oe:player:ab15060e5225b51592cd04b3aed1e09,G2 Esports,oe:team:7d6673d3a9d00363c6bebc1a630da6e,0.0,Pantheon,Jayce,Nocturne,Rumble,Syndra,Akali,,,,,,1838,0,2,2,4,6,18,0.0,0.0,0.0,0.0,1.0,1.0,0.0,0.0,0.1959,0.7835,,,,,,,,,,,,,,,,,,,,,0.0,0.0,,,,,,,,,,0.0,0.0,11076,361.5669,0.232425,776.8988,583.7432,0.0,7,0.2285,8,0.2612,5,37,1.2078,10557,6532,213.2318,0.204406,10325,,,203.0,16.0,187,,,6.6268,3944.0,4037.0,70.0,4302.0,3540.0,63.0,-358.0,497.0,7.0,1.0,2.0,1.0,2.0,5.0,1.0,5395.0,5976.0,101.0,6369.0,6720.0,111.0,-974.0,-744.0,-10.0,1.0,2.0,1.0,2.0,6.0,1.0,6787.0,8022.0,130.0,8643.0,9702.0,156.0,-1856.0,-1680.0,-26.0,1.0,2.0,1.0,4.0,6.0,1.0,8744.0,11546.0,177.0,10658.0,12921.0,202.0,-1914.0,-1375.0,-25.0,1.0,3.0,1.0,4.0,6.0,2.0
LOLTMNT01_422589,complete,,MSI,2026,,0,2026-07-10 09:08:47,2,16.13,8,Red,mid,Caps,oe:player:55dd587cdc4a278be6a5c37f9e539de,G2 Esports,oe:team:7d6673d3a9d00363c6bebc1a630da6e,0.0,Cassiopeia,Jayce,Nocturne,Rumble,Syndra,Akali,,,,,,1838,0,1,2,1,6,18,0.0,0.0,0.0,0.0,0.0,0.0,0.0,0.0,0.1959,0.7835,,,,,,,,,,,,,,,,,,,,,0.0,0.0,,,,,,,,,,0.0,1.0,11924,389.2492,0.25022,518.0958,372.8292,5020.0,12,0.3917,10,0.3264,3,43,1.4037,11485,7460,243.5256,0.233447,10525,,,309.0,301.0,8,,,10.0871,3419.0,4542.0,91.0,4044.0,5054.0,86.0,-625.0,-512.0,5.0,0.0,0.0,1.0,2.0,2.0,0.0,5132.0,7086.0,149.0,6134.0,7584.0,141.0,-1002.0,-498.0,8.0,0.0,0.0,1.0,2.0,2.0,0.0,6964.0,10050.0,214.0,7657.0,9809.0,184.0,-693.0,241.0,30.0,0.0,0.0,1.0,2.0,2.0,0.0,9195.0,14354.0,273.0,9441.0,11949.0,229.0,-246.0,2405.0,44.0,0.0,0.0,1.0,2.0,3.0,0.0
LOLTMNT01_422589,complete,,MSI,2026,,0,2026-07-10 09:08:47,2,16.13,9,Red,bot,Hans Sama,oe:player:c62a5235ad6bc113a1e64eb0e9aa8c8,G2 Esports,oe:team:7d6673d3a9d00363c6bebc1a630da6e,0.0,Ziggs,Jayce,Nocturne,Rumble,Syndra,Akali,,,,,,1838,0,1,1,3,6,18,0.0,0.0,0.0,0.0,1.0,0.0,1.0,0.0,0.1959,0.7835,,,,,,,,,,,,,,,,,,,,,0.0,0.0,,,,,,,,,,0.0,0.0,12446,406.2894,0.261174,320.8596,136.6485,1870.0,17,0.555,5,0.1632,9,42,1.3711,13077,9052,295.4951,0.283266,12625,,,343.0,339.0,4,,,11.197,3294.0,4642.0,89.0,3832.0,4149.0,96.0,-538.0,493.0,-7.0,0.0,1.0,0.0,1.0,1.0,1.0,5824.0,7601.0,160.0,6124.0,6824.0,153.0,-300.0,777.0,7.0,0.0,1.0,0.0,1.0,1.0,1.0,7920.0,10723.0,225.0,8656.0,9956.0,221.0,-736.0,767.0,4.0,0.0,1.0,0.0,1.0,1.0,1.0,10929.0,13948.0,297.0,10640.0,12594.0,279.0,289.0,1354.0,18.0,1.0,1.0,0.0,1.0,1.0,1.0
LOLTMNT01_422589,complete,,MSI,2026,,0,2026-07-10 09:08:47,2,16.13,10,Red,sup,Labrov,oe:player:bb6ac5763c6576e104a7a2f59eb4ddf,G2 Esports,oe:team:7d6673d3a9d00363c6bebc1a630da6e,0.0,Nautilus,Jayce,Nocturne,Rumble,Syndra,Akali,,,,,,1838,0,1,7,3,6,18,0.0,0.0,0.0,0.0,1.0,0.0,1.0,0.0,0.1959,0.7835,,,,,,,,,,,,,,,,,,,,,0.0,0.0,,,,,,,,,,0.0,0.0,3912,127.704,0.0820917,621.2187,701.7845,0.0,69,2.2524,17,0.555,30,133,4.3417,7062,3037,99.1404,0.095035,6610,,,26.0,26.0,0,,,0.8487,2601.0,1380.0,4.0,2581.0,1995.0,14.0,20.0,-615.0,-10.0,1.0,1.0,3.0,0.0,5.0,1.0,3583.0,2776.0,10.0,3533.0,2473.0,18.0,50.0,303.0,-8.0,1.0,1.0,3.0,0.0,5.0,1.0,4534.0,3593.0,16.0,4759.0,3304.0,23.0,-225.0,289.0,-7.0,1.0,1.0,4.0,0.0,6.0,1.0,5785.0,4453.0,22.0,5981.0,4050.0,27.0,-196.0,403.0,-5.0,1.0,2.0,5.0,0.0,7.0,1.0
LOLTMNT01_422589,complete,,MSI,2026,,0,2026-07-10 09:08:47,2,16.13,100,Blue,team,,,LYON,oe:team:da1143bf9a245b78a8dc86417de85b3,1.0,,Vi,Ryze,Twisted Fate,Vayne,Poppy,Varus,Leona,Lee Sin,Gnar,Viktor,1838,1,18,7,40,18,7,2.0,1.0,0.0,0.0,0.0,,,,0.5876,0.7835,0.0,1.0,3.0,1.0,3.0,0.0,1.0,0.0,0.0,0.0,0.0,,0.0,0.0,1.0,1.0,0.0,3.0,0.0,0.0,0.0,0.0,0.0,0.0,1.0,7.0,1.0,1.0,1.0,29.0,11.0,1.0,0.0,63085,2059.358,,2387.9217,2440.7399,35787.0,125,4.0805,51,1.6649,47,342,11.1643,61218,41092,1341.4146,,53148,0.0866288,2.23,,924.0,225,,,37.5082,19027.0,19992.0,341.0,16811.0,19176.0,332.0,2216.0,816.0,9.0,8.0,16.0,3.0,3.0,4.0,8.0,28862.0,32962.0,566.0,24805.0,30755.0,534.0,4057.0,2207.0,32.0,9.0,17.0,3.0,3.0,4.0,9.0,38493.0,45357.0,778.0,32466.0,41782.0,736.0,6027.0,3575.0,42.0,11.0,20.0,3.0,3.0,4.0,11.0,47458.0,57074.0,981.0,42931.0,57131.0,983.0,4527.0,-57.0,-2.0,12.0,22.0,4.0,4.0,6.0,12.0
LOLTMNT01_422589,complete,,MSI,2026,,0,2026-07-10 09:08:47,2,16.13,200,Red,team,,,G2 Esports,oe:team:7d6673d3a9d00363c6bebc1a630da6e,0.0,,Jayce,Nocturne,Rumble,Syndra,Akali,Ziggs,Nautilus,Cassiopeia,Pantheon,Yasuo,1838,0,6,18,12,6,18,0.0,0.0,0.0,0.0,1.0,,,,0.1959,0.7835,1.0,3.0,1.0,3.0,1.0,0.0,1.0,0.0,1.0,0.0,1.0,,0.0,0.0,0.0,0.0,1.0,0.0,3.0,0.0,0.0,0.0,0.0,0.0,0.0,1.0,7.0,0.0,0.0,11.0,29.0,0.0,1.0,47654,1555.6257,,2749.4559,2420.8923,8785.0,121,3.9499,47,1.5343,51,298,9.728,52081,31955,1043.1447,,48735,-0.0866288,-2.23,,933.0,199,,,36.9532,16811.0,19176.0,332.0,19027.0,19992.0,341.0,-2216.0,-816.0,-9.0,3.0,4.0,8.0,8.0,16.0,3.0,24805.0,30755.0,534.0,28862.0,32962.0,566.0,-4057.0,-2207.0,-32.0,3.0,4.0,9.0,9.0,17.0,3.0,32466.0,41782.0,736.0,38493.0,45357.0,778.0,-6027.0,-3575.0,-42.0,3.0,4.0,11.0,11.0,20.0,3.0,42931.0,57131.0,983.0,47458.0,57074.0,981.0,-4527.0,57.0,2.0,4.0,6.0,12.0,12.0,22.0,4.0
LOLTMNT01_422614,complete,,MSI,2026,,0,2026-07-10 09:58:29,3,16.13,1,Blue,top,BrokenBlade,oe:player:84bff3a326833c7c9181c698f676878,G2 Esports,oe:team:7d6673d3a9d00363c6bebc1a630da6e,1.0,Jayce,Nocturne,Camille,Rumble,K'Sante,Qiyana,,,,,,2327,0,1,3,2,5,23,0.0,0.0,0.0,0.0,0.0,0.0,0.0,0.0,0.1289,0.722,,,,,,,,,,,,,,,,,,,,,0.0,0.0,,,,,,,,,,0.0,0.0,29509,760.8681,0.285945,551.7061,457.8771,2841.0,27,0.6962,6,0.1547,10,57,1.4697,14381,9358,241.2892,0.219028,14100,,,350.0,350.0,0,,,9.0245,3632.0,5078.0,97.0,3259.0,4904.0,81.0,373.0,174.0,16.0,0.0,0.0,1.0,0.0,1.0,0.0,5162.0,8376.0,147.0,4782.0,8228.0,124.0,380.0,148.0,23.0,0.0,0.0,1.0,0.0,1.0,0.0,7237.0,12076.0,214.0,6515.0,11479.0,181.0,722.0,597.0,33.0,0.0,0.0,1.0,0.0,1.0,0.0,8820.0,15095.0,260.0,8282.0,13180.0,202.0,538.0,1915.0,58.0,0.0,1.0,1.0,1.0,2.0,0.0
LOLTMNT01_422614,complete,,MSI,2026,,0,2026-07-10 09:58:29,3,16.13,2,Blue,jng,SkewMond,oe:player:ab15060e5225b51592cd04b3aed1e09,G2 Esports,oe:team:7d6673d3a9d00363c6bebc1a630da6e,1.0,Wukong,Nocturne,Camille,Rumble,K'Sante,Qiyana,,,,,,2327,0,2,6,2,5,23,0.0,0.0,0.0,0.0,0.0,0.0,0.0,0.0,0.1289,0.722,,,,,,,,,,,,,,,,,,,,,1.0,1.0,,,,,,,,,,0.0,2.0,16351,421.5986,0.158443,1096.5277,1168.93,2016.0,14,0.361,17,0.4383,12,80,2.0627,13658,8635,222.6472,0.202106,12883,,,261.0,28.0,233,,,6.7297,4048.0,4117.0,80.0,3374.0,3660.0,64.0,674.0,457.0,16.0,1.0,1.0,1.0,0.0,3.0,0.0,5606.0,6241.0,116.0,5487.0,5795.0,100.0,119.0,446.0,16.0,1.0,1.0,2.0,1.0,3.0,0.0,7614.0,8955.0,162.0,7458.0,8579.0,148.0,156.0,376.0,14.0,1.0,1.0,2.0,1.0,3.0,0.0,9399.0,11109.0,194.0,9139.0,11553.0,181.0,260.0,-444.0,13.0,2.0,1.0,4.0,1.0,5.0,0.0
LOLTMNT01_422614,complete,,MSI,2026,,0,2026-07-10 09:58:29,3,16.13,3,Blue,mid,Caps,oe:player:55dd587cdc4a278be6a5c37f9e539de,G2 Esports,oe:team:7d6673d3a9d00363c6bebc1a630da6e,1.0,Syndra,Nocturne,Camille,Rumble,K'Sante,Qiyana,,,,,,2327,0,2,5,1,5,23,0.0,0.0,0.0,0.0,0.0,0.0,0.0,0.0,0.1289,0.722,,,,,,,,,,,,,,,,,,,,,0.0,0.0,,,,,,,,,,0.0,0.0,20788,536.0034,0.201438,522.5183,294.8174,8407.0,18,0.4641,9,0.2321,7,72,1.8565,14303,9280,239.278,0.217202,14125,,,346.0,346.0,0,,,8.9214,3942.0,5165.0,106.0,3862.0,4987.0,98.0,80.0,178.0,8.0,1.0,0.0,1.0,1.0,1.0,0.0,5803.0,7711.0,157.0,6005.0,7440.0,149.0,-202.0,271.0,8.0,1.0,0.0,1.0,2.0,2.0,0.0,7718.0,10210.0,210.0,8315.0,10707.0,216.0,-597.0,-497.0,-6.0,1.0,0.0,1.0,2.0,2.0,0.0,9106.0,11918.0,243.0,10176.0,15185.0,258.0,-1070.0,-3267.0,-15.0,1.0,1.0,2.0,2.0,5.0,0.0
LOLTMNT01_422614,complete,,MSI,2026,,0,2026-07-10 09:58:29,3,16.13,4,Blue,bot,Hans Sama,oe:player:c62a5235ad6bc113a1e64eb0e9aa8c8,G2 Esports,oe:team:7d6673d3a9d00363c6bebc1a630da6e,1.0,Yunara,Nocturne,Camille,Rumble,K'Sante,Qiyana,,,,,,2327,0,0,3,2,5,23,0.0,0.0,0.0,0.0,0.0,0.0,0.0,0.0,0.1289,0.722,,,,,,,,,,,,,,,,,,,,,0.0,0.0,,,,,,,,,,0.0,0.0,30699,791.5514,0.297477,577.4388,434.0782,1468.0,13,0.3352,22,0.5673,2,66,1.7018,16372,11349,292.6257,0.265627,15850,,,383.0,372.0,11,,,9.8754,3290.0,3476.0,80.0,4403.0,4075.0,93.0,-1113.0,-599.0,-13.0,0.0,1.0,1.0,2.0,2.0,0.0,5493.0,5388.0,125.0,6845.0,6989.0,149.0,-1352.0,-1601.0,-24.0,0.0,1.0,1.0,2.0,4.0,0.0,8297.0,8437.0,195.0,8953.0,9976.0,213.0,-656.0,-1539.0,-18.0,0.0,1.0,1.0,2.0,4.0,0.0,10389.0,10551.0,260.0,11433.0,12238.0,268.0,-1044.0,-1687.0,-8.0,0.0,1.0,1.0,3.0,5.0,0.0
LOLTMNT01_422614,complete,,MSI,2026,,0,2026-07-10 09:58:29,3,16.13,5,Blue,sup,Labrov,oe:player:bb6ac5763c6576e104a7a2f59eb4ddf,G2 Esports,oe:team:7d6673d3a9d00363c6bebc1a630da6e,1.0,Lulu,Nocturne,Camille,Rumble,K'Sante,Qiyana,,,,,,2327,0,0,6,4,5,23,0.0,0.0,0.0,0.0,0.0,0.0,0.0,1.0,0.1289,0.722,,,,,,,,,,,,,,,,,,,,,0.0,0.0,,,,,,,,,,0.0,0.0,5851,150.8638,0.0566968,551.8608,290.4856,350.0,82,2.1143,18,0.4641,38,167,4.306,9126,4103,105.7929,0.0960367,8725,,,39.0,39.0,0,,,1.0056,2418.0,2614.0,15.0,3382.0,2675.0,12.0,-964.0,-61.0,3.0,0.0,1.0,1.0,2.0,2.0,2.0,3544.0,3624.0,22.0,4616.0,3470.0,16.0,-1072.0,154.0,6.0,0.0,1.0,2.0,2.0,4.0,2.0,4676.0,4722.0,27.0,5721.0,4397.0,19.0,-1045.0,325.0,8.0,0.0,1.0,2.0,2.0,4.0,2.0,5711.0,6754.0,29.0,7250.0,6346.0,22.0,-1539.0,408.0,7.0,0.0,2.0,2.0,3.0,6.0,3.0
LOLTMNT01_422614,complete,,MSI,2026,,0,2026-07-10 09:58:29,3,16.13,6,Red,top,Dhokla,oe:player:5385f74da3e5deb5b66d9a1ee56cf97,LYON,oe:team:da1143bf9a245b78a8dc86417de85b3,0.0,Olaf,Vi,Skarner,Poppy,Lucian,Rakan,,,,,,2327,1,2,0,5,23,5,0.0,0.0,0.0,0.0,0.0,0.0,0.0,0.0,0.593,0.722,,,,,,,,,,,,,,,,,,,,,0.0,0.0,,,,,,,,,,0.0,0.0,16637,428.9729,0.16348,801.1689,984.4693,4899.0,10,0.2578,14,0.361,4,51,1.315,13937,8914,229.841,0.173479,12750,,,299.0,299.0,0,,,7.7095,3259.0,4904.0,81.0,3632.0,5078.0,97.0,-373.0,-174.0,-16.0,0.0,1.0,0.0,0.0,0.0,1.0,4782.0,8228.0,124.0,5162.0,8376.0,147.0,-380.0,-148.0,-23.0,0.0,1.0,0.0,0.0,0.0,1.0,6515.0,11479.0,181.0,7237.0,12076.0,214.0,-722.0,-597.0,-33.0,0.0,1.0,0.0,0.0,0.0,1.0,8282.0,13180.0,202.0,8820.0,15095.0,260.0,-538.0,-1915.0,-58.0,1.0,2.0,0.0,0.0,1.0,1.0
LOLTMNT01_422614,complete,,MSI,2026,,0,2026-07-10 09:58:29,3,16.13,7,Red,jng,Inspired,oe:player:a8307167f3a1c933295bb9e3d43700e,LYON,oe:team:da1143bf9a245b78a8dc86417de85b3,0.0,Trundle,Vi,Skarner,Poppy,Lucian,Rakan,,,,,,2327,1,3,0,12,23,5,0.0,0.0,0.0,0.0,1.0,0.0,1.0,0.0,0.593,0.722,,,,,,,,,,,,,,,,,,,,,1.0,1.0,,,,,,,,,,2.0,0.0,10242,264.0825,0.100641,1037.6107,1102.0971,7522.0,13,0.3352,17,0.4383,9,78,2.0112,14865,9842,253.7688,0.191538,12908,,,235.0,22.0,213,,,6.0593,3374.0,3660.0,64.0,4048.0,4117.0,80.0,-674.0,-457.0,-16.0,0.0,3.0,0.0,1.0,1.0,1.0,5487.0,5795.0,100.0,5606.0,6241.0,116.0,-119.0,-446.0,-16.0,1.0,3.0,0.0,1.0,1.0,2.0,7458.0,8579.0,148.0,7614.0,8955.0,162.0,-156.0,-376.0,-14.0,1.0,3.0,0.0,1.0,1.0,2.0,9139.0,11553.0,181.0,9399.0,11109.0,194.0,-260.0,444.0,-13.0,1.0,5.0,0.0,2.0,1.0,4.0
LOLTMNT01_422614,complete,,MSI,2026,,0,2026-07-10 09:58:29,3,16.13,8,Red,mid,Saint,oe:player:f45792335d83b10581da2f0cbdd6e8e,LYON,oe:team:da1143bf9a245b78a8dc86417de85b3,0.0,Ryze,Vi,Skarner,Poppy,Lucian,Rakan,,,,,,2327,1,4,1,10,23,5,1.0,0.0,0.0,0.0,0.0,0.0,0.0,0.0,0.593,0.722,,,,,,,,,,,,,,,,,,,,,0.0,0.0,,,,,,,,,,0.0,0.0,29052,749.0847,0.285473,636.2011,682.0456,9737.0,12,0.3094,19,0.4899,9,70,1.8049,16357,11334,292.2389,0.220574,14550,,,353.0,335.0,18,,,9.1018,3862.0,4987.0,98.0,3942.0,5165.0,106.0,-80.0,-178.0,-8.0,1.0,1.0,0.0,1.0,0.0,1.0,6005.0,7440.0,149.0,5803.0,7711.0,157.0,202.0,-271.0,-8.0,2.0,2.0,0.0,1.0,0.0,1.0,8315.0,10707.0,216.0,7718.0,10210.0,210.0,597.0,497.0,6.0,2.0,2.0,0.0,1.0,0.0,1.0,10176.0,15185.0,258.0,9106.0,11918.0,243.0,1070.0,3267.0,15.0,2.0,5.0,0.0,1.0,1.0,2.0
LOLTMNT01_422614,complete,,MSI,2026,,0,2026-07-10 09:58:29,3,16.13,9,Red,bot,Berserker,oe:player:460ae5a7af8d68f7831b70307210ab3,LYON,oe:team:da1143bf9a245b78a8dc86417de85b3,0.0,Caitlyn,Vi,Skarner,Poppy,Lucian,Rakan,,,,,,2327,1,11,0,8,23,5,1.0,0.0,0.0,0.0,1.0,0.0,1.0,0.0,0.593,0.722,,,,,,,,,,,,,,,,,,,,,0.0,0.0,,,,,,,,,,0.0,0.0,36582,943.2402,0.359465,410.8466,368.0447,19402.0,15,0.3868,13,0.3352,4,42,1.0829,20023,15000,386.7641,0.291917,18400,,,367.0,355.0,12,,,9.4628,4403.0,4075.0,93.0,3290.0,3476.0,80.0,1113.0,599.0,13.0,2.0,2.0,0.0,0.0,1.0,1.0,6845.0,6989.0,149.0,5493.0,5388.0,125.0,1352.0,1601.0,24.0,2.0,4.0,0.0,0.0,1.0,1.0,8953.0,9976.0,213.0,8297.0,8437.0,195.0,656.0,1539.0,18.0,2.0,4.0,0.0,0.0,1.0,1.0,11433.0,12238.0,268.0,10389.0,10551.0,260.0,1044.0,1687.0,8.0,3.0,5.0,0.0,0.0,1.0,1.0
LOLTMNT01_422614,complete,,MSI,2026,,0,2026-07-10 09:58:29,3,16.13,10,Red,sup,Isles,oe:player:40704dfd2d966862568d29770de57bd,LYON,oe:team:da1143bf9a245b78a8dc86417de85b3,0.0,Bard,Vi,Skarner,Poppy,Lucian,Rakan,,,,,,2327,1,3,4,16,23,5,0.0,0.0,0.0,0.0,1.0,1.0,0.0,0.0,0.593,0.722,,,,,,,,,,,,,,,,,,,,,0.0,0.0,,,,,,,,,,0.0,0.0,9255,238.6334,0.0909421,640.1977,403.7559,246.0,100,2.5784,15,0.3868,44,180,4.6412,11317,6294,162.2862,0.122492,10410,,,28.0,28.0,0,,,0.722,3382.0,2675.0,12.0,2418.0,2614.0,15.0,964.0,61.0,-3.0,2.0,2.0,2.0,0.0,1.0,1.0,4616.0,3470.0,16.0,3544.0,3624.0,22.0,1072.0,-154.0,-6.0,2.0,4.0,2.0,0.0,1.0,2.0,5721.0,4397.0,19.0,4676.0,4722.0,27.0,1045.0,-325.0,-8.0,2.0,4.0,2.0,0.0,1.0,2.0,7250.0,6346.0,22.0,5711.0,6754.0,29.0,1539.0,-408.0,-7.0,3.0,6.0,3.0,0.0,2.0,2.0
LOLTMNT01_422614,complete,,MSI,2026,,0,2026-07-10 09:58:29,3,16.13,100,Blue,team,,,G2 Esports,oe:team:7d6673d3a9d00363c6bebc1a630da6e,1.0,,Nocturne,Camille,Rumble,K'Sante,Qiyana,Jayce,Wukong,Syndra,Yunara,Lulu,2327,0,5,23,11,5,23,0.0,0.0,0.0,0.0,0.0,,,,0.1289,0.722,0.0,1.0,4.0,1.0,4.0,0.0,0.0,0.0,0.0,0.0,1.0,,0.0,0.0,0.0,0.0,1.0,3.0,0.0,0.0,1.0,1.0,0.0,0.0,0.0,2.0,11.0,0.0,0.0,16.0,38.0,0.0,2.0,103198,2660.8853,,3300.0516,2646.1882,15082.0,154,3.9708,72,1.8565,69,442,11.3966,67840,42727,1101.6846,,65683,-0.0495171,-1.89,,1135.0,244,,,35.5565,17330.0,20450.0,378.0,18280.0,20301.0,348.0,-950.0,149.0,30.0,2.0,3.0,5.0,5.0,9.0,2.0,25608.0,31340.0,567.0,27735.0,31922.0,538.0,-2127.0,-582.0,29.0,2.0,3.0,7.0,7.0,14.0,2.0,35542.0,44400.0,808.0,36962.0,45138.0,777.0,-1420.0,-738.0,31.0,2.0,3.0,7.0,7.0,14.0,2.0,43425.0,55427.0,986.0,46280.0,58502.0,931.0,-2855.0,-3075.0,55.0,3.0,6.0,10.0,10.0,23.0,3.0
LOLTMNT01_422614,complete,,MSI,2026,,0,2026-07-10 09:58:29,3,16.13,200,Red,team,,,LYON,oe:team:da1143bf9a245b78a8dc86417de85b3,0.0,,Vi,Skarner,Poppy,Lucian,Rakan,Ryze,Bard,Caitlyn,Trundle,Olaf,2327,1,23,5,51,23,5,2.0,0.0,0.0,0.0,1.0,,,,0.593,0.722,1.0,4.0,1.0,4.0,1.0,3.0,0.0,1.0,0.0,0.0,0.0,,0.0,0.0,1.0,1.0,0.0,0.0,3.0,1.0,1.0,1.0,0.0,0.0,1.0,11.0,2.0,1.0,1.0,38.0,16.0,2.0,0.0,101768,2624.0138,,3526.0249,3540.4125,41806.0,150,3.8676,78,2.0112,70,421,10.8552,76499,51386,1324.9506,,69018,0.0495171,1.89,,1039.0,243,,,33.0554,18280.0,20301.0,348.0,17330.0,20450.0,378.0,950.0,-149.0,-30.0,5.0,9.0,2.0,2.0,3.0,5.0,27735.0,31922.0,538.0,25608.0,31340.0,567.0,2127.0,582.0,-29.0,7.0,14.0,2.0,2.0,3.0,7.0,36962.0,45138.0,777.0,35542.0,44400.0,808.0,1420.0,738.0,-31.0,7.0,14.0,2.0,2.0,3.0,7.0,46280.0,58502.0,931.0,43425.0,55427.0,986.0,2855.0,3075.0,-55.0,10.0,23.0,3.0,3.0,6.0,10.0
LOLTMNT01_423038,complete,,MSI,2026,,0,2026-07-11 08:11:54,1,16.13,1,Blue,top,Dhokla,oe:player:5385f74da3e5deb5b66d9a1ee56cf97,LYON,oe:team:da1143bf9a245b78a8dc86417de85b3,0.0,Ambessa,Jayce,Vi,Cassiopeia,Gnar,Annie,,,,,,2340,0,2,6,5,16,26,0.0,0.0,0.0,0.0,0.0,0.0,0.0,0.0,0.4103,1.0769,,,,,,,,,,,,,,,,,,,,,0.0,0.0,,,,,,,,,,0.0,0.0,25584,656.0,0.271126,837.2051,1199.641,7095.0,12,0.3077,12,0.3077,3,57,1.4615,14143,9094,233.1795,0.186908,14025,,,318.0,314.0,4,,,8.1538,3430.0,5131.0,96.0,3695.0,5165.0,93.0,-265.0,-34.0,3.0,0.0,0.0,1.0,1.0,1.0,0.0,5212.0,8168.0,134.0,5354.0,8825.0,148.0,-142.0,-657.0,-14.0,1.0,0.0,3.0,1.0,1.0,0.0,7514.0,10985.0,176.0,7673.0,12369.0,211.0,-159.0,-1384.0,-35.0,2.0,0.0,3.0,1.0,1.0,0.0,9204.0,13894.0,228.0,9260.0,15119.0,250.0,-56.0,-1225.0,-22.0,2.0,0.0,3.0,1.0,2.0,0.0
LOLTMNT01_423038,complete,,MSI,2026,,0,2026-07-11 08:11:54,1,16.13,2,Blue,jng,Inspired,oe:player:a8307167f3a1c933295bb9e3d43700e,LYON,oe:team:da1143bf9a245b78a8dc86417de85b3,0.0,Qiyana,Jayce,Vi,Cassiopeia,Gnar,Annie,,,,,,2340,0,4,7,7,16,26,0.0,0.0,0.0,0.0,0.0,0.0,0.0,0.0,0.4103,1.0769,,,,,,,,,,,,,,,,,,,,,0.0,1.0,,,,,,,,,,0.0,0.0,20284,520.1026,0.214959,932.7179,547.2308,2958.0,5,0.1282,12,0.3077,4,50,1.2821,16262,11213,287.5128,0.23046,15700,,,312.0,45.0,267,,,8.0,4501.0,4498.0,85.0,4233.0,4615.0,85.0,268.0,-117.0,0.0,2.0,0.0,1.0,1.0,3.0,1.0,6519.0,7105.0,134.0,6357.0,6550.0,120.0,162.0,555.0,14.0,2.0,1.0,2.0,2.0,5.0,1.0,9321.0,10602.0,180.0,8099.0,8677.0,156.0,1222.0,1925.0,24.0,3.0,3.0,3.0,2.0,7.0,3.0,11110.0,13112.0,220.0,9854.0,11380.0,195.0,1256.0,1732.0,25.0,3.0,4.0,3.0,2.0,7.0,3.0
LOLTMNT01_423038,complete,,MSI,2026,,0,2026-07-11 08:11:54,1,16.13,3,Blue,mid,Saint,oe:player:f45792335d83b10581da2f0cbdd6e8e,LYON,oe:team:da1143bf9a245b78a8dc86417de85b3,0.0,Ryze,Jayce,Vi,Cassiopeia,Gnar,Annie,,,,,,2340,0,6,3,5,16,26,0.0,0.0,0.0,0.0,0.0,0.0,0.0,0.0,0.4103,1.0769,,,,,,,,,,,,,,,,,,,,,0.0,0.0,,,,,,,,,,0.0,0.0,25931,664.8974,0.274803,655.6154,554.7436,2227.0,10,0.2564,20,0.5128,7,69,1.7692,17363,12314,315.7436,0.253089,16975,,,372.0,359.0,13,,,9.5385,3572.0,4662.0,98.0,3665.0,5251.0,106.0,-93.0,-589.0,-8.0,0.0,1.0,0.0,0.0,1.0,0.0,5400.0,7453.0,155.0,5775.0,7799.0,151.0,-375.0,-346.0,4.0,0.0,2.0,0.0,1.0,4.0,1.0,7852.0,10598.0,221.0,7740.0,10621.0,209.0,112.0,-23.0,12.0,1.0,3.0,0.0,1.0,6.0,1.0,9909.0,14641.0,274.0,9329.0,13116.0,259.0,580.0,1525.0,15.0,2.0,3.0,0.0,1.0,6.0,1.0
LOLTMNT01_423038,complete,,MSI,2026,,0,2026-07-11 08:11:54,1,16.13,4,Blue,bot,Berserker,oe:player:460ae5a7af8d68f7831b70307210ab3,LYON,oe:team:da1143bf9a245b78a8dc86417de85b3,0.0,Jhin,Jayce,Vi,Cassiopeia,Gnar,Annie,,,,,,2340,0,3,3,6,16,26,0.0,0.0,0.0,0.0,0.0,0.0,0.0,0.0,0.4103,1.0769,,,,,,,,,,,,,,,,,,,,,0.0,0.0,,,,,,,,,,0.0,1.0,16578,425.0769,0.175685,507.0513,264.5385,2341.0,18,0.4615,4,0.1026,3,37,0.9487,16390,11341,290.7949,0.233091,15725,,,385.0,375.0,10,,,9.8718,3411.0,4305.0,93.0,3914.0,4318.0,98.0,-503.0,-13.0,-5.0,0.0,0.0,0.0,1.0,0.0,1.0,5706.0,7432.0,159.0,6908.0,7640.0,164.0,-1202.0,-208.0,-5.0,0.0,1.0,0.0,2.0,2.0,1.0,8413.0,10944.0,221.0,9369.0,10458.0,221.0,-956.0,486.0,0.0,1.0,3.0,0.0,3.0,3.0,2.0,10198.0,13399.0,268.0,11945.0,13279.0,286.0,-1747.0,120.0,-18.0,1.0,4.0,1.0,4.0,3.0,2.0
LOLTMNT01_423038,complete,,MSI,2026,,0,2026-07-11 08:11:54,1,16.13,5,Blue,sup,Isles,oe:player:40704dfd2d966862568d29770de57bd,LYON,oe:team:da1143bf9a245b78a8dc86417de85b3,0.0,Poppy,Jayce,Vi,Cassiopeia,Gnar,Annie,,,,,,2340,0,1,7,8,16,26,0.0,0.0,0.0,0.0,0.0,0.0,0.0,1.0,0.4103,1.0769,,,,,,,,,,,,,,,,,,,,,0.0,0.0,,,,,,,,,,0.0,1.0,5985,153.4615,0.063426,667.2308,595.2308,0.0,120,3.0769,16,0.4103,43,200,5.1282,9742,4693,120.3333,0.0964525,9685,,,35.0,35.0,0,,,0.8974,2457.0,2212.0,20.0,2525.0,2085.0,9.0,-68.0,127.0,11.0,0.0,1.0,2.0,1.0,1.0,0.0,3849.0,2544.0,26.0,4303.0,3552.0,20.0,-454.0,-1008.0,6.0,1.0,1.0,3.0,2.0,3.0,1.0,5342.0,3741.0,30.0,5785.0,4822.0,24.0,-443.0,-1081.0,6.0,1.0,4.0,4.0,3.0,3.0,2.0,6374.0,4345.0,33.0,7080.0,6053.0,32.0,-706.0,-1708.0,1.0,1.0,4.0,4.0,3.0,4.0,3.0
LOLTMNT01_423038,complete,,MSI,2026,,0,2026-07-11 08:11:54,1,16.13,6,Red,top,Zeus,oe:player:98dd15c330fb5abb4508347265a7f76,Hanwha Life Esports,oe:team:3a1d18f46bcb3716ebcfcf4ef068934,1.0,Sion,Lee Sin,Akali,Orianna,Ezreal,Vayne,,,,,,2340,1,3,1,9,26,16,1.0,0.0,0.0,0.0,0.0,0.0,0.0,0.0,0.6667,1.0769,,,,,,,,,,,,,,,,,,,,,0.0,0.0,,,,,,,,,,0.0,0.0,15670,401.7949,0.139186,735.2051,2111.7436,7402.0,14,0.359,4,0.1026,6,41,1.0513,16217,11168,286.359,0.196278,15810,,,353.0,353.0,0,,,9.0513,3695.0,5165.0,93.0,3430.0,5131.0,96.0,265.0,34.0,-3.0,1.0,1.0,0.0,0.0,0.0,1.0,5354.0,8825.0,148.0,5212.0,8168.0,134.0,142.0,657.0,14.0,1.0,1.0,0.0,1.0,0.0,3.0,7673.0,12369.0,211.0,7514.0,10985.0,176.0,159.0,1384.0,35.0,1.0,1.0,0.0,2.0,0.0,3.0,9260.0,15119.0,250.0,9204.0,13894.0,228.0,56.0,1225.0,22.0,1.0,2.0,0.0,2.0,0.0,3.0
LOLTMNT01_423038,complete,,MSI,2026,,0,2026-07-11 08:11:54,1,16.13,7,Red,jng,Kanavi,oe:player:41deab55354f57a94135989133f9968,Hanwha Life Esports,oe:team:3a1d18f46bcb3716ebcfcf4ef068934,1.0,Jarvan IV,Lee Sin,Akali,Orianna,Ezreal,Vayne,,,,,,2340,1,3,5,20,26,16,0.0,0.0,0.0,0.0,1.0,0.0,1.0,0.0,0.6667,1.0769,,,,,,,,,,,,,,,,,,,,,1.0,0.0,,,,,,,,,,0.0,0.0,20216,518.359,0.179565,857.7436,1299.4103,2025.0,12,0.3077,32,0.8205,11,116,2.9744,16233,11184,286.7692,0.196559,14625,,,278.0,41.0,237,,,7.1282,4233.0,4615.0,85.0,4501.0,4498.0,85.0,-268.0,117.0,0.0,1.0,3.0,1.0,2.0,0.0,1.0,6357.0,6550.0,120.0,6519.0,7105.0,134.0,-162.0,-555.0,-14.0,2.0,5.0,1.0,2.0,1.0,2.0,8099.0,8677.0,156.0,9321.0,10602.0,180.0,-1222.0,-1925.0,-24.0,2.0,7.0,3.0,3.0,3.0,3.0,9854.0,11380.0,195.0,11110.0,13112.0,220.0,-1256.0,-1732.0,-25.0,2.0,7.0,3.0,3.0,4.0,3.0
LOLTMNT01_423038,complete,,MSI,2026,,0,2026-07-11 08:11:54,1,16.13,8,Red,mid,Zeka,oe:player:f9cd2ef9afea5cda0eb3263a025cec1,Hanwha Life Esports,oe:team:3a1d18f46bcb3716ebcfcf4ef068934,1.0,Syndra,Lee Sin,Akali,Orianna,Ezreal,Vayne,,,,,,2340,1,8,1,11,26,16,2.0,0.0,0.0,0.0,0.0,0.0,0.0,0.0,0.6667,1.0769,,,,,,,,,,,,,,,,,,,,,0.0,0.0,,,,,,,,,,0.0,0.0,28544,731.8974,0.253537,351.4615,154.4615,5791.0,24,0.6154,13,0.3333,9,81,2.0769,17132,12083,309.8205,0.212359,15625,,,363.0,347.0,16,,,9.3077,3665.0,5251.0,106.0,3572.0,4662.0,98.0,93.0,589.0,8.0,0.0,1.0,0.0,0.0,1.0,0.0,5775.0,7799.0,151.0,5400.0,7453.0,155.0,375.0,346.0,-4.0,1.0,4.0,1.0,0.0,2.0,0.0,7740.0,10621.0,209.0,7852.0,10598.0,221.0,-112.0,23.0,-12.0,1.0,6.0,1.0,1.0,3.0,0.0,9329.0,13116.0,259.0,9909.0,14641.0,274.0,-580.0,-1525.0,-15.0,1.0,6.0,1.0,2.0,3.0,0.0
LOLTMNT01_423038,complete,,MSI,2026,,0,2026-07-11 08:11:54,1,16.13,9,Red,bot,Gumayusi,oe:player:c7319736816efe935787b4381c6f321,Hanwha Life Esports,oe:team:3a1d18f46bcb3716ebcfcf4ef068934,1.0,Ziggs,Lee Sin,Akali,Orianna,Ezreal,Vayne,,,,,,2340,1,7,3,11,26,16,0.0,0.0,0.0,0.0,1.0,1.0,0.0,0.0,0.6667,1.0769,,,,,,,,,,,,,,,,,,,,,0.0,0.0,,,,,,,,,,1.0,0.0,36133,926.4872,0.320945,358.4359,169.2308,17289.0,22,0.5641,9,0.2308,8,58,1.4872,20728,15679,402.0256,0.27556,18500,,,402.0,390.0,12,,,10.3077,3914.0,4318.0,98.0,3411.0,4305.0,93.0,503.0,13.0,5.0,1.0,0.0,1.0,0.0,0.0,0.0,6908.0,7640.0,164.0,5706.0,7432.0,159.0,1202.0,208.0,5.0,2.0,2.0,1.0,0.0,1.0,0.0,9369.0,10458.0,221.0,8413.0,10944.0,221.0,956.0,-486.0,0.0,3.0,3.0,2.0,1.0,3.0,0.0,11945.0,13279.0,286.0,10198.0,13399.0,268.0,1747.0,-120.0,18.0,4.0,3.0,2.0,1.0,4.0,1.0
LOLTMNT01_423038,complete,,MSI,2026,,0,2026-07-11 08:11:54,1,16.13,10,Red,sup,Delight,oe:player:051ca2e31ba25123961b3df95fdef4c,Hanwha Life Esports,oe:team:3a1d18f46bcb3716ebcfcf4ef068934,1.0,Camille,Lee Sin,Akali,Orianna,Ezreal,Vayne,,,,,,2340,1,5,6,8,26,16,0.0,0.0,0.0,0.0,1.0,0.0,1.0,0.0,0.6667,1.0769,,,,,,,,,,,,,,,,,,,,,0.0,0.0,,,,,,,,,,1.0,0.0,12020,308.2051,0.106766,679.8205,444.8205,888.0,95,2.4359,29,0.7436,41,207,5.3077,11834,6785,173.9744,0.119245,10240,,,48.0,48.0,0,,,1.2308,2525.0,2085.0,9.0,2457.0,2212.0,20.0,68.0,-127.0,-11.0,1.0,1.0,0.0,0.0,1.0,2.0,4303.0,3552.0,20.0,3849.0,2544.0,26.0,454.0,1008.0,-6.0,2.0,3.0,1.0,1.0,1.0,3.0,5785.0,4822.0,24.0,5342.0,3741.0,30.0,443.0,1081.0,-6.0,3.0,3.0,2.0,1.0,4.0,4.0,7080.0,6053.0,32.0,6374.0,4345.0,33.0,706.0,1708.0,-1.0,3.0,4.0,3.0,1.0,4.0,4.0
LOLTMNT01_423038,complete,,MSI,2026,,0,2026-07-11 08:11:54,1,16.13,100,Blue,team,,,LYON,oe:team:da1143bf9a245b78a8dc86417de85b3,0.0,,Jayce,Vi,Cassiopeia,Gnar,Annie,Ryze,Qiyana,Poppy,Jhin,Ambessa,2340,0,16,26,31,16,26,0.0,0.0,0.0,0.0,0.0,,,,0.4103,1.0769,0.0,2.0,4.0,1.0,4.0,0.0,0.0,0.0,1.0,0.0,0.0,,1.0,0.0,1.0,1.0,0.0,2.0,1.0,0.0,0.0,1.0,0.0,0.0,1.0,2.0,10.0,0.0,0.0,14.0,41.0,0.0,2.0,94362,2419.5385,,3599.8205,3161.3846,14621.0,165,4.2308,64,1.641,60,413,10.5897,73900,48654,1247.5385,,72110,-0.0366211,-0.96,,1128.0,294,,,36.4615,17371.0,20808.0,392.0,18032.0,21434.0,391.0,-661.0,-626.0,1.0,2.0,2.0,4.0,4.0,6.0,2.0,26686.0,32702.0,608.0,28697.0,34366.0,603.0,-2011.0,-1664.0,5.0,4.0,5.0,8.0,8.0,15.0,4.0,38442.0,46870.0,828.0,38666.0,46947.0,821.0,-224.0,-77.0,7.0,8.0,13.0,10.0,10.0,20.0,8.0,46795.0,59391.0,1023.0,47468.0,58947.0,1022.0,-673.0,444.0,1.0,9.0,15.0,11.0,11.0,22.0,9.0
LOLTMNT01_423038,complete,,MSI,2026,,0,2026-07-11 08:11:54,1,16.13,200,Red,team,,,Hanwha Life Esports,oe:team:3a1d18f46bcb3716ebcfcf4ef068934,1.0,,Lee Sin,Akali,Orianna,Ezreal,Vayne,Jarvan IV,Ziggs,Camille,Syndra,Sion,2340,1,26,16,59,26,16,3.0,0.0,0.0,0.0,1.0,,,,0.6667,1.0769,1.0,4.0,2.0,4.0,1.0,1.0,0.0,0.0,0.0,0.0,3.0,,0.0,1.0,0.0,0.0,1.0,1.0,2.0,1.0,1.0,0.0,0.0,0.0,0.0,10.0,2.0,1.0,1.0,41.0,14.0,2.0,0.0,112583,2886.7436,,2982.6667,4179.6667,33395.0,167,4.2821,87,2.2308,75,503,12.8974,82144,56898,1458.9231,,74800,0.0366211,0.96,,1179.0,265,,,37.0256,18032.0,21434.0,391.0,17371.0,20808.0,392.0,661.0,626.0,-1.0,4.0,6.0,2.0,2.0,2.0,4.0,28697.0,34366.0,603.0,26686.0,32702.0,608.0,2011.0,1664.0,-5.0,8.0,15.0,4.0,4.0,5.0,8.0,38666.0,46947.0,821.0,38442.0,46870.0,828.0,224.0,77.0,-7.0,10.0,20.0,8.0,8.0,13.0,10.0,47468.0,58947.0,1022.0,46795.0,59391.0,1023.0,673.0,-444.0,-1.0,11.0,22.0,9.0,9.0,15.0,11.0
LOLTMNT01_423068,complete,,MSI,2026,,0,2026-07-11 09:10:41,2,16.13,1,Blue,top,Zeus,oe:player:98dd15c330fb5abb4508347265a7f76,Hanwha Life Esports,oe:team:3a1d18f46bcb3716ebcfcf4ef068934,1.0,Anivia,Varus,Bard,Vayne,Karma,Renekton,,,,,,1855,0,0,5,4,8,21,0.0,0.0,0.0,0.0,0.0,0.0,0.0,0.0,0.2588,0.938,,,,,,,,,,,,,,,,,,,,,0.0,0.0,,,,,,,,,,0.0,0.0,16418,531.0404,0.237498,931.4717,650.9434,3420.0,17,0.5499,5,0.1617,7,50,1.6173,10672,6612,213.8652,0.193345,10775,,,265.0,260.0,5,,,8.5714,3461.0,5162.0,91.0,2836.0,4560.0,67.0,625.0,602.0,24.0,0.0,0.0,0.0,0.0,0.0,0.0,5115.0,8374.0,135.0,4512.0,8185.0,121.0,603.0,189.0,14.0,0.0,0.0,0.0,0.0,0.0,0.0,7257.0,11959.0,187.0,5751.0,9724.0,144.0,1506.0,2235.0,43.0,0.0,3.0,2.0,0.0,1.0,3.0,8942.0,16739.0,235.0,7262.0,11919.0,171.0,1680.0,4820.0,64.0,0.0,4.0,3.0,0.0,4.0,3.0
LOLTMNT01_423068,complete,,MSI,2026,,0,2026-07-11 09:10:41,2,16.13,2,Blue,jng,Kanavi,oe:player:41deab55354f57a94135989133f9968,Hanwha Life Esports,oe:team:3a1d18f46bcb3716ebcfcf4ef068934,1.0,Nocturne,Varus,Bard,Vayne,Karma,Renekton,,,,,,1855,0,1,5,5,8,21,0.0,0.0,0.0,0.0,1.0,0.0,1.0,0.0,0.2588,0.938,,,,,,,,,,,,,,,,,,,,,0.0,1.0,,,,,,,,,,0.0,0.0,11064,357.8652,0.160049,1020.097,679.8922,1933.0,10,0.3235,9,0.2911,7,48,1.5526,10661,6601,213.5094,0.193023,9675,,,213.0,13.0,200,,,6.8895,3507.0,4147.0,79.0,3497.0,3978.0,80.0,10.0,169.0,-1.0,0.0,1.0,0.0,0.0,0.0,0.0,5061.0,6040.0,116.0,5384.0,6765.0,126.0,-323.0,-725.0,-10.0,0.0,1.0,2.0,0.0,2.0,0.0,7544.0,8876.0,152.0,7911.0,9763.0,161.0,-367.0,-887.0,-9.0,1.0,4.0,3.0,0.0,6.0,1.0,9022.0,10912.0,184.0,9771.0,12351.0,198.0,-749.0,-1439.0,-14.0,1.0,5.0,4.0,0.0,9.0,2.0
LOLTMNT01_423068,complete,,MSI,2026,,0,2026-07-11 09:10:41,2,16.13,3,Blue,mid,Zeka,oe:player:f9cd2ef9afea5cda0eb3263a025cec1,Hanwha Life Esports,oe:team:3a1d18f46bcb3716ebcfcf4ef068934,1.0,Orianna,Varus,Bard,Vayne,Karma,Renekton,,,,,,1855,0,1,4,4,8,21,0.0,0.0,0.0,0.0,1.0,0.0,1.0,0.0,0.2588,0.938,,,,,,,,,,,,,,,,,,,,,0.0,0.0,,,,,,,,,,0.0,1.0,17951,580.6253,0.259674,506.7817,303.2022,6826.0,16,0.5175,6,0.1941,4,39,1.2615,10907,6847,221.4663,0.200216,10710,,,266.0,266.0,0,,,8.6038,3606.0,4800.0,93.0,3148.0,4780.0,80.0,458.0,20.0,13.0,0.0,1.0,0.0,0.0,0.0,0.0,5273.0,7105.0,143.0,5272.0,7448.0,124.0,1.0,-343.0,19.0,0.0,1.0,1.0,1.0,1.0,0.0,7783.0,9556.0,193.0,8497.0,11347.0,178.0,-714.0,-1791.0,15.0,1.0,2.0,2.0,4.0,3.0,0.0,9052.0,11309.0,222.0,11029.0,14015.0,218.0,-1977.0,-2706.0,4.0,1.0,3.0,3.0,7.0,3.0,0.0
LOLTMNT01_423068,complete,,MSI,2026,,0,2026-07-11 09:10:41,2,16.13,4,Blue,bot,Gumayusi,oe:player:c7319736816efe935787b4381c6f321,Hanwha Life Esports,oe:team:3a1d18f46bcb3716ebcfcf4ef068934,1.0,Miss Fortune,Varus,Bard,Vayne,Karma,Renekton,,,,,,1855,0,6,4,1,8,21,0.0,0.0,0.0,0.0,1.0,1.0,0.0,0.0,0.2588,0.938,,,,,,,,,,,,,,,,,,,,,0.0,0.0,,,,,,,,,,0.0,0.0,18916,611.8383,0.273633,466.124,619.1159,6909.0,20,0.6469,15,0.4852,9,69,2.2318,14451,10391,336.097,0.303845,12725,,,321.0,312.0,9,,,10.3827,3945.0,3752.0,96.0,3128.0,3549.0,80.0,817.0,203.0,16.0,1.0,0.0,0.0,0.0,0.0,0.0,6349.0,6603.0,157.0,6107.0,6489.0,139.0,242.0,114.0,18.0,1.0,0.0,0.0,2.0,1.0,0.0,9358.0,9497.0,208.0,9389.0,10074.0,202.0,-31.0,-577.0,6.0,4.0,1.0,1.0,4.0,3.0,0.0,11762.0,12056.0,266.0,12401.0,13320.0,255.0,-639.0,-1264.0,11.0,5.0,1.0,2.0,6.0,6.0,0.0
LOLTMNT01_423068,complete,,MSI,2026,,0,2026-07-11 09:10:41,2,16.13,5,Blue,sup,Delight,oe:player:051ca2e31ba25123961b3df95fdef4c,Hanwha Life Esports,oe:team:3a1d18f46bcb3716ebcfcf4ef068934,1.0,Rakan,Varus,Bard,Vayne,Karma,Renekton,,,,,,1855,0,0,3,8,8,21,0.0,0.0,0.0,0.0,1.0,0.0,1.0,0.0,0.2588,0.938,,,,,,,,,,,,,,,,,,,,,0.0,0.0,,,,,,,,,,0.0,0.0,4780,154.6092,0.0691461,522.3073,581.7898,1180.0,76,2.4582,20,0.6469,27,154,4.9811,7807,3747,121.1968,0.10957,7350,,,36.0,36.0,0,,,1.1644,2496.0,2419.0,14.0,2199.0,2535.0,13.0,297.0,-116.0,1.0,0.0,1.0,0.0,0.0,0.0,1.0,3628.0,2749.0,18.0,3579.0,3556.0,21.0,49.0,-807.0,-3.0,0.0,1.0,0.0,0.0,3.0,1.0,5316.0,4900.0,27.0,4913.0,4988.0,23.0,403.0,-88.0,4.0,0.0,6.0,0.0,0.0,6.0,2.0,6519.0,5256.0,35.0,6208.0,6424.0,26.0,311.0,-1168.0,9.0,0.0,7.0,1.0,0.0,10.0,2.0
LOLTMNT01_423068,complete,,MSI,2026,,0,2026-07-11 09:10:41,2,16.13,6,Red,top,Dhokla,oe:player:5385f74da3e5deb5b66d9a1ee56cf97,LYON,oe:team:da1143bf9a245b78a8dc86417de85b3,0.0,Gragas,Jayce,Vi,Gnar,Nautilus,Rell,,,,,,1855,1,1,4,7,21,8,0.0,0.0,0.0,0.0,0.0,0.0,0.0,0.0,0.6792,0.938,,,,,,,,,,,,,,,,,,,,,0.0,0.0,,,,,,,,,,0.0,0.0,11672,377.531,0.137996,782.9434,713.4663,2489.0,9,0.2911,8,0.2588,3,42,1.3585,9767,5707,184.593,0.133564,8825,,,209.0,209.0,0,,,6.7601,2836.0,4560.0,67.0,3461.0,5162.0,91.0,-625.0,-602.0,-24.0,0.0,0.0,0.0,0.0,0.0,0.0,4512.0,8185.0,121.0,5115.0,8374.0,135.0,-603.0,-189.0,-14.0,0.0,0.0,0.0,0.0,0.0,0.0,5751.0,9724.0,144.0,7257.0,11959.0,187.0,-1506.0,-2235.0,-43.0,0.0,1.0,3.0,0.0,3.0,2.0,7262.0,11919.0,171.0,8942.0,16739.0,235.0,-1680.0,-4820.0,-64.0,0.0,4.0,3.0,0.0,4.0,3.0
LOLTMNT01_423068,complete,,MSI,2026,,0,2026-07-11 09:10:41,2,16.13,7,Red,jng,Inspired,oe:player:a8307167f3a1c933295bb9e3d43700e,LYON,oe:team:da1143bf9a245b78a8dc86417de85b3,0.0,Lee Sin,Jayce,Vi,Gnar,Nautilus,Rell,,,,,,1855,1,1,2,13,21,8,0.0,0.0,0.0,0.0,0.0,0.0,0.0,0.0,0.6792,0.938,,,,,,,,,,,,,,,,,,,,,1.0,0.0,,,,,,,,,,0.0,0.0,13640,441.186,0.161264,1058.2965,1172.7332,7598.0,18,0.5822,10,0.3235,7,57,1.8437,12667,8607,278.3935,0.201432,11275,,,230.0,14.0,216,,,7.4394,3497.0,3978.0,80.0,3507.0,4147.0,79.0,-10.0,-169.0,1.0,0.0,0.0,0.0,0.0,1.0,0.0,5384.0,6765.0,126.0,5061.0,6040.0,116.0,323.0,725.0,10.0,0.0,2.0,0.0,0.0,1.0,2.0,7911.0,9763.0,161.0,7544.0,8876.0,152.0,367.0,887.0,9.0,0.0,6.0,1.0,1.0,4.0,3.0,9771.0,12351.0,198.0,9022.0,10912.0,184.0,749.0,1439.0,14.0,0.0,9.0,2.0,1.0,5.0,4.0
LOLTMNT01_423068,complete,,MSI,2026,,0,2026-07-11 09:10:41,2,16.13,8,Red,mid,Saint,oe:player:f45792335d83b10581da2f0cbdd6e8e,LYON,oe:team:da1143bf9a245b78a8dc86417de85b3,0.0,Akali,Jayce,Vi,Gnar,Nautilus,Rell,,,,,,1855,1,10,0,7,21,8,2.0,0.0,0.0,0.0,0.0,0.0,0.0,0.0,0.6792,0.938,,,,,,,,,,,,,,,,,,,,,0.0,0.0,,,,,,,,,,1.0,0.0,25265,817.1968,0.298704,770.0377,637.3908,11160.0,10,0.3235,17,0.5499,7,61,1.973,15204,11144,360.4528,0.260805,13375,,,275.0,271.0,4,,,8.8949,3148.0,4780.0,80.0,3606.0,4800.0,93.0,-458.0,-20.0,-13.0,0.0,0.0,0.0,0.0,1.0,0.0,5272.0,7448.0,124.0,5273.0,7105.0,143.0,-1.0,343.0,-19.0,1.0,1.0,0.0,0.0,1.0,1.0,8497.0,11347.0,178.0,7783.0,9556.0,193.0,714.0,1791.0,-15.0,4.0,3.0,0.0,1.0,2.0,2.0,11029.0,14015.0,218.0,9052.0,11309.0,222.0,1977.0,2706.0,-4.0,7.0,3.0,0.0,1.0,3.0,3.0
LOLTMNT01_423068,complete,,MSI,2026,,0,2026-07-11 09:10:41,2,16.13,9,Red,bot,Berserker,oe:player:460ae5a7af8d68f7831b70307210ab3,LYON,oe:team:da1143bf9a245b78a8dc86417de85b3,0.0,Ezreal,Jayce,Vi,Gnar,Nautilus,Rell,,,,,,1855,1,9,0,9,21,8,2.0,0.0,0.0,0.0,0.0,0.0,0.0,0.0,0.6792,0.938,,,,,,,,,,,,,,,,,,,,,0.0,0.0,,,,,,,,,,0.0,0.0,28375,917.7898,0.335473,335.4178,218.7817,8695.0,10,0.3235,11,0.3558,2,37,1.1968,16934,12874,416.4097,0.301292,13683,,,320.0,306.0,14,,,10.3504,3128.0,3549.0,80.0,3945.0,3752.0,96.0,-817.0,-203.0,-16.0,0.0,0.0,0.0,1.0,0.0,0.0,6107.0,6489.0,139.0,6349.0,6603.0,157.0,-242.0,-114.0,-18.0,2.0,1.0,0.0,1.0,0.0,0.0,9389.0,10074.0,202.0,9358.0,9497.0,208.0,31.0,577.0,-6.0,4.0,3.0,0.0,4.0,1.0,1.0,12401.0,13320.0,255.0,11762.0,12056.0,266.0,639.0,1264.0,-11.0,6.0,6.0,0.0,5.0,1.0,2.0
LOLTMNT01_423068,complete,,MSI,2026,,0,2026-07-11 09:10:41,2,16.13,10,Red,sup,Isles,oe:player:40704dfd2d966862568d29770de57bd,LYON,oe:team:da1143bf9a245b78a8dc86417de85b3,0.0,Alistar,Jayce,Vi,Gnar,Nautilus,Rell,,,,,,1855,1,0,2,17,21,8,0.0,0.0,0.0,0.0,0.0,0.0,0.0,1.0,0.6792,0.938,,,,,,,,,,,,,,,,,,,,,0.0,0.0,,,,,,,,,,0.0,0.0,5630,182.1024,0.0665626,451.8922,564.1294,671.0,79,2.5553,12,0.3881,24,139,4.496,8457,4397,142.221,0.102907,7115,,,31.0,31.0,0,,,1.0027,2199.0,2535.0,13.0,2496.0,2419.0,14.0,-297.0,116.0,-1.0,0.0,0.0,1.0,0.0,1.0,0.0,3579.0,3556.0,21.0,3628.0,2749.0,18.0,-49.0,807.0,3.0,0.0,3.0,1.0,0.0,1.0,0.0,4913.0,4988.0,23.0,5316.0,4900.0,27.0,-403.0,88.0,-4.0,0.0,6.0,2.0,0.0,6.0,0.0,6208.0,6424.0,26.0,6519.0,5256.0,35.0,-311.0,1168.0,-9.0,0.0,10.0,2.0,0.0,7.0,1.0
LOLTMNT01_423068,complete,,MSI,2026,,0,2026-07-11 09:10:41,2,16.13,100,Blue,team,,,Hanwha Life Esports,oe:team:3a1d18f46bcb3716ebcfcf4ef068934,1.0,,Varus,Bard,Vayne,Karma,Renekton,Nocturne,Orianna,Miss Fortune,Rakan,Anivia,1855,0,8,21,22,8,21,0.0,0.0,0.0,0.0,1.0,,,,0.2588,0.938,1.0,1.0,4.0,1.0,4.0,0.0,0.0,1.0,0.0,0.0,0.0,,0.0,0.0,0.0,0.0,1.0,1.0,2.0,0.0,0.0,1.0,0.0,0.0,0.0,3.0,7.0,1.0,1.0,19.0,29.0,0.0,1.0,69129,2235.9784,,3446.7817,2834.9434,20268.0,139,4.496,55,1.779,54,360,11.6442,54498,34199,1106.1671,,51235,-0.0575881,0.59,,887.0,214,,,35.6119,17015.0,20280.0,373.0,14808.0,19402.0,320.0,2207.0,878.0,53.0,1.0,3.0,0.0,0.0,0.0,1.0,25426.0,30871.0,569.0,24854.0,32443.0,531.0,572.0,-1572.0,38.0,1.0,3.0,3.0,3.0,7.0,1.0,37258.0,44788.0,767.0,36461.0,45896.0,708.0,797.0,-1108.0,59.0,6.0,16.0,8.0,8.0,19.0,6.0,45297.0,56272.0,942.0,46671.0,58029.0,868.0,-1374.0,-1757.0,74.0,7.0,20.0,13.0,13.0,32.0,7.0
LOLTMNT01_423068,complete,,MSI,2026,,0,2026-07-11 09:10:41,2,16.13,200,Red,team,,,LYON,oe:team:da1143bf9a245b78a8dc86417de85b3,0.0,,Jayce,Vi,Gnar,Nautilus,Rell,Ezreal,Lee Sin,Akali,Alistar,Gragas,1855,1,21,8,53,21,8,4.0,0.0,0.0,0.0,0.0,,,,0.6792,0.938,0.0,4.0,1.0,4.0,1.0,0.0,0.0,0.0,0.0,1.0,3.0,,0.0,0.0,1.0,1.0,0.0,2.0,1.0,1.0,1.0,0.0,0.0,0.0,1.0,7.0,3.0,0.0,0.0,29.0,19.0,1.0,0.0,84582,2735.8059,,3398.5876,3306.5013,30613.0,126,4.0755,58,1.876,43,336,10.8679,63029,42730,1382.1024,,54273,0.0575881,-0.59,,831.0,234,,,34.4474,14808.0,19402.0,320.0,17015.0,20280.0,373.0,-2207.0,-878.0,-53.0,0.0,0.0,1.0,1.0,3.0,0.0,24854.0,32443.0,531.0,25426.0,30871.0,569.0,-572.0,1572.0,-38.0,3.0,7.0,1.0,1.0,3.0,3.0,36461.0,45896.0,708.0,37258.0,44788.0,767.0,-797.0,1108.0,-59.0,8.0,19.0,6.0,6.0,16.0,8.0,46671.0,58029.0,868.0,45297.0,56272.0,942.0,1374.0,1757.0,-74.0,13.0,32.0,7.0,7.0,20.0,13.0
LOLTMNT01_424060,complete,,MSI,2026,,0,2026-07-11 10:03:21,3,16.13,1,Blue,top,Dhokla,oe:player:5385f74da3e5deb5b66d9a1ee56cf97,LYON,oe:team:da1143bf9a245b78a8dc86417de85b3,0.0,Gwen,Jayce,Gnar,Bard,Ahri,Cassiopeia,,,,,,1828,1,4,6,6,21,17,0.0,0.0,0.0,0.0,0.0,0.0,0.0,0.0,0.6893,1.2473,,,,,,,,,,,,,,,,,,,,,0.0,0.0,,,,,,,,,,1.0,0.0,18803,617.1663,0.207351,1124.0481,940.5033,9299.0,16,0.5252,5,0.1641,5,43,1.4114,12175,8170,268.1619,0.192953,11325,,,235.0,235.0,0,,,7.7133,3456.0,5131.0,96.0,3803.0,5225.0,97.0,-347.0,-94.0,-1.0,0.0,0.0,0.0,1.0,0.0,0.0,4954.0,8022.0,126.0,6965.0,10207.0,148.0,-2011.0,-2185.0,-22.0,1.0,0.0,2.0,4.0,3.0,0.0,7882.0,11487.0,181.0,9403.0,13627.0,204.0,-1521.0,-2140.0,-23.0,2.0,0.0,3.0,5.0,3.0,1.0,9699.0,14658.0,212.0,10647.0,15823.0,230.0,-948.0,-1165.0,-18.0,3.0,1.0,4.0,5.0,4.0,2.0
LOLTMNT01_424060,complete,,MSI,2026,,0,2026-07-11 10:03:21,3,16.13,2,Blue,jng,Inspired,oe:player:a8307167f3a1c933295bb9e3d43700e,LYON,oe:team:da1143bf9a245b78a8dc86417de85b3,0.0,Skarner,Jayce,Gnar,Bard,Ahri,Cassiopeia,,,,,,1828,1,4,5,12,21,17,1.0,0.0,0.0,0.0,0.0,0.0,0.0,0.0,0.6893,1.2473,,,,,,,,,,,,,,,,,,,,,1.0,0.0,,,,,,,,,,0.0,0.0,13771,452.0022,0.15186,1251.4333,1806.4333,991.0,8,0.2626,11,0.3611,6,45,1.477,11830,7825,256.8381,0.184805,11000,,,174.0,16.0,158,,,5.7112,3144.0,3184.0,62.0,4059.0,4833.0,91.0,-915.0,-1649.0,-29.0,0.0,0.0,2.0,0.0,3.0,0.0,4827.0,5611.0,95.0,7012.0,8532.0,144.0,-2185.0,-2921.0,-49.0,0.0,3.0,4.0,3.0,4.0,0.0,6692.0,8980.0,136.0,9238.0,11720.0,182.0,-2546.0,-2740.0,-46.0,0.0,4.0,4.0,3.0,5.0,0.0,8768.0,11690.0,163.0,11173.0,13866.0,218.0,-2405.0,-2176.0,-55.0,1.0,6.0,4.0,4.0,5.0,1.0
LOLTMNT01_424060,complete,,MSI,2026,,0,2026-07-11 10:03:21,3,16.13,3,Blue,mid,Saint,oe:player:f45792335d83b10581da2f0cbdd6e8e,LYON,oe:team:da1143bf9a245b78a8dc86417de85b3,0.0,Viktor,Jayce,Gnar,Bard,Ahri,Cassiopeia,,,,,,1828,1,4,2,11,21,17,0.0,0.0,0.0,0.0,0.0,0.0,0.0,0.0,0.6893,1.2473,,,,,,,,,,,,,,,,,,,,,0.0,0.0,,,,,,,,,,0.0,0.0,31216,1024.5952,0.344236,524.6061,826.4114,8546.0,18,0.5908,6,0.1969,7,39,1.2801,13746,9741,319.7265,0.230054,13175,,,269.0,256.0,13,,,8.8293,3226.0,5103.0,85.0,3489.0,4293.0,73.0,-263.0,810.0,12.0,0.0,0.0,1.0,1.0,1.0,0.0,5295.0,7879.0,135.0,5350.0,7206.0,121.0,-55.0,673.0,14.0,1.0,0.0,2.0,1.0,3.0,1.0,7850.0,11139.0,200.0,8395.0,10511.0,186.0,-545.0,628.0,14.0,1.0,1.0,2.0,1.0,4.0,1.0,10707.0,15039.0,240.0,9980.0,13071.0,229.0,727.0,1968.0,11.0,2.0,4.0,2.0,1.0,5.0,2.0
LOLTMNT01_424060,complete,,MSI,2026,,0,2026-07-11 10:03:21,3,16.13,4,Blue,bot,Berserker,oe:player:460ae5a7af8d68f7831b70307210ab3,LYON,oe:team:da1143bf9a245b78a8dc86417de85b3,0.0,Lucian,Jayce,Gnar,Bard,Ahri,Cassiopeia,,,,,,1828,1,8,3,8,21,17,2.0,0.0,0.0,0.0,1.0,1.0,0.0,0.0,0.6893,1.2473,,,,,,,,,,,,,,,,,,,,,0.0,0.0,,,,,,,,,,0.0,0.0,22523,739.267,0.248373,744.7812,543.2166,10129.0,14,0.4595,12,0.3939,4,46,1.5098,15616,11611,381.105,0.274217,14400,,,292.0,281.0,11,,,9.5842,4267.0,3325.0,90.0,3230.0,3100.0,83.0,1037.0,225.0,7.0,2.0,0.0,0.0,0.0,1.0,2.0,7129.0,5361.0,145.0,5266.0,5014.0,130.0,1863.0,347.0,15.0,4.0,1.0,1.0,0.0,2.0,4.0,8972.0,7075.0,195.0,8081.0,7660.0,198.0,891.0,-585.0,-3.0,4.0,1.0,2.0,1.0,2.0,4.0,11334.0,10837.0,253.0,9846.0,9751.0,250.0,1488.0,1086.0,3.0,4.0,4.0,2.0,1.0,2.0,5.0
LOLTMNT01_424060,complete,,MSI,2026,,0,2026-07-11 10:03:21,3,16.13,5,Blue,sup,Isles,oe:player:40704dfd2d966862568d29770de57bd,LYON,oe:team:da1143bf9a245b78a8dc86417de85b3,0.0,Milio,Jayce,Gnar,Bard,Ahri,Cassiopeia,,,,,,1828,1,1,1,18,21,17,0.0,0.0,0.0,0.0,1.0,0.0,1.0,0.0,0.6893,1.2473,,,,,,,,,,,,,,,,,,,,,0.0,0.0,,,,,,,,,,0.0,0.0,4369,143.4026,0.0481794,386.0613,177.6039,2864.0,59,1.9365,5,0.1641,23,102,3.3479,9000,4995,163.9497,0.117971,8500,,,27.0,27.0,0,,,0.8862,2501.0,3077.0,17.0,2638.0,2646.0,20.0,-137.0,431.0,-3.0,0.0,2.0,0.0,1.0,0.0,0.0,3897.0,4848.0,22.0,4045.0,4200.0,28.0,-148.0,648.0,-6.0,0.0,5.0,1.0,2.0,2.0,1.0,5034.0,6339.0,24.0,5387.0,5779.0,35.0,-353.0,560.0,-11.0,0.0,5.0,1.0,2.0,3.0,1.0,6850.0,10351.0,25.0,6517.0,7118.0,38.0,333.0,3233.0,-13.0,1.0,8.0,1.0,2.0,4.0,1.0
LOLTMNT01_424060,complete,,MSI,2026,,0,2026-07-11 10:03:21,3,16.13,6,Red,top,Zeus,oe:player:98dd15c330fb5abb4508347265a7f76,Hanwha Life Esports,oe:team:3a1d18f46bcb3716ebcfcf4ef068934,1.0,Rumble,Varus,Vayne,Nautilus,Trundle,K'Sante,,,,,,1828,0,6,4,7,17,21,1.0,0.0,0.0,0.0,0.0,0.0,0.0,0.0,0.558,1.2473,,,,,,,,,,,,,,,,,,,,,0.0,0.0,,,,,,,,,,0.0,1.0,32133,1054.6937,0.373028,650.0875,752.035,6938.0,11,0.3611,2,0.0656,4,35,1.1488,12812,8807,289.07,0.228272,12150,,,257.0,257.0,0,,,8.4354,3803.0,5225.0,97.0,3456.0,5131.0,96.0,347.0,94.0,1.0,1.0,0.0,0.0,0.0,0.0,0.0,6965.0,10207.0,148.0,4954.0,8022.0,126.0,2011.0,2185.0,22.0,4.0,3.0,0.0,1.0,0.0,2.0,9403.0,13627.0,204.0,7882.0,11487.0,181.0,1521.0,2140.0,23.0,5.0,3.0,1.0,2.0,0.0,3.0,10647.0,15823.0,230.0,9699.0,14658.0,212.0,948.0,1165.0,18.0,5.0,4.0,2.0,3.0,1.0,4.0
LOLTMNT01_424060,complete,,MSI,2026,,0,2026-07-11 10:03:21,3,16.13,7,Red,jng,Kanavi,oe:player:41deab55354f57a94135989133f9968,Hanwha Life Esports,oe:team:3a1d18f46bcb3716ebcfcf4ef068934,1.0,Vi,Varus,Vayne,Nautilus,Trundle,K'Sante,,,,,,1828,0,5,3,6,17,21,1.0,0.0,0.0,0.0,0.0,0.0,0.0,0.0,0.558,1.2473,,,,,,,,,,,,,,,,,,,,,0.0,1.0,,,,,,,,,,0.0,0.0,18611,610.8643,0.216053,1037.8556,1499.1138,7396.0,11,0.3611,12,0.3939,10,52,1.7068,13351,9346,306.7615,0.242242,12800,,,233.0,15.0,218,,,7.6477,4059.0,4833.0,91.0,3144.0,3184.0,62.0,915.0,1649.0,29.0,0.0,3.0,0.0,0.0,0.0,2.0,7012.0,8532.0,144.0,4827.0,5611.0,95.0,2185.0,2921.0,49.0,3.0,4.0,0.0,0.0,3.0,4.0,9238.0,11720.0,182.0,6692.0,8980.0,136.0,2546.0,2740.0,46.0,3.0,5.0,0.0,0.0,4.0,4.0,11173.0,13866.0,218.0,8768.0,11690.0,163.0,2405.0,2176.0,55.0,4.0,5.0,1.0,1.0,6.0,4.0
LOLTMNT01_424060,complete,,MSI,2026,,0,2026-07-11 10:03:21,3,16.13,8,Red,mid,Zeka,oe:player:f9cd2ef9afea5cda0eb3263a025cec1,Hanwha Life Esports,oe:team:3a1d18f46bcb3716ebcfcf4ef068934,1.0,Yone,Varus,Vayne,Nautilus,Trundle,K'Sante,,,,,,1828,0,3,4,7,17,21,0.0,0.0,0.0,0.0,0.0,0.0,0.0,0.0,0.558,1.2473,,,,,,,,,,,,,,,,,,,,,0.0,0.0,,,,,,,,,,0.0,0.0,12678,416.1269,0.147177,947.3632,914.9672,5875.0,15,0.4923,3,0.0985,5,49,1.6083,12436,8431,276.7287,0.218527,11825,,,254.0,242.0,12,,,8.337,3489.0,4293.0,73.0,3226.0,5103.0,85.0,263.0,-810.0,-12.0,1.0,1.0,0.0,0.0,0.0,1.0,5350.0,7206.0,121.0,5295.0,7879.0,135.0,55.0,-673.0,-14.0,1.0,3.0,1.0,1.0,0.0,2.0,8395.0,10511.0,186.0,7850.0,11139.0,200.0,545.0,-628.0,-14.0,1.0,4.0,1.0,1.0,1.0,2.0,9980.0,13071.0,229.0,10707.0,15039.0,240.0,-727.0,-1968.0,-11.0,1.0,5.0,2.0,2.0,4.0,2.0
LOLTMNT01_424060,complete,,MSI,2026,,0,2026-07-11 10:03:21,3,16.13,9,Red,bot,Gumayusi,oe:player:c7319736816efe935787b4381c6f321,Hanwha Life Esports,oe:team:3a1d18f46bcb3716ebcfcf4ef068934,1.0,Kog'Maw,Varus,Vayne,Nautilus,Trundle,K'Sante,,,,,,1828,0,1,7,4,17,21,0.0,0.0,0.0,0.0,0.0,0.0,0.0,1.0,0.558,1.2473,,,,,,,,,,,,,,,,,,,,,0.0,0.0,,,,,,,,,,0.0,0.0,17529,575.3501,0.203492,632.6258,574.2341,2977.0,17,0.558,10,0.3282,8,41,1.3457,12188,8183,268.5886,0.212099,12770,,,304.0,296.0,8,,,9.9781,3230.0,3100.0,83.0,4267.0,3325.0,90.0,-1037.0,-225.0,-7.0,0.0,1.0,2.0,2.0,0.0,0.0,5266.0,5014.0,130.0,7129.0,5361.0,145.0,-1863.0,-347.0,-15.0,0.0,2.0,4.0,4.0,1.0,1.0,8081.0,7660.0,198.0,8972.0,7075.0,195.0,-891.0,585.0,3.0,1.0,2.0,4.0,4.0,1.0,2.0,9846.0,9751.0,250.0,11334.0,10837.0,253.0,-1488.0,-1086.0,-3.0,1.0,2.0,5.0,4.0,4.0,2.0
LOLTMNT01_424060,complete,,MSI,2026,,0,2026-07-11 10:03:21,3,16.13,10,Red,sup,Delight,oe:player:051ca2e31ba25123961b3df95fdef4c,Hanwha Life Esports,oe:team:3a1d18f46bcb3716ebcfcf4ef068934,1.0,Lulu,Varus,Vayne,Nautilus,Trundle,K'Sante,,,,,,1828,0,2,3,8,17,21,0.0,0.0,0.0,0.0,0.0,0.0,0.0,0.0,0.558,1.2473,,,,,,,,,,,,,,,,,,,,,0.0,0.0,,,,,,,,,,0.0,0.0,5190,170.3501,0.0602501,406.2473,200.5799,38.0,58,1.9037,14,0.4595,21,117,3.8403,7819,3814,125.186,0.0988606,7375,,,40.0,40.0,0,,,1.3129,2638.0,2646.0,20.0,2501.0,3077.0,17.0,137.0,-431.0,3.0,1.0,0.0,0.0,0.0,2.0,0.0,4045.0,4200.0,28.0,3897.0,4848.0,22.0,148.0,-648.0,6.0,2.0,2.0,1.0,0.0,5.0,1.0,5387.0,5779.0,35.0,5034.0,6339.0,24.0,353.0,-560.0,11.0,2.0,3.0,1.0,0.0,5.0,1.0,6517.0,7118.0,38.0,6850.0,10351.0,25.0,-333.0,-3233.0,13.0,2.0,4.0,1.0,1.0,8.0,1.0
LOLTMNT01_424060,complete,,MSI,2026,,0,2026-07-11 10:03:21,3,16.13,100,Blue,team,,,LYON,oe:team:da1143bf9a245b78a8dc86417de85b3,0.0,,Jayce,Gnar,Bard,Ahri,Cassiopeia,Lucian,Milio,Viktor,Skarner,Gwen,1828,1,21,17,55,21,17,3.0,0.0,0.0,0.0,1.0,,,,0.6893,1.2473,0.0,1.0,3.0,1.0,3.0,0.0,0.0,0.0,0.0,0.0,1.0,,0.0,0.0,0.0,0.0,1.0,1.0,2.0,1.0,1.0,0.0,0.0,0.0,1.0,8.0,3.0,0.0,0.0,26.0,22.0,1.0,0.0,90682,2976.4333,,4030.93,4294.1685,31829.0,115,3.7746,39,1.2801,45,275,9.0263,62367,42343,1389.814,,58400,0.0256677,-0.74,,815.0,182,,,32.7243,16594.0,19820.0,350.0,17219.0,20097.0,364.0,-625.0,-277.0,-14.0,2.0,2.0,3.0,3.0,5.0,2.0,26102.0,31721.0,523.0,28638.0,35159.0,571.0,-2536.0,-3438.0,-48.0,6.0,9.0,10.0,10.0,14.0,6.0,36430.0,45020.0,736.0,40504.0,49297.0,805.0,-4074.0,-4277.0,-69.0,7.0,11.0,12.0,12.0,17.0,7.0,47358.0,62575.0,893.0,48163.0,59629.0,965.0,-805.0,2946.0,-72.0,11.0,23.0,13.0,13.0,20.0,11.0
LOLTMNT01_424060,complete,,MSI,2026,,0,2026-07-11 10:03:21,3,16.13,200,Red,team,,,Hanwha Life Esports,oe:team:3a1d18f46bcb3716ebcfcf4ef068934,1.0,,Varus,Vayne,Nautilus,Trundle,K'Sante,Vi,Kog'Maw,Lulu,Rumble,Yone,1828,0,17,21,32,17,21,2.0,0.0,0.0,0.0,0.0,,,,0.558,1.2473,1.0,3.0,1.0,3.0,1.0,0.0,1.0,0.0,0.0,1.0,1.0,,0.0,0.0,1.0,1.0,0.0,2.0,1.0,0.0,0.0,1.0,0.0,0.0,0.0,3.0,8.0,1.0,1.0,22.0,26.0,0.0,1.0,86141,2827.3851,,3674.1794,3940.93,23224.0,112,3.6761,41,1.3457,48,294,9.6499,58606,38582,1266.3676,,56920,-0.0256677,0.74,,850.0,238,,,35.7112,17219.0,20097.0,364.0,16594.0,19820.0,350.0,625.0,277.0,14.0,3.0,5.0,2.0,2.0,2.0,3.0,28638.0,35159.0,571.0,26102.0,31721.0,523.0,2536.0,3438.0,48.0,10.0,14.0,6.0,6.0,9.0,10.0,40504.0,49297.0,805.0,36430.0,45020.0,736.0,4074.0,4277.0,69.0,12.0,17.0,7.0,7.0,11.0,12.0,48163.0,59629.0,965.0,47358.0,62575.0,893.0,805.0,-2946.0,72.0,13.0,20.0,11.0,11.0,23.0,13.0
LOLTMNT01_423127,complete,,MSI,2026,,0,2026-07-11 10:54:28,4,16.13,1,Blue,top,Dhokla,oe:player:5385f74da3e5deb5b66d9a1ee56cf97,LYON,oe:team:da1143bf9a245b78a8dc86417de85b3,1.0,Jayce,Yorick,Vayne,Bard,K'Sante,Ahri,,,,,,1789,0,2,6,3,10,20,0.0,0.0,0.0,0.0,1.0,1.0,0.0,0.0,0.3354,1.0061,,,,,,,,,,,,,,,,,,,,,0.0,0.0,,,,,,,,,,0.0,0.0,18291,613.4489,0.246959,671.0676,624.8519,11631.0,12,0.4025,9,0.3018,3,34,1.1403,12212,8287,277.9318,0.225792,12185,,,259.0,256.0,3,,,8.6864,3972.0,4417.0,85.0,3386.0,4761.0,78.0,586.0,-344.0,7.0,2.0,1.0,3.0,0.0,2.0,2.0,5847.0,8049.0,146.0,4924.0,8205.0,126.0,923.0,-156.0,20.0,2.0,1.0,3.0,0.0,2.0,2.0,7951.0,11053.0,202.0,7310.0,11199.0,170.0,641.0,-146.0,32.0,2.0,2.0,3.0,2.0,3.0,3.0,9912.0,12494.0,228.0,8937.0,13771.0,217.0,975.0,-1277.0,11.0,2.0,2.0,4.0,2.0,3.0,4.0
LOLTMNT01_423127,complete,,MSI,2026,,0,2026-07-11 10:54:28,4,16.13,2,Blue,jng,Inspired,oe:player:a8307167f3a1c933295bb9e3d43700e,LYON,oe:team:da1143bf9a245b78a8dc86417de85b3,1.0,Pantheon,Yorick,Vayne,Bard,K'Sante,Ahri,,,,,,1789,0,2,4,4,10,20,0.0,0.0,0.0,0.0,1.0,0.0,1.0,0.0,0.3354,1.0061,,,,,,,,,,,,,,,,,,,,,0.0,1.0,,,,,,,,,,0.0,1.0,14496,486.171,0.19572,1085.1314,783.2197,1306.0,7,0.2348,9,0.3018,6,39,1.308,11373,7448,249.7932,0.202932,11300,,,209.0,9.0,200,,,7.0095,3592.0,3896.0,76.0,4916.0,4120.0,74.0,-1324.0,-224.0,2.0,0.0,2.0,0.0,5.0,0.0,1.0,5281.0,6005.0,113.0,6644.0,6505.0,118.0,-1363.0,-500.0,-5.0,0.0,3.0,0.0,5.0,0.0,1.0,6992.0,8659.0,153.0,9120.0,9779.0,167.0,-2128.0,-1120.0,-14.0,0.0,3.0,1.0,6.0,2.0,1.0,9533.0,11802.0,199.0,11284.0,12813.0,214.0,-1751.0,-1011.0,-15.0,1.0,3.0,1.0,6.0,3.0,1.0
LOLTMNT01_423127,complete,,MSI,2026,,0,2026-07-11 10:54:28,4,16.13,3,Blue,mid,Saint,oe:player:f45792335d83b10581da2f0cbdd6e8e,LYON,oe:team:da1143bf9a245b78a8dc86417de85b3,1.0,Annie,Yorick,Vayne,Bard,K'Sante,Ahri,,,,,,1789,0,0,3,6,10,20,0.0,0.0,0.0,0.0,0.0,0.0,0.0,0.0,0.3354,1.0061,,,,,,,,,,,,,,,,,,,,,0.0,0.0,,,,,,,,,,0.0,0.0,16651,558.4461,0.224816,560.5254,418.8932,8708.0,19,0.6372,13,0.436,10,63,2.1129,11969,8044,269.782,0.219171,11175,,,268.0,268.0,0,,,8.9883,3540.0,5144.0,103.0,3487.0,5337.0,99.0,53.0,-193.0,4.0,0.0,0.0,0.0,0.0,0.0,0.0,5587.0,8030.0,156.0,5096.0,7354.0,144.0,491.0,676.0,12.0,0.0,1.0,0.0,0.0,0.0,1.0,8042.0,10253.0,190.0,6726.0,10299.0,190.0,1316.0,-46.0,0.0,0.0,3.0,1.0,0.0,3.0,2.0,10537.0,13573.0,253.0,8783.0,12700.0,227.0,1754.0,873.0,26.0,0.0,4.0,1.0,1.0,3.0,2.0
LOLTMNT01_423127,complete,,MSI,2026,,0,2026-07-11 10:54:28,4,16.13,4,Blue,bot,Berserker,oe:player:460ae5a7af8d68f7831b70307210ab3,LYON,oe:team:da1143bf9a245b78a8dc86417de85b3,1.0,Mel,Yorick,Vayne,Bard,K'Sante,Ahri,,,,,,1789,0,0,4,0,10,20,0.0,0.0,0.0,0.0,0.0,0.0,0.0,0.0,0.3354,1.0061,,,,,,,,,,,,,,,,,,,,,0.0,0.0,,,,,,,,,,0.0,1.0,17405,583.7339,0.234996,512.398,282.3253,1318.0,16,0.5366,8,0.2683,8,34,1.1403,11319,7394,247.9821,0.20146,10850,,,296.0,296.0,0,,,9.9273,3329.0,4611.0,92.0,3565.0,4395.0,94.0,-236.0,216.0,-2.0,0.0,0.0,0.0,0.0,1.0,0.0,5597.0,7495.0,158.0,5758.0,7194.0,155.0,-161.0,301.0,3.0,0.0,0.0,0.0,0.0,1.0,0.0,7308.0,9560.0,202.0,7955.0,10409.0,216.0,-647.0,-849.0,-14.0,0.0,0.0,1.0,0.0,3.0,0.0,9899.0,12960.0,276.0,10144.0,13030.0,277.0,-245.0,-70.0,-1.0,0.0,0.0,1.0,0.0,4.0,0.0
LOLTMNT01_423127,complete,,MSI,2026,,0,2026-07-11 10:54:28,4,16.13,5,Blue,sup,Isles,oe:player:40704dfd2d966862568d29770de57bd,LYON,oe:team:da1143bf9a245b78a8dc86417de85b3,1.0,Pyke,Yorick,Vayne,Bard,K'Sante,Ahri,,,,,,1789,0,6,3,3,10,20,0.0,0.0,0.0,0.0,1.0,0.0,1.0,0.0,0.3354,1.0061,,,,,,,,,,,,,,,,,,,,,0.0,0.0,,,,,,,,,,0.0,0.0,7222,242.2135,0.0975089,431.8055,209.6814,0.0,77,2.5824,15,0.5031,33,141,4.7289,9454,5529,185.4332,0.150645,8775,,,24.0,24.0,0,,,0.8049,3020.0,1980.0,8.0,2575.0,1614.0,8.0,445.0,366.0,0.0,2.0,2.0,2.0,0.0,2.0,1.0,4319.0,3110.0,11.0,3714.0,3063.0,16.0,605.0,47.0,-5.0,3.0,2.0,2.0,0.0,2.0,1.0,6272.0,4891.0,17.0,4898.0,4392.0,20.0,1374.0,499.0,-3.0,5.0,2.0,2.0,0.0,5.0,1.0,7911.0,5569.0,21.0,6120.0,5814.0,26.0,1791.0,-245.0,-5.0,5.0,3.0,2.0,0.0,5.0,1.0
LOLTMNT01_423127,complete,,MSI,2026,,0,2026-07-11 10:54:28,4,16.13,6,Red,top,Zeus,oe:player:98dd15c330fb5abb4508347265a7f76,Hanwha Life Esports,oe:team:3a1d18f46bcb3716ebcfcf4ef068934,0.0,Swain,Cassiopeia,Trundle,Nautilus,Lissandra,Sylas,,,,,,1789,1,3,4,10,20,10,1.0,0.0,0.0,0.0,0.0,0.0,0.0,1.0,0.6708,1.0061,,,,,,,,,,,,,,,,,,,,,0.0,0.0,,,,,,,,,,0.0,0.0,17789,596.6126,0.238836,903.4544,710.8105,3232.0,16,0.5366,5,0.1677,6,45,1.5092,11895,7970,267.3002,0.184563,11375,,,253.0,253.0,0,,,8.4852,3386.0,4761.0,78.0,3972.0,4417.0,85.0,-586.0,344.0,-7.0,0.0,2.0,2.0,2.0,1.0,3.0,4924.0,8205.0,126.0,5847.0,8049.0,146.0,-923.0,156.0,-20.0,0.0,2.0,2.0,2.0,1.0,3.0,7310.0,11199.0,170.0,7951.0,11053.0,202.0,-641.0,146.0,-32.0,2.0,3.0,3.0,2.0,2.0,3.0,8937.0,13771.0,217.0,9912.0,12494.0,228.0,-975.0,1277.0,-11.0,2.0,3.0,4.0,2.0,2.0,4.0
LOLTMNT01_423127,complete,,MSI,2026,,0,2026-07-11 10:54:28,4,16.13,7,Red,jng,Kanavi,oe:player:41deab55354f57a94135989133f9968,Hanwha Life Esports,oe:team:3a1d18f46bcb3716ebcfcf4ef068934,0.0,Naafiri,Cassiopeia,Trundle,Nautilus,Lissandra,Sylas,,,,,,1789,1,6,2,8,20,10,1.0,0.0,0.0,0.0,0.0,0.0,0.0,0.0,0.6708,1.0061,,,,,,,,,,,,,,,,,,,,,1.0,0.0,,,,,,,,,,1.0,0.0,14350,481.2745,0.192664,722.18,695.953,9200.0,9,0.3018,14,0.4695,8,60,2.0123,14675,10750,360.5366,0.248941,12650,,,255.0,39.0,216,,,8.5523,4916.0,4120.0,74.0,3592.0,3896.0,76.0,1324.0,224.0,-2.0,5.0,0.0,1.0,0.0,2.0,0.0,6644.0,6505.0,118.0,5281.0,6005.0,113.0,1363.0,500.0,5.0,5.0,0.0,1.0,0.0,3.0,0.0,9120.0,9779.0,167.0,6992.0,8659.0,153.0,2128.0,1120.0,14.0,6.0,2.0,1.0,0.0,3.0,1.0,11284.0,12813.0,214.0,9533.0,11802.0,199.0,1751.0,1011.0,15.0,6.0,3.0,1.0,1.0,3.0,1.0
LOLTMNT01_423127,complete,,MSI,2026,,0,2026-07-11 10:54:28,4,16.13,8,Red,mid,Zeka,oe:player:f9cd2ef9afea5cda0eb3263a025cec1,Hanwha Life Esports,oe:team:3a1d18f46bcb3716ebcfcf4ef068934,0.0,Aurora,Cassiopeia,Trundle,Nautilus,Lissandra,Sylas,,,,,,1789,1,7,2,6,20,10,2.0,0.0,0.0,0.0,0.0,0.0,0.0,0.0,0.6708,1.0061,,,,,,,,,,,,,,,,,,,,,0.0,0.0,,,,,,,,,,0.0,0.0,17710,593.9631,0.237776,680.2571,489.3907,7106.0,14,0.4695,10,0.3354,5,51,1.7105,13309,9384,314.7233,0.217308,11375,,,261.0,261.0,0,,,8.7535,3487.0,5337.0,99.0,3540.0,5144.0,103.0,-53.0,193.0,-4.0,0.0,0.0,0.0,0.0,0.0,0.0,5096.0,7354.0,144.0,5587.0,8030.0,156.0,-491.0,-676.0,-12.0,0.0,0.0,1.0,0.0,1.0,0.0,6726.0,10299.0,190.0,8042.0,10253.0,190.0,-1316.0,46.0,0.0,0.0,3.0,2.0,0.0,3.0,1.0,8783.0,12700.0,227.0,10537.0,13573.0,253.0,-1754.0,-873.0,-26.0,1.0,3.0,2.0,0.0,4.0,1.0
LOLTMNT01_423127,complete,,MSI,2026,,0,2026-07-11 10:54:28,4,16.13,9,Red,bot,Gumayusi,oe:player:c7319736816efe935787b4381c6f321,Hanwha Life Esports,oe:team:3a1d18f46bcb3716ebcfcf4ef068934,0.0,Caitlyn,Cassiopeia,Trundle,Nautilus,Lissandra,Sylas,,,,,,1789,1,4,0,7,20,10,0.0,0.0,0.0,0.0,0.0,0.0,0.0,0.0,0.6708,1.0061,,,,,,,,,,,,,,,,,,,,,0.0,0.0,,,,,,,,,,1.0,0.0,19619,657.9877,0.263406,438.8821,336.7244,10851.0,17,0.5702,8,0.2683,8,42,1.4086,14494,10569,354.4662,0.24475,12000,,,312.0,308.0,4,,,10.4639,3565.0,4395.0,94.0,3329.0,4611.0,92.0,236.0,-216.0,2.0,0.0,1.0,0.0,0.0,0.0,0.0,5758.0,7194.0,155.0,5597.0,7495.0,158.0,161.0,-301.0,-3.0,0.0,1.0,0.0,0.0,0.0,0.0,7955.0,10409.0,216.0,7308.0,9560.0,202.0,647.0,849.0,14.0,0.0,3.0,0.0,0.0,0.0,1.0,10144.0,13030.0,277.0,9899.0,12960.0,276.0,245.0,70.0,1.0,0.0,4.0,0.0,0.0,0.0,1.0
LOLTMNT01_423127,complete,,MSI,2026,,0,2026-07-11 10:54:28,4,16.13,10,Red,sup,Delight,oe:player:051ca2e31ba25123961b3df95fdef4c,Hanwha Life Esports,oe:team:3a1d18f46bcb3716ebcfcf4ef068934,0.0,Karma,Cassiopeia,Trundle,Nautilus,Lissandra,Sylas,,,,,,1789,1,0,2,13,20,10,0.0,0.0,0.0,0.0,0.0,0.0,0.0,0.0,0.6708,1.0061,,,,,,,,,,,,,,,,,,,,,0.0,0.0,,,,,,,,,,0.0,0.0,5014,168.161,0.0673183,330.218,231.0117,995.0,71,2.3812,20,0.6708,29,163,5.4667,8435,4510,151.2577,0.104437,7120,,,31.0,31.0,0,,,1.0397,2575.0,1614.0,8.0,3020.0,1980.0,8.0,-445.0,-366.0,0.0,0.0,2.0,1.0,2.0,2.0,2.0,3714.0,3063.0,16.0,4319.0,3110.0,11.0,-605.0,-47.0,5.0,0.0,2.0,1.0,3.0,2.0,2.0,4898.0,4392.0,20.0,6272.0,4891.0,17.0,-1374.0,-499.0,3.0,0.0,5.0,1.0,5.0,2.0,2.0,6120.0,5814.0,26.0,7911.0,5569.0,21.0,-1791.0,245.0,5.0,0.0,5.0,1.0,5.0,3.0,2.0
LOLTMNT01_423127,complete,,MSI,2026,,0,2026-07-11 10:54:28,4,16.13,100,Blue,team,,,LYON,oe:team:da1143bf9a245b78a8dc86417de85b3,1.0,,Yorick,Vayne,Bard,K'Sante,Ahri,Jayce,Mel,Pyke,Annie,Pantheon,1789,0,10,20,16,10,20,0.0,0.0,0.0,0.0,1.0,,,,0.3354,1.0061,0.0,0.0,4.0,0.0,4.0,0.0,0.0,0.0,0.0,0.0,0.0,,0.0,0.0,1.0,1.0,0.0,3.0,0.0,0.0,0.0,1.0,0.0,0.0,1.0,5.0,9.0,1.0,1.0,26.0,36.0,0.0,2.0,74065,2484.0134,,3260.9279,2318.9715,22963.0,131,4.3935,54,1.8111,60,311,10.4304,56327,36701,1230.8888,,54285,-0.00431965,0.24,,853.0,203,,,35.4164,17453.0,20048.0,364.0,17929.0,20227.0,353.0,-476.0,-179.0,11.0,4.0,5.0,5.0,5.0,5.0,4.0,26631.0,32689.0,584.0,26136.0,32321.0,559.0,495.0,368.0,25.0,5.0,7.0,5.0,5.0,5.0,5.0,36565.0,44416.0,764.0,36009.0,46078.0,763.0,556.0,-1662.0,1.0,7.0,10.0,8.0,8.0,16.0,7.0,47792.0,56398.0,977.0,45268.0,58128.0,961.0,2524.0,-1730.0,16.0,8.0,12.0,9.0,9.0,18.0,8.0
LOLTMNT01_423127,complete,,MSI,2026,,0,2026-07-11 10:54:28,4,16.13,200,Red,team,,,Hanwha Life Esports,oe:team:3a1d18f46bcb3716ebcfcf4ef068934,0.0,,Cassiopeia,Trundle,Nautilus,Lissandra,Sylas,Caitlyn,Karma,Naafiri,Aurora,Swain,1789,1,20,10,44,20,10,4.0,0.0,0.0,0.0,0.0,,,,0.6708,1.0061,1.0,4.0,0.0,4.0,0.0,1.0,2.0,0.0,0.0,0.0,1.0,,0.0,0.0,0.0,0.0,1.0,0.0,3.0,1.0,1.0,0.0,0.0,0.0,0.0,9.0,5.0,0.0,0.0,36.0,26.0,2.0,0.0,74482,2497.9989,,3074.9916,2463.8904,31384.0,127,4.2594,57,1.9117,56,361,12.1073,62808,43182,1448.2504,,54520,0.00431965,-0.24,,892.0,220,,,37.2946,17929.0,20227.0,353.0,17453.0,20048.0,364.0,476.0,179.0,-11.0,5.0,5.0,4.0,4.0,5.0,5.0,26136.0,32321.0,559.0,26631.0,32689.0,584.0,-495.0,-368.0,-25.0,5.0,5.0,5.0,5.0,7.0,5.0,36009.0,46078.0,763.0,36565.0,44416.0,764.0,-556.0,1662.0,-1.0,8.0,16.0,7.0,7.0,10.0,8.0,45268.0,58128.0,961.0,47792.0,56398.0,977.0,-2524.0,1730.0,-16.0,9.0,18.0,8.0,8.0,12.0,9.0
LOLTMNT01_424125,complete,,MSI,2026,,0,2026-07-11 11:44:26,5,16.13,1,Blue,top,Zeus,oe:player:98dd15c330fb5abb4508347265a7f76,Hanwha Life Esports,oe:team:3a1d18f46bcb3716ebcfcf4ef068934,1.0,Aatrox,Vayne,Varus,Bard,Sivir,Olaf,,,,,,1336,1,1,0,11,22,4,0.0,0.0,0.0,0.0,0.0,0.0,0.0,0.0,0.988,1.1677,,,,,,,,,,,,,,,,,,,,,0.0,0.0,,,,,,,,,,0.0,0.0,21884,982.8144,0.257862,1098.2335,1071.9611,7811.0,9,0.4042,0,0.0,3,21,0.9431,9884,6883,309.1168,0.18251,9200,,,213.0,209.0,4,,,9.5659,3750.0,5224.0,100.0,3129.0,4622.0,74.0,621.0,602.0,26.0,0.0,0.0,0.0,0.0,0.0,0.0,5996.0,9250.0,157.0,4670.0,7744.0,120.0,1326.0,1506.0,37.0,0.0,3.0,0.0,0.0,1.0,0.0,8710.0,13375.0,201.0,7087.0,10960.0,172.0,1623.0,2415.0,29.0,1.0,6.0,0.0,1.0,1.0,2.0,,,,,,,,,,,,,,,
LOLTMNT01_424125,complete,,MSI,2026,,0,2026-07-11 11:44:26,5,16.13,2,Blue,jng,Kanavi,oe:player:41deab55354f57a94135989133f9968,Hanwha Life Esports,oe:team:3a1d18f46bcb3716ebcfcf4ef068934,1.0,Nidalee,Vayne,Varus,Bard,Sivir,Olaf,,,,,,1336,1,4,1,8,22,4,1.0,0.0,0.0,0.0,0.0,0.0,0.0,0.0,0.988,1.1677,,,,,,,,,,,,,,,,,,,,,1.0,0.0,,,,,,,,,,1.0,0.0,13709,615.6737,0.161535,817.1856,524.2365,6968.0,5,0.2246,15,0.6737,4,48,2.1557,11092,8091,363.3683,0.214541,9400,,,203.0,22.0,181,,,9.1168,3713.0,4467.0,89.0,3715.0,3828.0,76.0,-2.0,639.0,13.0,0.0,0.0,0.0,1.0,0.0,0.0,6052.0,7175.0,138.0,5157.0,5523.0,105.0,895.0,1652.0,33.0,0.0,0.0,0.0,1.0,1.0,1.0,9405.0,10954.0,188.0,6552.0,7247.0,125.0,2853.0,3707.0,63.0,3.0,4.0,1.0,1.0,2.0,4.0,,,,,,,,,,,,,,,
LOLTMNT01_424125,complete,,MSI,2026,,0,2026-07-11 11:44:26,5,16.13,3,Blue,mid,Zeka,oe:player:f9cd2ef9afea5cda0eb3263a025cec1,Hanwha Life Esports,oe:team:3a1d18f46bcb3716ebcfcf4ef068934,1.0,Ahri,Vayne,Varus,Bard,Sivir,Olaf,,,,,,1336,1,10,2,8,22,4,3.0,1.0,0.0,0.0,0.0,0.0,0.0,0.0,0.988,1.1677,,,,,,,,,,,,,,,,,,,,,0.0,0.0,,,,,,,,,,0.0,0.0,24918,1119.0719,0.293612,467.7844,224.4162,6057.0,9,0.4042,7,0.3144,3,33,1.482,11870,8869,398.3084,0.235171,8425,,,222.0,222.0,0,,,9.9701,3617.0,5148.0,103.0,3161.0,5088.0,73.0,456.0,60.0,30.0,0.0,0.0,1.0,0.0,1.0,0.0,6300.0,8117.0,158.0,5195.0,7727.0,121.0,1105.0,390.0,37.0,3.0,0.0,1.0,1.0,1.0,0.0,9384.0,10879.0,194.0,6755.0,9608.0,149.0,2629.0,1271.0,45.0,7.0,5.0,2.0,1.0,2.0,3.0,,,,,,,,,,,,,,,
LOLTMNT01_424125,complete,,MSI,2026,,0,2026-07-11 11:44:26,5,16.13,4,Blue,bot,Gumayusi,oe:player:c7319736816efe935787b4381c6f321,Hanwha Life Esports,oe:team:3a1d18f46bcb3716ebcfcf4ef068934,1.0,Kalista,Vayne,Varus,Bard,Sivir,Olaf,,,,,,1336,1,5,1,11,22,4,1.0,0.0,0.0,0.0,1.0,0.0,1.0,0.0,0.988,1.1677,,,,,,,,,,,,,,,,,,,,,0.0,0.0,,,,,,,,,,1.0,0.0,18890,848.3533,0.222584,501.0629,328.0689,14682.0,15,0.6737,5,0.2246,8,41,1.8413,12906,9905,444.8353,0.262642,10875,,,208.0,204.0,4,,,9.3413,3433.0,3817.0,85.0,3284.0,3376.0,87.0,149.0,441.0,-2.0,0.0,1.0,0.0,0.0,0.0,1.0,5997.0,6265.0,137.0,4906.0,5523.0,134.0,1091.0,742.0,3.0,0.0,3.0,1.0,0.0,1.0,2.0,10557.0,10283.0,199.0,7532.0,7071.0,168.0,3025.0,3212.0,31.0,3.0,8.0,1.0,1.0,2.0,4.0,,,,,,,,,,,,,,,
LOLTMNT01_424125,complete,,MSI,2026,,0,2026-07-11 11:44:26,5,16.13,5,Blue,sup,Delight,oe:player:051ca2e31ba25123961b3df95fdef4c,Hanwha Life Esports,oe:team:3a1d18f46bcb3716ebcfcf4ef068934,1.0,Blitzcrank,Vayne,Varus,Bard,Sivir,Olaf,,,,,,1336,1,2,0,14,22,4,0.0,0.0,0.0,0.0,1.0,1.0,0.0,0.0,0.988,1.1677,,,,,,,,,,,,,,,,,,,,,0.0,0.0,,,,,,,,,,0.0,0.0,5466,245.479,0.0644067,496.5269,329.1467,229.0,45,2.021,5,0.2246,16,85,3.8174,6966,3965,178.0689,0.105136,6075,,,23.0,23.0,0,,,1.0329,2661.0,2361.0,10.0,2354.0,2507.0,23.0,307.0,-146.0,-13.0,1.0,0.0,0.0,0.0,0.0,0.0,3890.0,3334.0,16.0,3414.0,3791.0,33.0,476.0,-457.0,-17.0,1.0,2.0,0.0,0.0,1.0,1.0,5844.0,5940.0,22.0,4702.0,5277.0,35.0,1142.0,663.0,-13.0,2.0,9.0,0.0,0.0,3.0,3.0,,,,,,,,,,,,,,,
LOLTMNT01_424125,complete,,MSI,2026,,0,2026-07-11 11:44:26,5,16.13,6,Red,top,Dhokla,oe:player:5385f74da3e5deb5b66d9a1ee56cf97,LYON,oe:team:da1143bf9a245b78a8dc86417de85b3,0.0,Shen,Gnar,Seraphine,Cassiopeia,Trundle,Wukong,,,,,,1336,0,1,3,1,4,22,0.0,0.0,0.0,0.0,0.0,0.0,0.0,0.0,0.1796,1.1677,,,,,,,,,,,,,,,,,,,,,0.0,0.0,,,,,,,,,,0.0,0.0,12419,557.7395,0.246502,1039.8054,1138.1138,2890.0,7,0.3144,2,0.0898,0,19,0.8533,7602,4601,206.6317,0.213523,6750,,,177.0,177.0,0,,,7.9491,3129.0,4622.0,74.0,3750.0,5224.0,100.0,-621.0,-602.0,-26.0,0.0,0.0,0.0,0.0,0.0,0.0,4670.0,7744.0,120.0,5996.0,9250.0,157.0,-1326.0,-1506.0,-37.0,0.0,1.0,0.0,0.0,3.0,0.0,7087.0,10960.0,172.0,8710.0,13375.0,201.0,-1623.0,-2415.0,-29.0,1.0,1.0,2.0,1.0,6.0,0.0,,,,,,,,,,,,,,,
LOLTMNT01_424125,complete,,MSI,2026,,0,2026-07-11 11:44:26,5,16.13,7,Red,jng,Inspired,oe:player:a8307167f3a1c933295bb9e3d43700e,LYON,oe:team:da1143bf9a245b78a8dc86417de85b3,0.0,Xin Zhao,Gnar,Seraphine,Cassiopeia,Trundle,Wukong,,,,,,1336,0,1,5,2,4,22,0.0,0.0,0.0,0.0,0.0,0.0,0.0,0.0,0.1796,1.1677,,,,,,,,,,,,,,,,,,,,,0.0,1.0,,,,,,,,,,0.0,1.0,7030,315.7186,0.139537,1038.4581,528.6377,0.0,6,0.2695,10,0.4491,5,37,1.6617,7539,4538,203.8024,0.2106,7150,,,148.0,21.0,127,,,6.6467,3715.0,3828.0,76.0,3713.0,4467.0,89.0,2.0,-639.0,-13.0,1.0,0.0,0.0,0.0,0.0,0.0,5157.0,5523.0,105.0,6052.0,7175.0,138.0,-895.0,-1652.0,-33.0,1.0,1.0,1.0,0.0,0.0,0.0,6552.0,7247.0,125.0,9405.0,10954.0,188.0,-2853.0,-3707.0,-63.0,1.0,2.0,4.0,3.0,4.0,1.0,,,,,,,,,,,,,,,
LOLTMNT01_424125,complete,,MSI,2026,,0,2026-07-11 11:44:26,5,16.13,8,Red,mid,Saint,oe:player:f45792335d83b10581da2f0cbdd6e8e,LYON,oe:team:da1143bf9a245b78a8dc86417de85b3,0.0,Sylas,Gnar,Seraphine,Cassiopeia,Trundle,Wukong,,,,,,1336,0,1,4,2,4,22,0.0,0.0,0.0,0.0,0.0,0.0,0.0,0.0,0.1796,1.1677,,,,,,,,,,,,,,,,,,,,,0.0,0.0,,,,,,,,,,0.0,0.0,16556,743.5329,0.328616,1304.012,863.6228,7690.0,8,0.3593,1,0.0449,4,15,0.6737,7863,4862,218.3533,0.225636,7010,,,171.0,171.0,0,,,7.6796,3161.0,5088.0,73.0,3617.0,5148.0,103.0,-456.0,-60.0,-30.0,0.0,1.0,0.0,0.0,0.0,1.0,5195.0,7727.0,121.0,6300.0,8117.0,158.0,-1105.0,-390.0,-37.0,1.0,1.0,0.0,3.0,0.0,1.0,6755.0,9608.0,149.0,9384.0,10879.0,194.0,-2629.0,-1271.0,-45.0,1.0,2.0,3.0,7.0,5.0,2.0,,,,,,,,,,,,,,,
LOLTMNT01_424125,complete,,MSI,2026,,0,2026-07-11 11:44:26,5,16.13,9,Red,bot,Berserker,oe:player:460ae5a7af8d68f7831b70307210ab3,LYON,oe:team:da1143bf9a245b78a8dc86417de85b3,0.0,Xayah,Gnar,Seraphine,Cassiopeia,Trundle,Wukong,,,,,,1336,0,1,6,2,4,22,0.0,0.0,0.0,0.0,0.0,0.0,0.0,1.0,0.1796,1.1677,,,,,,,,,,,,,,,,,,,,,0.0,0.0,,,,,,,,,,0.0,1.0,11436,513.5928,0.22699,727.2754,272.6946,1938.0,8,0.3593,0,0.0,2,12,0.5389,8292,5291,237.6198,0.245545,7800,,,180.0,180.0,0,,,8.0838,3284.0,3376.0,87.0,3433.0,3817.0,85.0,-149.0,-441.0,2.0,0.0,0.0,1.0,0.0,1.0,0.0,4906.0,5523.0,134.0,5997.0,6265.0,137.0,-1091.0,-742.0,-3.0,0.0,1.0,2.0,0.0,3.0,1.0,7532.0,7071.0,168.0,10557.0,10283.0,199.0,-3025.0,-3212.0,-31.0,1.0,2.0,4.0,3.0,8.0,1.0,,,,,,,,,,,,,,,
LOLTMNT01_424125,complete,,MSI,2026,,0,2026-07-11 11:44:26,5,16.13,10,Red,sup,Isles,oe:player:40704dfd2d966862568d29770de57bd,LYON,oe:team:da1143bf9a245b78a8dc86417de85b3,0.0,Renata Glasc,Gnar,Seraphine,Cassiopeia,Trundle,Wukong,,,,,,1336,0,0,4,3,4,22,0.0,0.0,0.0,0.0,0.0,0.0,0.0,0.0,0.1796,1.1677,,,,,,,,,,,,,,,,,,,,,0.0,0.0,,,,,,,,,,0.0,0.0,2940,132.0359,0.0583553,514.7605,429.0719,0.0,48,2.1557,4,0.1796,23,83,3.7275,5257,2256,101.3174,0.104696,5030,,,35.0,35.0,0,,,1.5719,2354.0,2507.0,23.0,2661.0,2361.0,10.0,-307.0,146.0,13.0,0.0,0.0,0.0,1.0,0.0,0.0,3414.0,3791.0,33.0,3890.0,3334.0,16.0,-476.0,457.0,17.0,0.0,1.0,1.0,1.0,2.0,0.0,4702.0,5277.0,35.0,5844.0,5940.0,22.0,-1142.0,-663.0,13.0,0.0,3.0,3.0,2.0,9.0,0.0,,,,,,,,,,,,,,,
LOLTMNT01_424125,complete,,MSI,2026,,0,2026-07-11 11:44:26,5,16.13,100,Blue,team,,,Hanwha Life Esports,oe:team:3a1d18f46bcb3716ebcfcf4ef068934,1.0,,Vayne,Varus,Bard,Sivir,Olaf,Kalista,Ahri,Blitzcrank,Nidalee,Aatrox,1336,1,22,4,52,22,4,5.0,1.0,0.0,0.0,1.0,,,,0.988,1.1677,1.0,2.0,0.0,2.0,0.0,1.0,0.0,0.0,0.0,0.0,1.0,,0.0,0.0,1.0,1.0,0.0,3.0,0.0,1.0,1.0,0.0,0.0,0.0,1.0,9.0,2.0,1.0,1.0,38.0,10.0,2.0,0.0,84867,3811.3922,,3380.7934,2477.8293,35747.0,83,3.7275,32,1.4371,34,228,10.2395,52718,37713,1693.6976,,43975,0.263398,3.85,,680.0,189,,,39.0269,17174.0,21017.0,387.0,15643.0,19421.0,333.0,1531.0,1596.0,54.0,1.0,1.0,1.0,1.0,1.0,1.0,28235.0,34141.0,606.0,23342.0,30308.0,513.0,4893.0,3833.0,93.0,4.0,8.0,2.0,2.0,5.0,4.0,43900.0,51431.0,804.0,32628.0,40163.0,649.0,11272.0,11268.0,155.0,16.0,32.0,4.0,4.0,10.0,16.0,,,,,,,,,,,,,,,
LOLTMNT01_424125,complete,,MSI,2026,,0,2026-07-11 11:44:26,5,16.13,200,Red,team,,,LYON,oe:team:da1143bf9a245b78a8dc86417de85b3,0.0,,Gnar,Seraphine,Cassiopeia,Trundle,Wukong,Renata Glasc,Shen,Sylas,Xayah,Xin Zhao,1336,0,4,22,10,4,22,0.0,0.0,0.0,0.0,0.0,,,,0.1796,1.1677,0.0,0.0,2.0,0.0,2.0,0.0,0.0,0.0,0.0,0.0,0.0,,0.0,0.0,0.0,0.0,1.0,0.0,3.0,0.0,0.0,1.0,0.0,0.0,0.0,2.0,9.0,0.0,0.0,10.0,38.0,0.0,2.0,50381,2262.6198,,4624.3114,3232.1407,12518.0,77,3.4581,17,0.7635,34,166,7.4551,36553,21548,967.7246,,33740,-0.263398,-3.85,,584.0,127,,,31.9311,15643.0,19421.0,333.0,17174.0,21017.0,387.0,-1531.0,-1596.0,-54.0,1.0,1.0,1.0,1.0,1.0,1.0,23342.0,30308.0,513.0,28235.0,34141.0,606.0,-4893.0,-3833.0,-93.0,2.0,5.0,4.0,4.0,8.0,2.0,32628.0,40163.0,649.0,43900.0,51431.0,804.0,-11272.0,-11268.0,-155.0,4.0,10.0,16.0,16.0,32.0,4.0,,,,,,,,,,,,,,,
LOLTMNT01_423443,complete,,MSI,2026,,0,2026-07-12 07:27:26,1,16.13,1,Blue,top,Bin,oe:player:fb66ef5885b4be9323905b821dc3a42,Bilibili Gaming,oe:team:d356a144644879dabb5f34cd99c886d,0.0,Renekton,Jayce,Vi,Gnar,Lucian,Ziggs,,,,,,2589,0,2,7,7,16,25,0.0,0.0,0.0,0.0,0.0,0.0,0.0,1.0,0.3708,0.9502,,,,,,,,,,,,,,,,,,,,,0.0,0.0,,,,,,,,,,0.0,0.0,20763,481.1819,0.163348,1047.8331,1577.2885,10464.0,13,0.3013,12,0.2781,5,60,1.3905,17622,12065,279.606,0.228742,17025,,,384.0,376.0,8,,,8.8992,3656.0,5224.0,103.0,3450.0,5062.0,89.0,206.0,162.0,14.0,0.0,0.0,1.0,0.0,1.0,0.0,5496.0,8794.0,157.0,5051.0,7618.0,131.0,445.0,1176.0,26.0,0.0,1.0,2.0,0.0,2.0,1.0,7511.0,11528.0,200.0,7307.0,11535.0,182.0,204.0,-7.0,18.0,0.0,1.0,3.0,1.0,2.0,1.0,9190.0,15023.0,238.0,9117.0,13875.0,210.0,73.0,1148.0,28.0,0.0,4.0,5.0,2.0,4.0,3.0
LOLTMNT01_423443,complete,,MSI,2026,,0,2026-07-12 07:27:26,1,16.13,2,Blue,jng,Xun,oe:player:fbdc4428b2d095c83aebeed5da4e4b2,Bilibili Gaming,oe:team:d356a144644879dabb5f34cd99c886d,0.0,Naafiri,Jayce,Vi,Gnar,Lucian,Ziggs,,,,,,2589,0,3,7,10,16,25,1.0,0.0,0.0,0.0,0.0,0.0,0.0,0.0,0.3708,0.9502,,,,,,,,,,,,,,,,,,,,,1.0,2.0,,,,,,,,,,0.0,1.0,19686,456.2225,0.154875,899.7219,652.2596,296.0,14,0.3244,12,0.2781,12,62,1.4368,14990,9433,218.6095,0.178841,14300,,,259.0,28.0,231,,,6.0023,3442.0,4217.0,78.0,3965.0,4554.0,86.0,-523.0,-337.0,-8.0,0.0,0.0,0.0,1.0,0.0,0.0,5272.0,6699.0,124.0,6300.0,7171.0,124.0,-1028.0,-472.0,0.0,0.0,1.0,0.0,3.0,0.0,0.0,6791.0,8450.0,153.0,8651.0,9662.0,160.0,-1860.0,-1212.0,-7.0,0.0,2.0,2.0,4.0,1.0,1.0,8655.0,11157.0,169.0,10673.0,12642.0,197.0,-2018.0,-1485.0,-28.0,1.0,4.0,3.0,4.0,6.0,2.0
LOLTMNT01_423443,complete,,MSI,2026,,0,2026-07-12 07:27:26,1,16.13,3,Blue,mid,Knight,oe:player:ed29043422e3c515e1cb292464b990b,Bilibili Gaming,oe:team:d356a144644879dabb5f34cd99c886d,0.0,Viktor,Jayce,Vi,Gnar,Lucian,Ziggs,,,,,,2589,0,4,2,9,16,25,0.0,0.0,0.0,0.0,0.0,0.0,0.0,0.0,0.3708,0.9502,,,,,,,,,,,,,,,,,,,,,0.0,0.0,,,,,,,,,,0.0,0.0,41308,957.3117,0.324981,452.0742,624.2642,4746.0,22,0.5098,8,0.1854,8,60,1.3905,17113,11556,267.81,0.219092,15950,,,381.0,369.0,12,,,8.8297,3523.0,5008.0,100.0,3487.0,4731.0,98.0,36.0,277.0,2.0,0.0,0.0,0.0,0.0,0.0,0.0,5818.0,7855.0,156.0,5730.0,7929.0,159.0,88.0,-74.0,-3.0,1.0,0.0,1.0,0.0,1.0,0.0,7628.0,10433.0,206.0,8038.0,10563.0,197.0,-410.0,-130.0,9.0,1.0,2.0,1.0,1.0,3.0,1.0,9838.0,13352.0,245.0,10512.0,13691.0,255.0,-674.0,-339.0,-10.0,2.0,3.0,1.0,2.0,7.0,1.0
LOLTMNT01_423443,complete,,MSI,2026,,0,2026-07-12 07:27:26,1,16.13,4,Blue,bot,Viper,oe:player:9573154ad8bc9459b4c0d940315054f,Bilibili Gaming,oe:team:d356a144644879dabb5f34cd99c886d,0.0,Ezreal,Jayce,Vi,Gnar,Lucian,Ziggs,,,,,,2589,0,7,4,6,16,25,0.0,0.0,0.0,0.0,0.0,0.0,0.0,0.0,0.3708,0.9502,,,,,,,,,,,,,,,,,,,,,0.0,0.0,,,,,,,,,,0.0,2.0,41072,951.8424,0.323124,666.3963,579.5829,7507.0,25,0.5794,18,0.4171,11,80,1.854,20707,15150,351.1008,0.287232,19458,,,392.0,369.0,23,,,9.0846,3540.0,4055.0,98.0,3740.0,4245.0,106.0,-200.0,-190.0,-8.0,0.0,0.0,0.0,0.0,0.0,0.0,5706.0,6996.0,159.0,6295.0,6940.0,175.0,-589.0,56.0,-16.0,0.0,0.0,0.0,0.0,0.0,0.0,9209.0,10041.0,216.0,8908.0,9333.0,229.0,301.0,708.0,-13.0,2.0,0.0,0.0,0.0,1.0,0.0,11401.0,12382.0,246.0,12765.0,12146.0,289.0,-1364.0,236.0,-43.0,3.0,2.0,1.0,3.0,2.0,0.0
LOLTMNT01_423443,complete,,MSI,2026,,0,2026-07-12 07:27:26,1,16.13,5,Blue,sup,ON,oe:player:90651ebea9a35ec4e018c8157492e17,Bilibili Gaming,oe:team:d356a144644879dabb5f34cd99c886d,0.0,Bard,Jayce,Vi,Gnar,Lucian,Ziggs,,,,,,2589,0,0,5,13,16,25,0.0,0.0,0.0,0.0,0.0,0.0,0.0,0.0,0.3708,0.9502,,,,,,,,,,,,,,,,,,,,,0.0,0.0,,,,,,,,,,0.0,0.0,4280,99.1889,0.0336719,640.5794,651.0081,219.0,120,2.781,18,0.4171,55,212,4.9131,10098,4541,105.2375,0.0860917,9540,,,34.0,34.0,0,,,0.7879,2265.0,2105.0,15.0,2252.0,2098.0,12.0,13.0,7.0,3.0,0.0,0.0,0.0,0.0,0.0,0.0,3341.0,2981.0,18.0,3456.0,3441.0,28.0,-115.0,-460.0,-10.0,0.0,1.0,0.0,0.0,0.0,0.0,4646.0,4740.0,23.0,4880.0,5484.0,34.0,-234.0,-744.0,-11.0,0.0,3.0,0.0,0.0,2.0,0.0,5955.0,7526.0,25.0,6251.0,7812.0,39.0,-296.0,-286.0,-14.0,0.0,6.0,1.0,0.0,7.0,0.0
LOLTMNT01_423443,complete,,MSI,2026,,0,2026-07-12 07:27:26,1,16.13,6,Red,top,Zeus,oe:player:98dd15c330fb5abb4508347265a7f76,Hanwha Life Esports,oe:team:3a1d18f46bcb3716ebcfcf4ef068934,1.0,Ambessa,Camille,Vayne,Syndra,Poppy,Jarvan IV,,,,,,2589,1,2,6,10,25,16,0.0,0.0,0.0,0.0,1.0,0.0,1.0,0.0,0.5794,0.9502,,,,,,,,,,,,,,,,,,,,,0.0,0.0,,,,,,,,,,0.0,0.0,24481,567.3465,0.178119,878.6327,1550.8922,6268.0,17,0.394,6,0.139,12,52,1.2051,16131,10574,245.0521,0.176409,16125,,,340.0,309.0,31,,,7.8795,3450.0,5062.0,89.0,3656.0,5224.0,103.0,-206.0,-162.0,-14.0,0.0,1.0,0.0,0.0,0.0,1.0,5051.0,7618.0,131.0,5496.0,8794.0,157.0,-445.0,-1176.0,-26.0,0.0,2.0,1.0,0.0,1.0,2.0,7307.0,11535.0,182.0,7511.0,11528.0,200.0,-204.0,7.0,-18.0,1.0,2.0,1.0,0.0,1.0,3.0,9117.0,13875.0,210.0,9190.0,15023.0,238.0,-73.0,-1148.0,-28.0,2.0,4.0,3.0,0.0,4.0,5.0
LOLTMNT01_423443,complete,,MSI,2026,,0,2026-07-12 07:27:26,1,16.13,7,Red,jng,Kanavi,oe:player:41deab55354f57a94135989133f9968,Hanwha Life Esports,oe:team:3a1d18f46bcb3716ebcfcf4ef068934,1.0,Lee Sin,Camille,Vayne,Syndra,Poppy,Jarvan IV,,,,,,2589,1,8,4,12,25,16,1.0,0.0,0.0,0.0,1.0,1.0,0.0,0.0,0.5794,0.9502,,,,,,,,,,,,,,,,,,,,,2.0,1.0,,,,,,,,,,1.0,0.0,23099,535.3187,0.168064,1067.7636,1601.321,1573.0,28,0.6489,24,0.5562,13,117,2.7115,18753,13196,305.8169,0.220154,16100,,,306.0,51.0,255,,,7.0915,3965.0,4554.0,86.0,3442.0,4217.0,78.0,523.0,337.0,8.0,1.0,0.0,0.0,0.0,0.0,0.0,6300.0,7171.0,124.0,5272.0,6699.0,124.0,1028.0,472.0,0.0,3.0,0.0,0.0,0.0,1.0,0.0,8651.0,9662.0,160.0,6791.0,8450.0,153.0,1860.0,1212.0,7.0,4.0,1.0,1.0,0.0,2.0,2.0,10673.0,12642.0,197.0,8655.0,11157.0,169.0,2018.0,1485.0,28.0,4.0,6.0,2.0,1.0,4.0,3.0
LOLTMNT01_423443,complete,,MSI,2026,,0,2026-07-12 07:27:26,1,16.13,8,Red,mid,Zeka,oe:player:f9cd2ef9afea5cda0eb3263a025cec1,Hanwha Life Esports,oe:team:3a1d18f46bcb3716ebcfcf4ef068934,1.0,Orianna,Camille,Vayne,Syndra,Poppy,Jarvan IV,,,,,,2589,1,6,2,16,25,16,0.0,0.0,0.0,0.0,0.0,0.0,0.0,0.0,0.5794,0.9502,,,,,,,,,,,,,,,,,,,,,0.0,0.0,,,,,,,,,,0.0,0.0,27921,647.0684,0.203148,529.9189,386.5585,8276.0,21,0.4867,9,0.2086,10,67,1.5527,17524,11967,277.3349,0.19965,16460,,,349.0,333.0,16,,,8.0881,3487.0,4731.0,98.0,3523.0,5008.0,100.0,-36.0,-277.0,-2.0,0.0,0.0,0.0,0.0,0.0,0.0,5730.0,7929.0,159.0,5818.0,7855.0,156.0,-88.0,74.0,3.0,0.0,1.0,0.0,1.0,0.0,1.0,8038.0,10563.0,197.0,7628.0,10433.0,206.0,410.0,130.0,-9.0,1.0,3.0,1.0,1.0,2.0,1.0,10512.0,13691.0,255.0,9838.0,13352.0,245.0,674.0,339.0,10.0,2.0,7.0,1.0,2.0,3.0,1.0
LOLTMNT01_423443,complete,,MSI,2026,,0,2026-07-12 07:27:26,1,16.13,9,Red,bot,Gumayusi,oe:player:c7319736816efe935787b4381c6f321,Hanwha Life Esports,oe:team:3a1d18f46bcb3716ebcfcf4ef068934,1.0,Caitlyn,Camille,Vayne,Syndra,Poppy,Jarvan IV,,,,,,2589,1,7,4,9,25,16,2.0,1.0,0.0,0.0,0.0,0.0,0.0,0.0,0.5794,0.9502,,,,,,,,,,,,,,,,,,,,,0.0,0.0,,,,,,,,,,2.0,0.0,52624,1219.5597,0.382881,754.5307,693.8355,19935.0,22,0.5098,22,0.5098,8,82,1.9003,23026,17469,404.8436,0.291443,21100,,,445.0,421.0,24,,,10.3129,3740.0,4245.0,106.0,3540.0,4055.0,98.0,200.0,190.0,8.0,0.0,0.0,0.0,0.0,0.0,0.0,6295.0,6940.0,175.0,5706.0,6996.0,159.0,589.0,-56.0,16.0,0.0,0.0,0.0,0.0,0.0,0.0,8908.0,9333.0,229.0,9209.0,10041.0,216.0,-301.0,-708.0,13.0,0.0,1.0,0.0,2.0,0.0,0.0,12765.0,12146.0,289.0,11401.0,12382.0,246.0,1364.0,-236.0,43.0,3.0,2.0,0.0,3.0,2.0,1.0
LOLTMNT01_423443,complete,,MSI,2026,,0,2026-07-12 07:27:26,1,16.13,10,Red,sup,Delight,oe:player:051ca2e31ba25123961b3df95fdef4c,Hanwha Life Esports,oe:team:3a1d18f46bcb3716ebcfcf4ef068934,1.0,Karma,Camille,Vayne,Syndra,Poppy,Jarvan IV,,,,,,2589,1,2,0,19,25,16,0.0,0.0,0.0,0.0,0.0,0.0,0.0,0.0,0.5794,0.9502,,,,,,,,,,,,,,,,,,,,,0.0,0.0,,,,,,,,,,0.0,0.0,9317,215.9212,0.0677886,422.4797,296.4774,804.0,95,2.2016,25,0.5794,36,217,5.029,12291,6734,156.0603,0.112345,10370,,,59.0,59.0,0,,,1.3673,2252.0,2098.0,12.0,2265.0,2105.0,15.0,-13.0,-7.0,-3.0,0.0,0.0,0.0,0.0,0.0,0.0,3456.0,3441.0,28.0,3341.0,2981.0,18.0,115.0,460.0,10.0,0.0,0.0,0.0,0.0,1.0,0.0,4880.0,5484.0,34.0,4646.0,4740.0,23.0,234.0,744.0,11.0,0.0,2.0,0.0,0.0,3.0,0.0,6251.0,7812.0,39.0,5955.0,7526.0,25.0,296.0,286.0,14.0,0.0,7.0,0.0,0.0,6.0,1.0
LOLTMNT01_423443,complete,,MSI,2026,,0,2026-07-12 07:27:26,1,16.13,100,Blue,team,,,Bilibili Gaming,oe:team:d356a144644879dabb5f34cd99c886d,0.0,,Jayce,Vi,Gnar,Lucian,Ziggs,Bard,Ezreal,Renekton,Naafiri,Viktor,2589,0,16,25,45,16,25,1.0,0.0,0.0,0.0,0.0,,,,0.3708,0.9502,0.0,3.0,4.0,3.0,4.0,3.0,0.0,0.0,0.0,0.0,0.0,,0.0,0.0,0.0,0.0,1.0,1.0,2.0,1.0,1.0,2.0,0.0,0.0,1.0,4.0,11.0,0.0,0.0,26.0,45.0,0.0,4.0,127109,2945.7474,,3706.6049,4084.4032,23232.0,194,4.4959,68,1.5759,91,474,10.9849,80530,52744,1222.3407,,76273,-0.0496331,-1.47,,1176.0,274,,,33.6037,16426.0,20609.0,394.0,16894.0,20690.0,391.0,-468.0,-81.0,3.0,0.0,0.0,1.0,1.0,1.0,0.0,25633.0,33325.0,614.0,26832.0,33099.0,617.0,-1199.0,226.0,-3.0,1.0,3.0,3.0,3.0,3.0,1.0,35785.0,45192.0,798.0,37784.0,46577.0,802.0,-1999.0,-1385.0,-4.0,3.0,8.0,6.0,6.0,9.0,3.0,45039.0,59440.0,923.0,49318.0,60166.0,990.0,-4279.0,-726.0,-67.0,6.0,19.0,11.0,11.0,26.0,6.0
LOLTMNT01_423443,complete,,MSI,2026,,0,2026-07-12 07:27:26,1,16.13,200,Red,team,,,Hanwha Life Esports,oe:team:3a1d18f46bcb3716ebcfcf4ef068934,1.0,,Camille,Vayne,Syndra,Poppy,Jarvan IV,Orianna,Lee Sin,Ambessa,Caitlyn,Karma,2589,1,25,16,66,25,16,3.0,1.0,0.0,0.0,1.0,,,,0.5794,0.9502,1.0,4.0,3.0,4.0,3.0,2.0,1.0,0.0,0.0,0.0,1.0,,0.0,0.0,1.0,1.0,0.0,2.0,1.0,0.0,2.0,1.0,0.0,0.0,0.0,11.0,4.0,1.0,1.0,45.0,26.0,4.0,0.0,137442,3185.2144,,3653.3256,4529.0846,36856.0,183,4.241,86,1.993,79,535,12.3986,87725,59939,1389.0846,,80155,0.0496331,1.47,,1173.0,326,,,34.7393,16894.0,20690.0,391.0,16426.0,20609.0,394.0,468.0,81.0,-3.0,1.0,1.0,0.0,0.0,0.0,1.0,26832.0,33099.0,617.0,25633.0,33325.0,614.0,1199.0,-226.0,3.0,3.0,3.0,1.0,1.0,3.0,3.0,37784.0,46577.0,802.0,35785.0,45192.0,798.0,1999.0,1385.0,4.0,6.0,9.0,3.0,3.0,8.0,6.0,49318.0,60166.0,990.0,45039.0,59440.0,923.0,4279.0,726.0,67.0,11.0,26.0,6.0,6.0,19.0,11.0
LOLTMNT01_423456,complete,,MSI,2026,,0,2026-07-12 08:32:42,2,16.13,1,Blue,top,Zeus,oe:player:98dd15c330fb5abb4508347265a7f76,Hanwha Life Esports,oe:team:3a1d18f46bcb3716ebcfcf4ef068934,0.0,Yorick,Jayce,Ryze,Gnar,Syndra,Lissandra,,,,,,1930,0,3,7,8,15,28,0.0,0.0,0.0,0.0,1.0,1.0,0.0,0.0,0.4663,1.3368,,,,,,,,,,,,,,,,,,,,,0.0,0.0,,,,,,,,,,0.0,0.0,22618,703.1503,0.235567,1089.6062,822.6839,9868.0,13,0.4041,4,0.1244,8,39,1.2124,10758,6545,203.4715,0.171686,10018,,,186.0,186.0,0,,,5.7824,3761.0,4358.0,72.0,3218.0,3998.0,56.0,543.0,360.0,16.0,2.0,2.0,2.0,1.0,2.0,4.0,5331.0,7692.0,114.0,5012.0,7638.0,103.0,319.0,54.0,11.0,2.0,3.0,3.0,1.0,4.0,5.0,7894.0,10025.0,141.0,6845.0,9879.0,127.0,1049.0,146.0,14.0,3.0,5.0,4.0,3.0,6.0,6.0,9079.0,12040.0,159.0,8081.0,11726.0,155.0,998.0,314.0,4.0,3.0,7.0,4.0,3.0,7.0,6.0
LOLTMNT01_423456,complete,,MSI,2026,,0,2026-07-12 08:32:42,2,16.13,2,Blue,jng,Kanavi,oe:player:41deab55354f57a94135989133f9968,Hanwha Life Esports,oe:team:3a1d18f46bcb3716ebcfcf4ef068934,0.0,Qiyana,Jayce,Ryze,Gnar,Syndra,Lissandra,,,,,,1930,0,1,10,8,15,28,0.0,0.0,0.0,0.0,0.0,0.0,0.0,0.0,0.4663,1.3368,,,,,,,,,,,,,,,,,,,,,0.0,1.0,,,,,,,,,,0.0,0.0,14573,453.0466,0.151778,880.4456,482.2694,637.0,13,0.4041,11,0.342,12,65,2.0207,12391,8178,254.2383,0.214521,12150,,,211.0,14.0,197,,,6.5596,4058.0,3901.0,73.0,4455.0,3807.0,72.0,-397.0,94.0,1.0,0.0,2.0,3.0,3.0,3.0,0.0,5985.0,5657.0,105.0,6748.0,6314.0,109.0,-763.0,-657.0,-4.0,1.0,3.0,4.0,5.0,4.0,0.0,8338.0,7672.0,132.0,8401.0,8448.0,141.0,-63.0,-776.0,-9.0,1.0,7.0,6.0,5.0,7.0,2.0,9919.0,9635.0,163.0,10430.0,11218.0,172.0,-511.0,-1583.0,-9.0,1.0,8.0,8.0,6.0,10.0,2.0
LOLTMNT01_423456,complete,,MSI,2026,,0,2026-07-12 08:32:42,2,16.13,3,Blue,mid,Zeka,oe:player:f9cd2ef9afea5cda0eb3263a025cec1,Hanwha Life Esports,oe:team:3a1d18f46bcb3716ebcfcf4ef068934,0.0,Ahri,Jayce,Ryze,Gnar,Syndra,Lissandra,,,,,,1930,0,3,1,8,15,28,0.0,0.0,0.0,0.0,0.0,0.0,0.0,0.0,0.4663,1.3368,,,,,,,,,,,,,,,,,,,,,0.0,0.0,,,,,,,,,,0.0,0.0,18229,566.7047,0.189856,671.8446,288.9016,108.0,8,0.2487,7,0.2176,3,35,1.0881,11214,7001,217.6477,0.183648,11335,,,252.0,252.0,0,,,7.8342,3901.0,4095.0,77.0,3957.0,4809.0,103.0,-56.0,-714.0,-26.0,2.0,2.0,0.0,1.0,1.0,1.0,5670.0,6822.0,134.0,5877.0,7032.0,148.0,-207.0,-210.0,-14.0,2.0,3.0,0.0,2.0,1.0,1.0,7126.0,8581.0,163.0,7261.0,9151.0,176.0,-135.0,-570.0,-13.0,2.0,6.0,0.0,2.0,5.0,1.0,8987.0,10528.0,201.0,9677.0,13112.0,220.0,-690.0,-2584.0,-19.0,3.0,7.0,1.0,5.0,6.0,1.0
LOLTMNT01_423456,complete,,MSI,2026,,0,2026-07-12 08:32:42,2,16.13,4,Blue,bot,Gumayusi,oe:player:c7319736816efe935787b4381c6f321,Hanwha Life Esports,oe:team:3a1d18f46bcb3716ebcfcf4ef068934,0.0,Ziggs,Jayce,Ryze,Gnar,Syndra,Lissandra,,,,,,1930,0,6,3,4,15,28,0.0,0.0,0.0,0.0,0.0,0.0,0.0,0.0,0.4663,1.3368,,,,,,,,,,,,,,,,,,,,,0.0,0.0,,,,,,,,,,0.0,1.0,33861,1052.6736,0.352664,421.9896,200.114,5712.0,13,0.4041,6,0.1865,5,33,1.0259,16608,12395,385.3368,0.325137,15975,,,307.0,299.0,8,,,9.544,3469.0,4478.0,93.0,3644.0,4874.0,103.0,-175.0,-396.0,-10.0,0.0,1.0,0.0,0.0,0.0,0.0,6424.0,7113.0,150.0,6084.0,7947.0,165.0,340.0,-834.0,-15.0,1.0,1.0,0.0,0.0,0.0,0.0,10822.0,9537.0,187.0,8381.0,9740.0,191.0,2441.0,-203.0,-4.0,4.0,3.0,1.0,2.0,2.0,1.0,13288.0,11666.0,235.0,10450.0,12602.0,256.0,2838.0,-936.0,-21.0,5.0,4.0,1.0,2.0,3.0,2.0
LOLTMNT01_423456,complete,,MSI,2026,,0,2026-07-12 08:32:42,2,16.13,5,Blue,sup,Delight,oe:player:051ca2e31ba25123961b3df95fdef4c,Hanwha Life Esports,oe:team:3a1d18f46bcb3716ebcfcf4ef068934,0.0,Camille,Jayce,Ryze,Gnar,Syndra,Lissandra,,,,,,1930,0,2,7,5,15,28,0.0,0.0,0.0,0.0,0.0,0.0,0.0,0.0,0.4663,1.3368,,,,,,,,,,,,,,,,,,,,,0.0,0.0,,,,,,,,,,0.0,0.0,6734,209.3472,0.0701349,674.5181,476.0829,926.0,68,2.114,22,0.6839,28,153,4.7565,8216,4003,124.4456,0.105007,7390,,,42.0,42.0,0,,,1.3057,2534.0,1634.0,7.0,3016.0,1842.0,14.0,-482.0,-208.0,-7.0,1.0,1.0,1.0,1.0,4.0,0.0,3746.0,2767.0,20.0,4252.0,2772.0,20.0,-506.0,-5.0,0.0,1.0,2.0,2.0,1.0,6.0,1.0,5512.0,4768.0,24.0,5573.0,3901.0,24.0,-61.0,867.0,0.0,2.0,5.0,3.0,2.0,8.0,2.0,6658.0,6119.0,33.0,6734.0,5341.0,26.0,-76.0,778.0,7.0,2.0,5.0,4.0,2.0,11.0,3.0
LOLTMNT01_423456,complete,,MSI,2026,,0,2026-07-12 08:32:42,2,16.13,6,Red,top,Bin,oe:player:fb66ef5885b4be9323905b821dc3a42,Bilibili Gaming,oe:team:d356a144644879dabb5f34cd99c886d,1.0,Rumble,Poppy,Vayne,Vi,Annie,Akali,,,,,,1930,1,4,6,10,28,15,0.0,0.0,0.0,0.0,0.0,0.0,0.0,1.0,0.8705,1.3368,,,,,,,,,,,,,,,,,,,,,0.0,0.0,,,,,,,,,,0.0,0.0,25398,789.5751,0.252252,700.8187,626.3627,1716.0,18,0.5596,2,0.0622,4,40,1.2435,11261,7048,219.1088,0.15944,9700,,,209.0,200.0,9,,,6.4974,3218.0,3998.0,56.0,3761.0,4358.0,72.0,-543.0,-360.0,-16.0,1.0,2.0,4.0,2.0,2.0,2.0,5012.0,7638.0,103.0,5331.0,7692.0,114.0,-319.0,-54.0,-11.0,1.0,4.0,5.0,2.0,3.0,3.0,6845.0,9879.0,127.0,7894.0,10025.0,141.0,-1049.0,-146.0,-14.0,3.0,6.0,6.0,3.0,5.0,4.0,8081.0,11726.0,155.0,9079.0,12040.0,159.0,-998.0,-314.0,-4.0,3.0,7.0,6.0,3.0,7.0,4.0
LOLTMNT01_423456,complete,,MSI,2026,,0,2026-07-12 08:32:42,2,16.13,7,Red,jng,Xun,oe:player:fbdc4428b2d095c83aebeed5da4e4b2,Bilibili Gaming,oe:team:d356a144644879dabb5f34cd99c886d,1.0,Jarvan IV,Poppy,Vayne,Vi,Annie,Akali,,,,,,1930,1,7,2,18,28,15,0.0,0.0,0.0,0.0,0.0,0.0,0.0,0.0,0.8705,1.3368,,,,,,,,,,,,,,,,,,,,,1.0,0.0,,,,,,,,,,0.0,0.0,19011,591.0155,0.188817,970.0415,1312.1969,2750.0,9,0.2798,9,0.2798,9,51,1.5855,14014,9801,304.6943,0.221717,11825,,,202.0,26.0,176,,,6.2798,4455.0,3807.0,72.0,4058.0,3901.0,73.0,397.0,-94.0,-1.0,3.0,3.0,0.0,0.0,2.0,3.0,6748.0,6314.0,109.0,5985.0,5657.0,105.0,763.0,657.0,4.0,5.0,4.0,0.0,1.0,3.0,4.0,8401.0,8448.0,141.0,8338.0,7672.0,132.0,63.0,776.0,9.0,5.0,7.0,2.0,1.0,7.0,6.0,10430.0,11218.0,172.0,9919.0,9635.0,163.0,511.0,1583.0,9.0,6.0,10.0,2.0,1.0,8.0,8.0
LOLTMNT01_423456,complete,,MSI,2026,,0,2026-07-12 08:32:42,2,16.13,8,Red,mid,Knight,oe:player:ed29043422e3c515e1cb292464b990b,Bilibili Gaming,oe:team:d356a144644879dabb5f34cd99c886d,1.0,Cassiopeia,Poppy,Vayne,Vi,Annie,Akali,,,,,,1930,1,7,1,9,28,15,1.0,0.0,0.0,0.0,0.0,0.0,0.0,0.0,0.8705,1.3368,,,,,,,,,,,,,,,,,,,,,0.0,0.0,,,,,,,,,,0.0,0.0,24168,751.3368,0.240036,875.4404,710.829,3681.0,7,0.2176,9,0.2798,4,45,1.399,14428,10215,317.5648,0.231082,12500,,,282.0,267.0,15,,,8.7668,3957.0,4809.0,103.0,3901.0,4095.0,77.0,56.0,714.0,26.0,1.0,1.0,1.0,2.0,2.0,0.0,5877.0,7032.0,148.0,5670.0,6822.0,134.0,207.0,210.0,14.0,2.0,1.0,1.0,2.0,3.0,0.0,7261.0,9151.0,176.0,7126.0,8581.0,163.0,135.0,570.0,13.0,2.0,5.0,1.0,2.0,6.0,0.0,9677.0,13112.0,220.0,8987.0,10528.0,201.0,690.0,2584.0,19.0,5.0,6.0,1.0,3.0,7.0,1.0
LOLTMNT01_423456,complete,,MSI,2026,,0,2026-07-12 08:32:42,2,16.13,9,Red,bot,Viper,oe:player:9573154ad8bc9459b4c0d940315054f,Bilibili Gaming,oe:team:d356a144644879dabb5f34cd99c886d,1.0,Lucian,Poppy,Vayne,Vi,Annie,Akali,,,,,,1930,1,7,2,6,28,15,3.0,0.0,0.0,0.0,0.0,0.0,0.0,0.0,0.8705,1.3368,,,,,,,,,,,,,,,,,,,,,0.0,0.0,,,,,,,,,,1.0,0.0,24208,752.5803,0.240433,619.8964,283.6788,10087.0,24,0.7461,8,0.2487,13,48,1.4922,16114,11901,369.9793,0.269221,13725,,,328.0,316.0,12,,,10.1969,3644.0,4874.0,103.0,3469.0,4478.0,93.0,175.0,396.0,10.0,0.0,0.0,0.0,0.0,1.0,0.0,6084.0,7947.0,165.0,6424.0,7113.0,150.0,-340.0,834.0,15.0,0.0,0.0,0.0,1.0,1.0,0.0,8381.0,9740.0,191.0,10822.0,9537.0,187.0,-2441.0,203.0,4.0,2.0,2.0,1.0,4.0,3.0,1.0,10450.0,12602.0,256.0,13288.0,11666.0,235.0,-2838.0,936.0,21.0,2.0,3.0,2.0,5.0,4.0,1.0
LOLTMNT01_423456,complete,,MSI,2026,,0,2026-07-12 08:32:42,2,16.13,10,Red,sup,ON,oe:player:90651ebea9a35ec4e018c8157492e17,Bilibili Gaming,oe:team:d356a144644879dabb5f34cd99c886d,1.0,Shen,Poppy,Vayne,Vi,Annie,Akali,,,,,,1930,1,3,4,15,28,15,0.0,0.0,0.0,0.0,0.0,0.0,0.0,0.0,0.8705,1.3368,,,,,,,,,,,,,,,,,,,,,0.0,0.0,,,,,,,,,,0.0,0.0,7900,245.5959,0.0784625,789.3886,704.8912,388.0,83,2.5803,19,0.5907,40,167,5.1917,9453,5240,162.9016,0.11854,9355,,,31.0,29.0,2,,,0.9637,3016.0,1842.0,14.0,2534.0,1634.0,7.0,482.0,208.0,7.0,1.0,4.0,0.0,1.0,1.0,1.0,4252.0,2772.0,20.0,3746.0,2767.0,20.0,506.0,5.0,0.0,1.0,6.0,1.0,1.0,2.0,2.0,5573.0,3901.0,24.0,5512.0,4768.0,24.0,61.0,-867.0,0.0,2.0,8.0,2.0,2.0,5.0,3.0,6734.0,5341.0,26.0,6658.0,6119.0,33.0,76.0,-778.0,-7.0,2.0,11.0,3.0,2.0,5.0,4.0
LOLTMNT01_423456,complete,,MSI,2026,,0,2026-07-12 08:32:42,2,16.13,100,Blue,team,,,Hanwha Life Esports,oe:team:3a1d18f46bcb3716ebcfcf4ef068934,0.0,,Jayce,Ryze,Gnar,Syndra,Lissandra,Camille,Ziggs,Qiyana,Ahri,Yorick,1930,0,15,28,33,15,28,0.0,0.0,0.0,0.0,1.0,,,,0.4663,1.3368,0.0,0.0,5.0,0.0,4.0,0.0,0.0,0.0,0.0,0.0,0.0,,0.0,1.0,1.0,1.0,0.0,1.0,2.0,0.0,0.0,1.0,0.0,0.0,1.0,3.0,6.0,1.0,1.0,21.0,26.0,0.0,1.0,96015,2984.9223,,3738.4041,2270.0518,17251.0,115,3.5751,50,1.5544,56,325,10.1036,59187,38123,1185.171,,56868,-0.00415888,0.19,,793.0,205,,,31.0259,17723.0,18466.0,322.0,18290.0,19330.0,348.0,-567.0,-864.0,-26.0,5.0,8.0,6.0,6.0,10.0,5.0,27156.0,30051.0,523.0,27973.0,31703.0,545.0,-817.0,-1652.0,-22.0,7.0,12.0,9.0,9.0,15.0,7.0,39692.0,40583.0,647.0,36461.0,41119.0,659.0,3231.0,-536.0,-12.0,12.0,26.0,14.0,14.0,28.0,12.0,47931.0,49988.0,791.0,45372.0,53999.0,829.0,2559.0,-4011.0,-38.0,14.0,31.0,18.0,18.0,37.0,14.0
LOLTMNT01_423456,complete,,MSI,2026,,0,2026-07-12 08:32:42,2,16.13,200,Red,team,,,Bilibili Gaming,oe:team:d356a144644879dabb5f34cd99c886d,1.0,,Poppy,Vayne,Vi,Annie,Akali,Jarvan IV,Cassiopeia,Shen,Rumble,Lucian,1930,1,28,15,58,28,15,4.0,0.0,0.0,0.0,0.0,,,,0.8705,1.3368,1.0,5.0,0.0,4.0,0.0,0.0,1.0,0.0,2.0,0.0,1.0,,1.0,0.0,0.0,0.0,1.0,2.0,1.0,1.0,1.0,0.0,0.0,0.0,0.0,6.0,3.0,0.0,0.0,26.0,21.0,1.0,0.0,100685,3130.1036,,3955.5855,3637.9585,18622.0,141,4.3834,47,1.4611,70,351,10.9119,65270,44206,1374.2798,,57105,0.00415888,-0.19,,838.0,214,,,32.7047,18290.0,19330.0,348.0,17723.0,18466.0,322.0,567.0,864.0,26.0,6.0,10.0,5.0,5.0,8.0,6.0,27973.0,31703.0,545.0,27156.0,30051.0,523.0,817.0,1652.0,22.0,9.0,15.0,7.0,7.0,12.0,9.0,36461.0,41119.0,659.0,39692.0,40583.0,647.0,-3231.0,536.0,12.0,14.0,28.0,12.0,12.0,26.0,14.0,45372.0,53999.0,829.0,47931.0,49988.0,791.0,-2559.0,4011.0,38.0,18.0,37.0,14.0,14.0,31.0,18.0
LOLTMNT01_424505,complete,,MSI,2026,,0,2026-07-12 09:24:39,3,16.13,1,Blue,top,Bin,oe:player:fb66ef5885b4be9323905b821dc3a42,Bilibili Gaming,oe:team:d356a144644879dabb5f34cd99c886d,0.0,Jax,Gnar,Jayce,Vi,Anivia,Trundle,,,,,,1939,1,8,0,3,20,7,1.0,0.0,0.0,0.0,0.0,0.0,0.0,0.0,0.6189,0.8355,,,,,,,,,,,,,,,,,,,,,0.0,0.0,,,,,,,,,,0.0,0.0,18214,563.6101,0.201371,637.0397,576.885,16158.0,18,0.557,10,0.3094,4,51,1.5781,15077,10846,335.6163,0.23757,11833,,,277.0,269.0,8,,,8.5714,4000.0,4802.0,85.0,3121.0,4725.0,82.0,879.0,77.0,3.0,2.0,0.0,0.0,0.0,0.0,2.0,6168.0,8820.0,151.0,4721.0,8096.0,130.0,1447.0,724.0,21.0,2.0,0.0,0.0,0.0,0.0,2.0,8716.0,11840.0,199.0,6643.0,10826.0,171.0,2073.0,1014.0,28.0,4.0,1.0,0.0,1.0,1.0,3.0,10484.0,14100.0,226.0,7960.0,12965.0,200.0,2524.0,1135.0,26.0,5.0,1.0,0.0,1.0,1.0,4.0
LOLTMNT01_424505,complete,,MSI,2026,,0,2026-07-12 09:24:39,3,16.13,2,Blue,jng,Xun,oe:player:fbdc4428b2d095c83aebeed5da4e4b2,Bilibili Gaming,oe:team:d356a144644879dabb5f34cd99c886d,0.0,Nocturne,Gnar,Jayce,Vi,Anivia,Trundle,,,,,,1939,1,3,1,10,20,7,0.0,0.0,0.0,0.0,1.0,1.0,0.0,0.0,0.6189,0.8355,,,,,,,,,,,,,,,,,,,,,1.0,0.0,,,,,,,,,,1.0,0.0,16503,510.6653,0.182454,896.3177,830.9025,4045.0,14,0.4332,17,0.526,10,60,1.8566,13671,9440,292.1093,0.206773,11950,,,248.0,20.0,228,,,7.6741,4467.0,4725.0,87.0,3074.0,3055.0,55.0,1393.0,1670.0,32.0,1.0,3.0,0.0,0.0,1.0,3.0,6000.0,7022.0,126.0,4755.0,5626.0,92.0,1245.0,1396.0,34.0,1.0,3.0,0.0,0.0,2.0,3.0,7812.0,9078.0,161.0,6502.0,8163.0,128.0,1310.0,915.0,33.0,1.0,5.0,1.0,0.0,4.0,4.0,10313.0,12464.0,212.0,7964.0,9859.0,155.0,2349.0,2605.0,57.0,1.0,8.0,1.0,0.0,4.0,5.0
LOLTMNT01_424505,complete,,MSI,2026,,0,2026-07-12 09:24:39,3,16.13,3,Blue,mid,Knight,oe:player:ed29043422e3c515e1cb292464b990b,Bilibili Gaming,oe:team:d356a144644879dabb5f34cd99c886d,0.0,Annie,Gnar,Jayce,Vi,Anivia,Trundle,,,,,,1939,1,3,0,8,20,7,0.0,0.0,0.0,0.0,0.0,0.0,0.0,0.0,0.6189,0.8355,,,,,,,,,,,,,,,,,,,,,0.0,0.0,,,,,,,,,,0.0,0.0,16178,500.6086,0.178861,276.2042,263.5792,12048.0,11,0.3404,7,0.2166,7,44,1.3615,13434,9203,284.7757,0.201581,11125,,,288.0,280.0,8,,,8.9118,3618.0,5203.0,100.0,3645.0,4893.0,98.0,-27.0,310.0,2.0,0.0,0.0,0.0,0.0,0.0,0.0,5225.0,7660.0,152.0,5179.0,7828.0,149.0,46.0,-168.0,3.0,0.0,0.0,0.0,0.0,0.0,0.0,7523.0,10721.0,202.0,7076.0,10449.0,202.0,447.0,272.0,0.0,1.0,2.0,0.0,0.0,3.0,0.0,9440.0,12908.0,230.0,8528.0,12232.0,240.0,912.0,676.0,-10.0,2.0,3.0,0.0,0.0,3.0,1.0
LOLTMNT01_424505,complete,,MSI,2026,,0,2026-07-12 09:24:39,3,16.13,4,Blue,bot,Viper,oe:player:9573154ad8bc9459b4c0d940315054f,Bilibili Gaming,oe:team:d356a144644879dabb5f34cd99c886d,0.0,Varus,Gnar,Jayce,Vi,Anivia,Trundle,,,,,,1939,1,4,3,10,20,7,0.0,0.0,0.0,0.0,0.0,0.0,0.0,0.0,0.6189,0.8355,,,,,,,,,,,,,,,,,,,,,0.0,0.0,,,,,,,,,,1.0,0.0,34953,1081.5781,0.386434,439.4327,217.8752,3695.0,19,0.5879,15,0.4642,9,55,1.7019,15407,11176,345.8277,0.244799,12275,,,298.0,296.0,2,,,9.2212,3787.0,3918.0,78.0,4236.0,3707.0,96.0,-449.0,211.0,-18.0,2.0,1.0,1.0,2.0,0.0,1.0,6087.0,6619.0,136.0,7597.0,6839.0,166.0,-1510.0,-220.0,-30.0,2.0,1.0,1.0,3.0,0.0,1.0,8342.0,9168.0,185.0,10373.0,9620.0,230.0,-2031.0,-452.0,-45.0,2.0,3.0,2.0,5.0,0.0,1.0,10847.0,11808.0,244.0,12525.0,11552.0,289.0,-1678.0,256.0,-45.0,3.0,4.0,2.0,5.0,0.0,1.0
LOLTMNT01_424505,complete,,MSI,2026,,0,2026-07-12 09:24:39,3,16.13,5,Blue,sup,ON,oe:player:90651ebea9a35ec4e018c8157492e17,Bilibili Gaming,oe:team:d356a144644879dabb5f34cd99c886d,0.0,Alistar,Gnar,Jayce,Vi,Anivia,Trundle,,,,,,1939,1,2,3,12,20,7,0.0,0.0,0.0,0.0,1.0,0.0,1.0,0.0,0.6189,0.8355,,,,,,,,,,,,,,,,,,,,,0.0,0.0,,,,,,,,,,0.0,0.0,4602,142.4033,0.0508789,688.9634,1143.0944,475.0,86,2.6612,11,0.3404,38,136,4.2084,9220,4989,154.3785,0.109277,7075,,,21.0,21.0,0,,,0.6498,2584.0,1901.0,6.0,2719.0,2643.0,14.0,-135.0,-742.0,-8.0,1.0,1.0,1.0,0.0,2.0,0.0,3755.0,2662.0,11.0,4031.0,3057.0,21.0,-276.0,-395.0,-10.0,1.0,1.0,2.0,0.0,3.0,0.0,5040.0,4028.0,14.0,5328.0,4331.0,26.0,-288.0,-303.0,-12.0,1.0,4.0,3.0,0.0,6.0,1.0,6170.0,6116.0,16.0,6516.0,6104.0,31.0,-346.0,12.0,-15.0,1.0,6.0,3.0,0.0,6.0,1.0
LOLTMNT01_424505,complete,,MSI,2026,,0,2026-07-12 09:24:39,3,16.13,6,Red,top,Zeus,oe:player:98dd15c330fb5abb4508347265a7f76,Hanwha Life Esports,oe:team:3a1d18f46bcb3716ebcfcf4ef068934,1.0,Olaf,Vayne,Syndra,Pantheon,Seraphine,Lulu,,,,,,1939,0,2,6,1,7,20,0.0,0.0,0.0,0.0,0.0,0.0,0.0,0.0,0.2166,0.8355,,,,,,,,,,,,,,,,,,,,,0.0,0.0,,,,,,,,,,0.0,0.0,12936,400.2888,0.193963,726.9933,852.7179,0.0,13,0.4023,4,0.1238,3,43,1.3306,10377,6146,190.1805,0.182579,10400,,,238.0,238.0,0,,,7.3646,3121.0,4725.0,82.0,4000.0,4802.0,85.0,-879.0,-77.0,-3.0,0.0,0.0,2.0,2.0,0.0,0.0,4721.0,8096.0,130.0,6168.0,8820.0,151.0,-1447.0,-724.0,-21.0,0.0,0.0,2.0,2.0,0.0,0.0,6643.0,10826.0,171.0,8716.0,11840.0,199.0,-2073.0,-1014.0,-28.0,1.0,1.0,3.0,4.0,1.0,0.0,7960.0,12965.0,200.0,10484.0,14100.0,226.0,-2524.0,-1135.0,-26.0,1.0,1.0,4.0,5.0,1.0,0.0
LOLTMNT01_424505,complete,,MSI,2026,,0,2026-07-12 09:24:39,3,16.13,7,Red,jng,Kanavi,oe:player:41deab55354f57a94135989133f9968,Hanwha Life Esports,oe:team:3a1d18f46bcb3716ebcfcf4ef068934,1.0,Xin Zhao,Vayne,Syndra,Pantheon,Seraphine,Lulu,,,,,,1939,0,0,7,4,7,20,0.0,0.0,0.0,0.0,0.0,0.0,0.0,1.0,0.2166,0.8355,,,,,,,,,,,,,,,,,,,,,0.0,1.0,,,,,,,,,,0.0,1.0,11492,355.606,0.172312,1059.082,593.0376,192.0,14,0.4332,13,0.4023,13,59,1.8257,9810,5579,172.6354,0.165735,9625,,,186.0,15.0,171,,,5.7555,3074.0,3055.0,55.0,4467.0,4725.0,87.0,-1393.0,-1670.0,-32.0,0.0,1.0,3.0,1.0,3.0,0.0,4755.0,5626.0,92.0,6000.0,7022.0,126.0,-1245.0,-1396.0,-34.0,0.0,2.0,3.0,1.0,3.0,0.0,6502.0,8163.0,128.0,7812.0,9078.0,161.0,-1310.0,-915.0,-33.0,0.0,4.0,4.0,1.0,5.0,1.0,7964.0,9859.0,155.0,10313.0,12464.0,212.0,-2349.0,-2605.0,-57.0,0.0,4.0,5.0,1.0,8.0,1.0
LOLTMNT01_424505,complete,,MSI,2026,,0,2026-07-12 09:24:39,3,16.13,8,Red,mid,Zeka,oe:player:f9cd2ef9afea5cda0eb3263a025cec1,Hanwha Life Esports,oe:team:3a1d18f46bcb3716ebcfcf4ef068934,1.0,Ryze,Vayne,Syndra,Pantheon,Seraphine,Lulu,,,,,,1939,0,0,2,4,7,20,0.0,0.0,0.0,0.0,0.0,0.0,0.0,0.0,0.2166,0.8355,,,,,,,,,,,,,,,,,,,,,0.0,0.0,,,,,,,,,,0.0,0.0,15184,469.8504,0.22767,603.2491,494.6674,1240.0,17,0.526,8,0.2476,8,54,1.671,10818,6587,203.8267,0.19568,10800,,,291.0,276.0,15,,,9.0046,3645.0,4893.0,98.0,3618.0,5203.0,100.0,27.0,-310.0,-2.0,0.0,0.0,0.0,0.0,0.0,0.0,5179.0,7828.0,149.0,5225.0,7660.0,152.0,-46.0,168.0,-3.0,0.0,0.0,0.0,0.0,0.0,0.0,7076.0,10449.0,202.0,7523.0,10721.0,202.0,-447.0,-272.0,0.0,0.0,3.0,0.0,1.0,2.0,0.0,8528.0,12232.0,240.0,9440.0,12908.0,230.0,-912.0,-676.0,10.0,0.0,3.0,1.0,2.0,3.0,0.0
LOLTMNT01_424505,complete,,MSI,2026,,0,2026-07-12 09:24:39,3,16.13,9,Red,bot,Gumayusi,oe:player:c7319736816efe935787b4381c6f321,Hanwha Life Esports,oe:team:3a1d18f46bcb3716ebcfcf4ef068934,1.0,Xayah,Vayne,Syndra,Pantheon,Seraphine,Lulu,,,,,,1939,0,5,2,1,7,20,0.0,0.0,0.0,0.0,0.0,0.0,0.0,0.0,0.2166,0.8355,,,,,,,,,,,,,,,,,,,,,0.0,0.0,,,,,,,,,,0.0,1.0,23053,713.3471,0.345658,657.8339,275.771,10548.0,18,0.557,13,0.4023,8,52,1.6091,15590,11359,351.4905,0.337446,14450,,,368.0,358.0,10,,,11.3873,4236.0,3707.0,96.0,3787.0,3918.0,78.0,449.0,-211.0,18.0,2.0,0.0,1.0,2.0,1.0,1.0,7597.0,6839.0,166.0,6087.0,6619.0,136.0,1510.0,220.0,30.0,3.0,0.0,1.0,2.0,1.0,1.0,10373.0,9620.0,230.0,8342.0,9168.0,185.0,2031.0,452.0,45.0,5.0,0.0,1.0,2.0,3.0,2.0,12525.0,11552.0,289.0,10847.0,11808.0,244.0,1678.0,-256.0,45.0,5.0,0.0,1.0,3.0,4.0,2.0
LOLTMNT01_424505,complete,,MSI,2026,,0,2026-07-12 09:24:39,3,16.13,10,Red,sup,Delight,oe:player:051ca2e31ba25123961b3df95fdef4c,Hanwha Life Esports,oe:team:3a1d18f46bcb3716ebcfcf4ef068934,1.0,Rakan,Vayne,Syndra,Pantheon,Seraphine,Lulu,,,,,,1939,0,0,3,7,7,20,0.0,0.0,0.0,0.0,0.0,0.0,0.0,0.0,0.2166,0.8355,,,,,,,,,,,,,,,,,,,,,0.0,0.0,,,,,,,,,,0.0,0.0,4028,124.6416,0.0603961,548.7571,543.2491,107.0,77,2.3827,26,0.8045,36,174,5.3842,8222,3991,123.4966,0.118559,7235,,,38.0,38.0,0,,,1.1759,2719.0,2643.0,14.0,2584.0,1901.0,6.0,135.0,742.0,8.0,0.0,2.0,0.0,1.0,1.0,1.0,4031.0,3057.0,21.0,3755.0,2662.0,11.0,276.0,395.0,10.0,0.0,3.0,0.0,1.0,1.0,2.0,5328.0,4331.0,26.0,5040.0,4028.0,14.0,288.0,303.0,12.0,0.0,6.0,1.0,1.0,4.0,3.0,6516.0,6104.0,31.0,6170.0,6116.0,16.0,346.0,-12.0,15.0,0.0,6.0,1.0,1.0,6.0,3.0
LOLTMNT01_424505,complete,,MSI,2026,,0,2026-07-12 09:24:39,3,16.13,100,Blue,team,,,Bilibili Gaming,oe:team:d356a144644879dabb5f34cd99c886d,0.0,,Gnar,Jayce,Vi,Anivia,Trundle,Varus,Nocturne,Annie,Alistar,Jax,1939,1,20,7,43,20,7,1.0,0.0,0.0,0.0,1.0,,,,0.6189,0.8355,1.0,4.0,1.0,4.0,1.0,0.0,0.0,0.0,3.0,0.0,1.0,,0.0,0.0,1.0,1.0,0.0,3.0,0.0,1.0,1.0,0.0,0.0,0.0,0.0,10.0,2.0,0.0,1.0,44.0,12.0,2.0,0.0,90450,2798.8654,,2937.9577,3032.3363,36421.0,148,4.5797,60,1.8566,68,346,10.7065,66809,45653,1412.6766,,54258,0.0327439,1.99,,886.0,246,,,35.0284,18456.0,20549.0,356.0,16795.0,19023.0,345.0,1661.0,1526.0,11.0,6.0,5.0,2.0,2.0,3.0,6.0,27235.0,32783.0,576.0,26283.0,31446.0,558.0,952.0,1337.0,18.0,6.0,5.0,3.0,3.0,5.0,6.0,37433.0,44835.0,761.0,35922.0,43389.0,757.0,1511.0,1446.0,4.0,9.0,15.0,6.0,6.0,14.0,9.0,47254.0,57396.0,928.0,43493.0,52712.0,915.0,3761.0,4684.0,13.0,12.0,22.0,6.0,6.0,14.0,12.0
LOLTMNT01_424505,complete,,MSI,2026,,0,2026-07-12 09:24:39,3,16.13,200,Red,team,,,Hanwha Life Esports,oe:team:3a1d18f46bcb3716ebcfcf4ef068934,1.0,,Vayne,Syndra,Pantheon,Seraphine,Lulu,Ryze,Xayah,Rakan,Xin Zhao,Olaf,1939,0,7,20,17,7,20,0.0,0.0,0.0,0.0,0.0,,,,0.2166,0.8355,0.0,1.0,4.0,1.0,4.0,1.0,0.0,0.0,0.0,0.0,0.0,,0.0,0.0,0.0,0.0,1.0,0.0,3.0,0.0,0.0,1.0,0.0,0.0,1.0,2.0,10.0,1.0,0.0,12.0,44.0,0.0,2.0,66693,2063.7339,,3595.9154,2759.443,12087.0,139,4.3012,64,1.9804,68,382,11.8205,54817,33661,1041.5988,,52510,-0.0327439,-1.99,,925.0,196,,,34.688,16795.0,19023.0,345.0,18456.0,20549.0,356.0,-1661.0,-1526.0,-11.0,2.0,3.0,6.0,6.0,5.0,2.0,26283.0,31446.0,558.0,27235.0,32783.0,576.0,-952.0,-1337.0,-18.0,3.0,5.0,6.0,6.0,5.0,3.0,35922.0,43389.0,757.0,37433.0,44835.0,761.0,-1511.0,-1446.0,-4.0,6.0,14.0,9.0,9.0,15.0,6.0,43493.0,52712.0,915.0,47254.0,57396.0,928.0,-3761.0,-4684.0,-13.0,6.0,14.0,12.0,12.0,22.0,6.0
LOLTMNT01_424511,complete,,MSI,2026,,0,2026-07-12 10:17:44,4,16.13,1,Blue,top,Bin,oe:player:fb66ef5885b4be9323905b821dc3a42,Bilibili Gaming,oe:team:d356a144644879dabb5f34cd99c886d,0.0,K'Sante,Gnar,Jayce,Vi,Aurora,Anivia,,,,,,1868,0,1,4,2,13,28,0.0,0.0,0.0,0.0,0.0,0.0,0.0,0.0,0.4176,1.3169,,,,,,,,,,,,,,,,,,,,,0.0,0.0,,,,,,,,,,0.0,0.0,9991,320.9101,0.125555,753.1156,1698.469,5441.0,13,0.4176,3,0.0964,4,36,1.1563,10265,6179,198.469,0.171499,10200,,,242.0,242.0,0,,,7.773,3190.0,4312.0,76.0,4033.0,4452.0,80.0,-843.0,-140.0,-4.0,0.0,0.0,2.0,2.0,1.0,1.0,5067.0,8003.0,132.0,5629.0,8032.0,127.0,-562.0,-29.0,5.0,0.0,0.0,2.0,2.0,1.0,1.0,7459.0,11268.0,189.0,8236.0,12413.0,181.0,-777.0,-1145.0,8.0,1.0,0.0,2.0,4.0,3.0,1.0,8757.0,13064.0,216.0,11464.0,16309.0,202.0,-2707.0,-3245.0,14.0,1.0,0.0,3.0,7.0,6.0,2.0
LOLTMNT01_424511,complete,,MSI,2026,,0,2026-07-12 10:17:44,4,16.13,2,Blue,jng,Xun,oe:player:fbdc4428b2d095c83aebeed5da4e4b2,Bilibili Gaming,oe:team:d356a144644879dabb5f34cd99c886d,0.0,Kindred,Gnar,Jayce,Vi,Aurora,Anivia,,,,,,1868,0,3,6,6,13,28,0.0,0.0,0.0,0.0,0.0,0.0,0.0,0.0,0.4176,1.3169,,,,,,,,,,,,,,,,,,,,,0.0,1.0,,,,,,,,,,0.0,0.0,16635,534.3148,0.209048,841.9914,506.5632,0.0,9,0.2891,15,0.4818,7,47,1.5096,11945,7859,252.4304,0.218131,11658,,,213.0,30.0,183,,,6.8415,3704.0,4093.0,74.0,4208.0,3838.0,72.0,-504.0,255.0,2.0,1.0,1.0,1.0,1.0,4.0,1.0,6153.0,6929.0,120.0,6383.0,5657.0,100.0,-230.0,1272.0,20.0,2.0,1.0,2.0,4.0,7.0,2.0,7912.0,9271.0,159.0,8790.0,7943.0,132.0,-878.0,1328.0,27.0,2.0,1.0,3.0,5.0,10.0,2.0,10112.0,11641.0,179.0,10419.0,10843.0,156.0,-307.0,798.0,23.0,3.0,5.0,5.0,5.0,12.0,3.0
LOLTMNT01_424511,complete,,MSI,2026,,0,2026-07-12 10:17:44,4,16.13,3,Blue,mid,Knight,oe:player:ed29043422e3c515e1cb292464b990b,Bilibili Gaming,oe:team:d356a144644879dabb5f34cd99c886d,0.0,Taliyah,Gnar,Jayce,Vi,Aurora,Anivia,,,,,,1868,0,2,4,7,13,28,0.0,0.0,0.0,0.0,0.0,0.0,0.0,0.0,0.4176,1.3169,,,,,,,,,,,,,,,,,,,,,0.0,0.0,,,,,,,,,,0.0,1.0,21282,683.576,0.267446,469.2719,209.9036,3639.0,8,0.257,10,0.3212,7,37,1.1884,11183,7097,227.955,0.19698,10750,,,270.0,262.0,8,,,8.6724,3782.0,5519.0,107.0,4200.0,5304.0,91.0,-418.0,215.0,16.0,0.0,1.0,0.0,1.0,0.0,0.0,5836.0,7929.0,154.0,6406.0,8086.0,137.0,-570.0,-157.0,17.0,1.0,1.0,0.0,1.0,5.0,0.0,7260.0,9674.0,186.0,9702.0,10751.0,185.0,-2442.0,-1077.0,1.0,1.0,2.0,1.0,3.0,7.0,0.0,9116.0,12343.0,220.0,13308.0,15775.0,227.0,-4192.0,-3432.0,-7.0,2.0,5.0,3.0,5.0,11.0,1.0
LOLTMNT01_424511,complete,,MSI,2026,,0,2026-07-12 10:17:44,4,16.13,4,Blue,bot,Viper,oe:player:9573154ad8bc9459b4c0d940315054f,Bilibili Gaming,oe:team:d356a144644879dabb5f34cd99c886d,0.0,Mel,Gnar,Jayce,Vi,Aurora,Anivia,,,,,,1868,0,6,5,6,13,28,1.0,0.0,0.0,0.0,0.0,0.0,0.0,1.0,0.4176,1.3169,,,,,,,,,,,,,,,,,,,,,0.0,0.0,,,,,,,,,,0.0,0.0,20099,645.5782,0.252579,525.8994,321.3919,1531.0,19,0.6103,10,0.3212,9,40,1.2848,15292,11206,359.9358,0.311032,14275,,,282.0,274.0,8,,,9.0578,4190.0,3828.0,91.0,4117.0,3774.0,95.0,73.0,54.0,-4.0,1.0,1.0,1.0,1.0,1.0,0.0,6319.0,6274.0,141.0,6996.0,5885.0,143.0,-677.0,389.0,-2.0,1.0,3.0,2.0,3.0,3.0,1.0,8233.0,8940.0,195.0,8841.0,8043.0,187.0,-608.0,897.0,8.0,1.0,4.0,3.0,3.0,5.0,2.0,11836.0,11382.0,228.0,11356.0,10674.0,218.0,480.0,708.0,10.0,4.0,6.0,4.0,4.0,9.0,3.0
LOLTMNT01_424511,complete,,MSI,2026,,0,2026-07-12 10:17:44,4,16.13,5,Blue,sup,ON,oe:player:90651ebea9a35ec4e018c8157492e17,Bilibili Gaming,oe:team:d356a144644879dabb5f34cd99c886d,0.0,Skarner,Gnar,Jayce,Vi,Aurora,Anivia,,,,,,1868,0,1,9,8,13,28,0.0,0.0,0.0,0.0,0.0,0.0,0.0,0.0,0.4176,1.3169,,,,,,,,,,,,,,,,,,,,,0.0,0.0,,,,,,,,,,0.0,0.0,11568,371.5632,0.145372,776.9807,929.0685,402.0,72,2.3126,13,0.4176,22,124,3.9829,7774,3688,118.4582,0.102358,7890,,,37.0,37.0,0,,,1.1884,2676.0,2236.0,11.0,2664.0,2635.0,17.0,12.0,-399.0,-6.0,1.0,2.0,1.0,0.0,3.0,1.0,4053.0,2683.0,17.0,4201.0,3973.0,23.0,-148.0,-1290.0,-6.0,1.0,4.0,5.0,1.0,6.0,1.0,5193.0,3323.0,20.0,5799.0,5723.0,29.0,-606.0,-2400.0,-9.0,1.0,5.0,7.0,1.0,10.0,1.0,6399.0,5179.0,30.0,7520.0,8537.0,36.0,-1121.0,-3358.0,-6.0,1.0,6.0,8.0,2.0,14.0,2.0
LOLTMNT01_424511,complete,,MSI,2026,,0,2026-07-12 10:17:44,4,16.13,6,Red,top,Zeus,oe:player:98dd15c330fb5abb4508347265a7f76,Hanwha Life Esports,oe:team:3a1d18f46bcb3716ebcfcf4ef068934,1.0,Swain,Vayne,Syndra,Pantheon,Pyke,Sylas,,,,,,1868,1,8,3,9,28,13,1.0,1.0,0.0,0.0,0.0,0.0,0.0,0.0,0.8994,1.3169,,,,,,,,,,,,,,,,,,,,,0.0,0.0,,,,,,,,,,0.0,0.0,27838,894.1542,0.330975,1063.5225,813.7259,7026.0,14,0.4497,5,0.1606,2,34,1.0921,13828,9742,312.9122,0.205458,13100,,,232.0,228.0,4,,,7.4518,4033.0,4452.0,80.0,3190.0,4312.0,76.0,843.0,140.0,4.0,2.0,1.0,1.0,0.0,0.0,2.0,5629.0,8032.0,127.0,5067.0,8003.0,132.0,562.0,29.0,-5.0,2.0,1.0,1.0,0.0,0.0,2.0,8236.0,12413.0,181.0,7459.0,11268.0,189.0,777.0,1145.0,-8.0,4.0,3.0,1.0,1.0,0.0,2.0,11464.0,16309.0,202.0,8757.0,13064.0,216.0,2707.0,3245.0,-14.0,7.0,6.0,2.0,1.0,0.0,3.0
LOLTMNT01_424511,complete,,MSI,2026,,0,2026-07-12 10:17:44,4,16.13,7,Red,jng,Kanavi,oe:player:41deab55354f57a94135989133f9968,Hanwha Life Esports,oe:team:3a1d18f46bcb3716ebcfcf4ef068934,1.0,Trundle,Vayne,Syndra,Pantheon,Pyke,Sylas,,,,,,1868,1,7,3,14,28,13,0.0,0.0,0.0,0.0,1.0,0.0,1.0,0.0,0.8994,1.3169,,,,,,,,,,,,,,,,,,,,,1.0,0.0,,,,,,,,,,0.0,0.0,14447,464.0364,0.171765,986.8522,940.0857,8865.0,11,0.3533,13,0.4176,10,58,1.863,13795,9709,311.8522,0.204762,11183,,,192.0,29.0,163,,,6.167,4208.0,3838.0,72.0,3704.0,4093.0,74.0,504.0,-255.0,-2.0,1.0,4.0,1.0,1.0,1.0,1.0,6383.0,5657.0,100.0,6153.0,6929.0,120.0,230.0,-1272.0,-20.0,4.0,7.0,2.0,2.0,1.0,2.0,8790.0,7943.0,132.0,7912.0,9271.0,159.0,878.0,-1328.0,-27.0,5.0,10.0,2.0,2.0,1.0,3.0,10419.0,10843.0,156.0,10112.0,11641.0,179.0,307.0,-798.0,-23.0,5.0,12.0,3.0,3.0,5.0,5.0
LOLTMNT01_424511,complete,,MSI,2026,,0,2026-07-12 10:17:44,4,16.13,8,Red,mid,Zeka,oe:player:f9cd2ef9afea5cda0eb3263a025cec1,Hanwha Life Esports,oe:team:3a1d18f46bcb3716ebcfcf4ef068934,1.0,Twisted Fate,Vayne,Syndra,Pantheon,Pyke,Sylas,,,,,,1868,1,7,1,12,28,13,1.0,0.0,0.0,0.0,0.0,0.0,0.0,0.0,0.8994,1.3169,,,,,,,,,,,,,,,,,,,,,0.0,0.0,,,,,,,,,,1.0,0.0,19289,619.561,0.229333,545.0107,293.4154,15376.0,12,0.3854,10,0.3212,2,37,1.1884,16733,12647,406.2206,0.266727,14925,,,279.0,275.0,4,,,8.9615,4200.0,5304.0,91.0,3782.0,5519.0,107.0,418.0,-215.0,-16.0,1.0,0.0,0.0,0.0,1.0,0.0,6406.0,8086.0,137.0,5836.0,7929.0,154.0,570.0,157.0,-17.0,1.0,5.0,0.0,1.0,1.0,0.0,9702.0,10751.0,185.0,7260.0,9674.0,186.0,2442.0,1077.0,-1.0,3.0,7.0,0.0,1.0,2.0,1.0,13308.0,15775.0,227.0,9116.0,12343.0,220.0,4192.0,3432.0,7.0,5.0,11.0,1.0,2.0,5.0,3.0
LOLTMNT01_424511,complete,,MSI,2026,,0,2026-07-12 10:17:44,4,16.13,9,Red,bot,Gumayusi,oe:player:c7319736816efe935787b4381c6f321,Hanwha Life Esports,oe:team:3a1d18f46bcb3716ebcfcf4ef068934,1.0,Ashe,Vayne,Syndra,Pantheon,Pyke,Sylas,,,,,,1868,1,4,4,10,28,13,0.0,0.0,0.0,0.0,1.0,1.0,0.0,0.0,0.8994,1.3169,,,,,,,,,,,,,,,,,,,,,0.0,0.0,,,,,,,,,,0.0,0.0,16507,530.2034,0.196257,488.5118,254.454,6686.0,20,0.6424,5,0.1606,10,46,1.4775,13850,9764,313.6188,0.205922,13275,,,267.0,257.0,10,,,8.576,4117.0,3774.0,95.0,4190.0,3828.0,91.0,-73.0,-54.0,4.0,1.0,1.0,0.0,1.0,1.0,1.0,6996.0,5885.0,143.0,6319.0,6274.0,141.0,677.0,-389.0,2.0,3.0,3.0,1.0,1.0,3.0,2.0,8841.0,8043.0,187.0,8233.0,8940.0,195.0,608.0,-897.0,-8.0,3.0,5.0,2.0,1.0,4.0,3.0,11356.0,10674.0,218.0,11836.0,11382.0,228.0,-480.0,-708.0,-10.0,4.0,9.0,3.0,4.0,6.0,4.0
LOLTMNT01_424511,complete,,MSI,2026,,0,2026-07-12 10:17:44,4,16.13,10,Red,sup,Delight,oe:player:051ca2e31ba25123961b3df95fdef4c,Hanwha Life Esports,oe:team:3a1d18f46bcb3716ebcfcf4ef068934,1.0,Seraphine,Vayne,Syndra,Pantheon,Pyke,Sylas,,,,,,1868,1,2,2,19,28,13,0.0,0.0,0.0,0.0,1.0,0.0,1.0,0.0,0.8994,1.3169,,,,,,,,,,,,,,,,,,,,,0.0,0.0,,,,,,,,,,0.0,0.0,6028,193.6188,0.0716689,353.9615,203.833,1558.0,59,1.8951,13,0.4176,21,130,4.1756,9640,5554,178.394,0.117131,8050,,,39.0,39.0,0,,,1.2527,2664.0,2635.0,17.0,2676.0,2236.0,11.0,-12.0,399.0,6.0,0.0,3.0,1.0,1.0,2.0,1.0,4201.0,3973.0,23.0,4053.0,2683.0,17.0,148.0,1290.0,6.0,1.0,6.0,1.0,1.0,4.0,5.0,5799.0,5723.0,29.0,5193.0,3323.0,20.0,606.0,2400.0,9.0,1.0,10.0,1.0,1.0,5.0,7.0,7520.0,8537.0,36.0,6399.0,5179.0,30.0,1121.0,3358.0,6.0,2.0,14.0,2.0,1.0,6.0,8.0
LOLTMNT01_424511,complete,,MSI,2026,,0,2026-07-12 10:17:44,4,16.13,100,Blue,team,,,Bilibili Gaming,oe:team:d356a144644879dabb5f34cd99c886d,0.0,,Gnar,Jayce,Vi,Aurora,Anivia,Mel,K'Sante,Kindred,Skarner,Taliyah,1868,0,13,28,29,13,28,1.0,0.0,0.0,0.0,0.0,,,,0.4176,1.3169,0.0,0.0,4.0,0.0,4.0,0.0,0.0,0.0,0.0,0.0,0.0,,0.0,0.0,1.0,1.0,0.0,0.0,3.0,0.0,0.0,1.0,0.0,0.0,0.0,2.0,10.0,1.0,0.0,14.0,41.0,0.0,1.0,79575,2555.9422,,3367.2591,3665.3961,11013.0,121,3.8865,51,1.6381,49,284,9.1221,56459,36027,1157.1842,,54773,-0.0999081,-2.66,,845.0,199,,,33.5332,17542.0,19988.0,359.0,19222.0,20003.0,355.0,-1680.0,-15.0,4.0,3.0,5.0,5.0,5.0,9.0,3.0,27428.0,31818.0,564.0,29615.0,31633.0,530.0,-2187.0,185.0,34.0,5.0,9.0,11.0,11.0,22.0,5.0,36057.0,42476.0,749.0,41368.0,44873.0,714.0,-5311.0,-2397.0,35.0,6.0,12.0,16.0,16.0,35.0,6.0,46220.0,53609.0,873.0,54067.0,62138.0,839.0,-7847.0,-8529.0,34.0,11.0,22.0,23.0,23.0,52.0,11.0
LOLTMNT01_424511,complete,,MSI,2026,,0,2026-07-12 10:17:44,4,16.13,200,Red,team,,,Hanwha Life Esports,oe:team:3a1d18f46bcb3716ebcfcf4ef068934,1.0,,Vayne,Syndra,Pantheon,Pyke,Sylas,Seraphine,Trundle,Ashe,Swain,Twisted Fate,1868,1,28,13,64,28,13,2.0,1.0,0.0,0.0,1.0,,,,0.8994,1.3169,1.0,4.0,0.0,4.0,0.0,1.0,0.0,2.0,0.0,0.0,1.0,,0.0,0.0,0.0,0.0,1.0,3.0,0.0,1.0,1.0,0.0,0.0,0.0,1.0,10.0,2.0,0.0,1.0,41.0,14.0,1.0,0.0,84109,2701.5739,,3437.8587,2505.5139,39511.0,116,3.7259,46,1.4775,45,305,9.7966,67846,47414,1522.9336,,60533,0.0999081,2.66,,828.0,181,,,32.409,19222.0,20003.0,355.0,17542.0,19988.0,359.0,1680.0,15.0,-4.0,5.0,9.0,3.0,3.0,5.0,5.0,29615.0,31633.0,530.0,27428.0,31818.0,564.0,2187.0,-185.0,-34.0,11.0,22.0,5.0,5.0,9.0,11.0,41368.0,44873.0,714.0,36057.0,42476.0,749.0,5311.0,2397.0,-35.0,16.0,35.0,6.0,6.0,12.0,16.0,54067.0,62138.0,839.0,46220.0,53609.0,873.0,7847.0,8529.0,-34.0,23.0,52.0,11.0,11.0,22.0,23.0
LOLTMNT01_424515,complete,,MSI,2026,,0,2026-07-12 11:11:20,5,16.13,1,Blue,top,Bin,oe:player:fb66ef5885b4be9323905b821dc3a42,Bilibili Gaming,oe:team:d356a144644879dabb5f34cd99c886d,1.0,Aatrox,Vayne,Kalista,Anivia,Yone,Zaahen,,,,,,2186,0,5,3,6,20,21,2.0,0.0,0.0,0.0,0.0,0.0,0.0,0.0,0.5489,1.1253,,,,,,,,,,,,,,,,,,,,,0.0,0.0,,,,,,,,,,0.0,1.0,40225,1104.0714,0.242978,1365.5627,1693.7237,8818.0,12,0.3294,6,0.1647,4,41,1.1253,16839,12104,332.2232,0.263986,16600,,,359.0,335.0,24,,,9.8536,3776.0,5410.0,106.0,3218.0,5069.0,84.0,558.0,341.0,22.0,0.0,0.0,0.0,0.0,0.0,0.0,5766.0,9363.0,170.0,4813.0,8430.0,136.0,953.0,933.0,34.0,0.0,0.0,0.0,0.0,0.0,0.0,7961.0,12825.0,232.0,7065.0,12158.0,203.0,896.0,667.0,29.0,0.0,1.0,0.0,0.0,0.0,0.0,9902.0,16211.0,294.0,8757.0,14920.0,247.0,1145.0,1291.0,47.0,0.0,1.0,0.0,0.0,0.0,0.0
LOLTMNT01_424515,complete,,MSI,2026,,0,2026-07-12 11:11:20,5,16.13,2,Blue,jng,Xun,oe:player:fbdc4428b2d095c83aebeed5da4e4b2,Bilibili Gaming,oe:team:d356a144644879dabb5f34cd99c886d,1.0,Vi,Vayne,Kalista,Anivia,Yone,Zaahen,,,,,,2186,0,2,5,13,20,21,1.0,0.0,0.0,0.0,1.0,0.0,1.0,0.0,0.5489,1.1253,,,,,,,,,,,,,,,,,,,,,0.0,2.0,,,,,,,,,,0.0,0.0,29193,801.2717,0.176339,1010.6679,1324.8856,2060.0,11,0.3019,9,0.247,8,44,1.2077,13435,8700,238.7923,0.189745,13300,,,229.0,17.0,212,,,6.2855,3510.0,4255.0,77.0,3285.0,3896.0,73.0,225.0,359.0,4.0,0.0,2.0,0.0,0.0,0.0,0.0,5165.0,6357.0,115.0,5233.0,6607.0,117.0,-68.0,-250.0,-2.0,0.0,3.0,1.0,0.0,3.0,0.0,7436.0,9234.0,157.0,7106.0,9297.0,160.0,330.0,-63.0,-3.0,0.0,6.0,1.0,0.0,4.0,1.0,8728.0,10549.0,178.0,8927.0,11658.0,202.0,-199.0,-1109.0,-24.0,0.0,6.0,2.0,0.0,5.0,1.0
LOLTMNT01_424515,complete,,MSI,2026,,0,2026-07-12 11:11:20,5,16.13,3,Blue,mid,Knight,oe:player:ed29043422e3c515e1cb292464b990b,Bilibili Gaming,oe:team:d356a144644879dabb5f34cd99c886d,1.0,Aurora,Vayne,Kalista,Anivia,Yone,Zaahen,,,,,,2186,0,7,3,7,20,21,1.0,0.0,0.0,0.0,1.0,1.0,0.0,0.0,0.5489,1.1253,,,,,,,,,,,,,,,,,,,,,0.0,0.0,,,,,,,,,,0.0,0.0,50498,1386.0384,0.305032,623.7694,305.9012,4827.0,5,0.1372,11,0.3019,2,44,1.2077,14733,9998,274.419,0.218054,13850,,,285.0,277.0,8,,,7.8225,3863.0,5037.0,94.0,3526.0,4714.0,94.0,337.0,323.0,0.0,1.0,1.0,0.0,0.0,0.0,0.0,5615.0,7322.0,140.0,5395.0,7167.0,135.0,220.0,155.0,5.0,1.0,2.0,0.0,1.0,2.0,0.0,8373.0,10078.0,187.0,7056.0,9403.0,168.0,1317.0,675.0,19.0,3.0,3.0,0.0,2.0,2.0,1.0,10050.0,12493.0,230.0,8374.0,11268.0,200.0,1676.0,1225.0,30.0,3.0,3.0,0.0,2.0,3.0,1.0
LOLTMNT01_424515,complete,,MSI,2026,,0,2026-07-12 11:11:20,5,16.13,4,Blue,bot,Viper,oe:player:9573154ad8bc9459b4c0d940315054f,Bilibili Gaming,oe:team:d356a144644879dabb5f34cd99c886d,1.0,Miss Fortune,Vayne,Kalista,Anivia,Yone,Zaahen,,,,,,2186,0,3,7,10,20,21,0.0,0.0,0.0,0.0,1.0,0.0,1.0,0.0,0.5489,1.1253,,,,,,,,,,,,,,,,,,,,,0.0,0.0,,,,,,,,,,0.0,0.0,28421,780.0823,0.171676,509.2589,519.9634,0.0,20,0.5489,11,0.3019,7,60,1.6468,14029,9294,255.0961,0.2027,13625,,,300.0,288.0,12,,,8.2342,3416.0,3336.0,73.0,4004.0,3538.0,95.0,-588.0,-202.0,-22.0,1.0,1.0,0.0,1.0,0.0,1.0,5319.0,5371.0,120.0,6634.0,5305.0,138.0,-1315.0,66.0,-18.0,2.0,1.0,1.0,3.0,1.0,2.0,7859.0,8517.0,178.0,8795.0,7533.0,202.0,-936.0,984.0,-24.0,2.0,4.0,2.0,3.0,2.0,3.0,9870.0,11027.0,238.0,11343.0,10268.0,270.0,-1473.0,759.0,-32.0,2.0,4.0,2.0,4.0,2.0,3.0
LOLTMNT01_424515,complete,,MSI,2026,,0,2026-07-12 11:11:20,5,16.13,5,Blue,sup,ON,oe:player:90651ebea9a35ec4e018c8157492e17,Bilibili Gaming,oe:team:d356a144644879dabb5f34cd99c886d,1.0,Neeko,Vayne,Kalista,Anivia,Yone,Zaahen,,,,,,2186,0,3,3,11,20,21,0.0,0.0,0.0,0.0,1.0,0.0,1.0,0.0,0.5489,1.1253,,,,,,,,,,,,,,,,,,,,,0.0,0.0,,,,,,,,,,0.0,0.0,17213,472.452,0.103975,568.71,350.0915,0.0,88,2.4154,31,0.8509,32,190,5.215,10490,5755,157.9597,0.125515,9800,,,50.0,50.0,0,,,1.3724,2543.0,2284.0,14.0,2689.0,2931.0,14.0,-146.0,-647.0,0.0,0.0,2.0,1.0,0.0,1.0,1.0,3688.0,3334.0,23.0,4041.0,4371.0,23.0,-353.0,-1037.0,0.0,0.0,3.0,2.0,0.0,4.0,1.0,5345.0,4425.0,32.0,5288.0,6158.0,33.0,57.0,-1733.0,-1.0,1.0,4.0,2.0,0.0,5.0,1.0,6537.0,5141.0,37.0,6382.0,7956.0,35.0,155.0,-2815.0,2.0,1.0,4.0,2.0,0.0,6.0,1.0
LOLTMNT01_424515,complete,,MSI,2026,,0,2026-07-12 11:11:20,5,16.13,6,Red,top,Zeus,oe:player:98dd15c330fb5abb4508347265a7f76,Hanwha Life Esports,oe:team:3a1d18f46bcb3716ebcfcf4ef068934,0.0,Dr. Mundo,Jayce,Syndra,Gnar,Nautilus,Rell,,,,,,2186,1,4,1,5,21,20,0.0,0.0,0.0,0.0,0.0,0.0,0.0,0.0,0.5764,1.1253,,,,,,,,,,,,,,,,,,,,,0.0,0.0,,,,,,,,,,1.0,0.0,36682,1006.8253,0.286158,2098.0238,1905.9469,21221.0,15,0.4117,7,0.1921,5,47,1.29,15283,10548,289.5151,0.213986,14725,,,302.0,294.0,8,,,8.2891,3218.0,5069.0,84.0,3776.0,5410.0,106.0,-558.0,-341.0,-22.0,0.0,0.0,0.0,0.0,0.0,0.0,4813.0,8430.0,136.0,5766.0,9363.0,170.0,-953.0,-933.0,-34.0,0.0,0.0,0.0,0.0,0.0,0.0,7065.0,12158.0,203.0,7961.0,12825.0,232.0,-896.0,-667.0,-29.0,0.0,0.0,0.0,0.0,1.0,0.0,8757.0,14920.0,247.0,9902.0,16211.0,294.0,-1145.0,-1291.0,-47.0,0.0,0.0,0.0,0.0,1.0,0.0
LOLTMNT01_424515,complete,,MSI,2026,,0,2026-07-12 11:11:20,5,16.13,7,Red,jng,Kanavi,oe:player:41deab55354f57a94135989133f9968,Hanwha Life Esports,oe:team:3a1d18f46bcb3716ebcfcf4ef068934,0.0,Pantheon,Jayce,Syndra,Gnar,Nautilus,Rell,,,,,,2186,1,5,4,11,21,20,1.0,0.0,0.0,0.0,0.0,0.0,0.0,0.0,0.5764,1.1253,,,,,,,,,,,,,,,,,,,,,2.0,0.0,,,,,,,,,,0.0,0.0,29837,818.9478,0.23276,1091.4456,1036.2214,52.0,12,0.3294,12,0.3294,10,61,1.6743,15246,10511,288.4995,0.213235,12800,,,258.0,19.0,239,,,7.0814,3285.0,3896.0,73.0,3510.0,4255.0,77.0,-225.0,-359.0,-4.0,0.0,0.0,0.0,0.0,2.0,0.0,5233.0,6607.0,117.0,5165.0,6357.0,115.0,68.0,250.0,2.0,0.0,3.0,0.0,0.0,3.0,1.0,7106.0,9297.0,160.0,7436.0,9234.0,157.0,-330.0,63.0,3.0,0.0,4.0,1.0,0.0,6.0,1.0,8927.0,11658.0,202.0,8728.0,10549.0,178.0,199.0,1109.0,24.0,0.0,5.0,1.0,0.0,6.0,2.0
LOLTMNT01_424515,complete,,MSI,2026,,0,2026-07-12 11:11:20,5,16.13,8,Red,mid,Zeka,oe:player:f9cd2ef9afea5cda0eb3263a025cec1,Hanwha Life Esports,oe:team:3a1d18f46bcb3716ebcfcf4ef068934,0.0,Sylas,Jayce,Syndra,Gnar,Nautilus,Rell,,,,,,2186,1,7,4,8,21,20,1.0,0.0,0.0,0.0,0.0,0.0,0.0,0.0,0.5764,1.1253,,,,,,,,,,,,,,,,,,,,,0.0,0.0,,,,,,,,,,0.0,0.0,24694,677.7859,0.192639,1082.3879,776.5142,4458.0,12,0.3294,6,0.1647,7,40,1.0979,13618,8883,243.8152,0.180208,12875,,,241.0,237.0,4,,,6.6148,3526.0,4714.0,94.0,3863.0,5037.0,94.0,-337.0,-323.0,0.0,0.0,0.0,0.0,1.0,1.0,0.0,5395.0,7167.0,135.0,5615.0,7322.0,140.0,-220.0,-155.0,-5.0,1.0,2.0,0.0,1.0,2.0,0.0,7056.0,9403.0,168.0,8373.0,10078.0,187.0,-1317.0,-675.0,-19.0,2.0,2.0,1.0,3.0,3.0,0.0,8374.0,11268.0,200.0,10050.0,12493.0,230.0,-1676.0,-1225.0,-30.0,2.0,3.0,1.0,3.0,3.0,0.0
LOLTMNT01_424515,complete,,MSI,2026,,0,2026-07-12 11:11:20,5,16.13,9,Red,bot,Gumayusi,oe:player:c7319736816efe935787b4381c6f321,Hanwha Life Esports,oe:team:3a1d18f46bcb3716ebcfcf4ef068934,0.0,Yunara,Jayce,Syndra,Gnar,Nautilus,Rell,,,,,,2186,1,4,6,12,21,20,1.0,0.0,0.0,0.0,0.0,0.0,0.0,0.0,0.5764,1.1253,,,,,,,,,,,,,,,,,,,,,0.0,0.0,,,,,,,,,,0.0,0.0,30291,831.409,0.236301,685.3065,499.5151,10245.0,16,0.4392,17,0.4666,6,51,1.3998,18017,13282,364.5563,0.26945,16050,,,391.0,383.0,8,,,10.7319,4004.0,3538.0,95.0,3416.0,3336.0,73.0,588.0,202.0,22.0,1.0,0.0,1.0,1.0,1.0,0.0,6634.0,5305.0,138.0,5319.0,5371.0,120.0,1315.0,-66.0,18.0,3.0,1.0,2.0,2.0,1.0,1.0,8795.0,7533.0,202.0,7859.0,8517.0,178.0,936.0,-984.0,24.0,3.0,2.0,3.0,2.0,4.0,2.0,11343.0,10268.0,270.0,9870.0,11027.0,238.0,1473.0,-759.0,32.0,4.0,2.0,3.0,2.0,4.0,2.0
LOLTMNT01_424515,complete,,MSI,2026,,0,2026-07-12 11:11:20,5,16.13,10,Red,sup,Delight,oe:player:051ca2e31ba25123961b3df95fdef4c,Hanwha Life Esports,oe:team:3a1d18f46bcb3716ebcfcf4ef068934,0.0,Lulu,Jayce,Syndra,Gnar,Nautilus,Rell,,,,,,2186,1,1,5,17,21,20,0.0,0.0,0.0,0.0,0.0,0.0,0.0,1.0,0.5764,1.1253,,,,,,,,,,,,,,,,,,,,,0.0,0.0,,,,,,,,,,0.0,0.0,6684,183.4584,0.0521422,498.9661,205.1693,1684.0,78,2.1409,20,0.5489,28,158,4.3367,10804,6069,166.5782,0.123121,9735,,,37.0,37.0,0,,,1.0156,2689.0,2931.0,14.0,2543.0,2284.0,14.0,146.0,647.0,0.0,0.0,1.0,1.0,0.0,2.0,1.0,4041.0,4371.0,23.0,3688.0,3334.0,23.0,353.0,1037.0,0.0,0.0,4.0,1.0,0.0,3.0,2.0,5288.0,6158.0,33.0,5345.0,4425.0,32.0,-57.0,1733.0,1.0,0.0,5.0,1.0,1.0,4.0,2.0,6382.0,7956.0,35.0,6537.0,5141.0,37.0,-155.0,2815.0,-2.0,0.0,6.0,1.0,1.0,4.0,2.0
LOLTMNT01_424515,complete,,MSI,2026,,0,2026-07-12 11:11:20,5,16.13,100,Blue,team,,,Bilibili Gaming,oe:team:d356a144644879dabb5f34cd99c886d,1.0,,Vayne,Kalista,Anivia,Yone,Zaahen,Vi,Aurora,Aatrox,Miss Fortune,Neeko,2186,0,20,21,47,20,21,4.0,0.0,0.0,0.0,1.0,,,,0.5489,1.1253,1.0,2.0,3.0,2.0,3.0,1.0,0.0,0.0,0.0,1.0,0.0,,0.0,0.0,1.0,1.0,0.0,0.0,3.0,0.0,0.0,2.0,0.0,0.0,1.0,4.0,8.0,1.0,0.0,22.0,32.0,0.0,1.0,165550,4543.9158,,4077.9689,4194.5654,15705.0,136,3.7328,68,1.8664,53,379,10.4026,69526,45851,1258.4904,,67175,0.014847,0.11,,967.0,256,,,33.5682,17108.0,20322.0,364.0,16722.0,20148.0,360.0,386.0,174.0,4.0,2.0,6.0,1.0,1.0,1.0,2.0,25553.0,31747.0,568.0,26116.0,31880.0,549.0,-563.0,-133.0,19.0,3.0,9.0,4.0,4.0,10.0,3.0,36974.0,45079.0,786.0,35310.0,44549.0,766.0,1664.0,530.0,20.0,6.0,18.0,5.0,5.0,13.0,6.0,45087.0,55421.0,977.0,43783.0,56070.0,954.0,1304.0,-649.0,23.0,6.0,18.0,6.0,6.0,16.0,6.0
LOLTMNT01_424515,complete,,MSI,2026,,0,2026-07-12 11:11:20,5,16.13,200,Red,team,,,Hanwha Life Esports,oe:team:3a1d18f46bcb3716ebcfcf4ef068934,0.0,,Jayce,Syndra,Gnar,Nautilus,Rell,Lulu,Yunara,Pantheon,Sylas,Dr. Mundo,2186,1,21,20,53,21,20,3.0,0.0,0.0,0.0,0.0,,,,0.5764,1.1253,0.0,3.0,2.0,3.0,2.0,0.0,0.0,0.0,1.0,2.0,0.0,,0.0,0.0,0.0,0.0,1.0,3.0,0.0,1.0,2.0,0.0,0.0,0.0,0.0,8.0,4.0,0.0,1.0,32.0,22.0,1.0,0.0,128188,3518.4263,,5456.1299,4423.3669,37660.0,133,3.6505,62,1.7017,56,357,9.7987,72968,49293,1352.9643,,66185,-0.014847,-0.11,,970.0,259,,,33.7328,16722.0,20148.0,360.0,17108.0,20322.0,364.0,-386.0,-174.0,-4.0,1.0,1.0,2.0,2.0,6.0,1.0,26116.0,31880.0,549.0,25553.0,31747.0,568.0,563.0,133.0,-19.0,4.0,10.0,3.0,3.0,9.0,4.0,35310.0,44549.0,766.0,36974.0,45079.0,786.0,-1664.0,-530.0,-20.0,5.0,13.0,6.0,6.0,18.0,5.0,43783.0,56070.0,954.0,45087.0,55421.0,977.0,-1304.0,649.0,-23.0,6.0,16.0,6.0,6.0,18.0,6.0
